age,job,marital,education,default,balance,housing,loan,contact,day,month,duration,campaign,pdays,previous,poutcome,subscription to term deposit
38.0,unemployed,single,secondary,no,789.0,yes,no,cellular,14.0,jul,57.0,4.0,-1.0,0.0,unknown,yes
29.0,blue-collar,married,unknown,no,59.0,no,no,cellular,18.0,may,14.0,1.0,-1.0,0.0,unknown,no
29.0,management,married,tertiary,no,0.0,no,no,cellular,23.0,aug,6.0,1.0,-1.0,0.0,unknown,yes
26.0,services,single,secondary,no,685.0,yes,no,cellular,11.0,may,584.0,1.0,-1.0,0.0,unknown,no
51.0,services,single,tertiary,no,-31.0,yes,yes,cellular,16.0,may,12.0,1.0,-1.0,0.0,unknown,no
44.0,management,married,secondary,no,879.0,yes,no,unknown,13.0,aug,1087.0,1.0,-1.0,0.0,unknown,no
44.0,blue-collar,single,secondary,no,6.0,no,no,cellular,7.0,jun,12.0,2.0,-1.0,0.0,failure,no
30.0,technician,married,secondary,no,549.0,no,no,cellular,23.0,aug,2.0,1.0,-1.0,0.0,unknown,no
35.0,management,single,tertiary,no,481.0,no,no,cellular,19.0,may,107.0,2.0,-1.0,0.0,unknown,no
50.0,blue-collar,married,secondary,no,-157.0,no,yes,unknown,19.0,may,59.0,1.0,-1.0,0.0,unknown,yes
40.0,management,married,secondary,no,2.0,yes,yes,unknown,21.0,jun,467.0,1.0,-1.0,0.0,unknown,no
54.0,services,married,secondary,no,0.0,yes,no,cellular,20.0,may,101.0,2.0,-1.0,0.0,unknown,yes
40.0,retired,single,secondary,no,4165.0,yes,no,unknown,12.0,jul,2.0,1.0,-1.0,0.0,unknown,no
37.0,management,single,secondary,no,0.0,no,no,cellular,7.0,aug,461.0,1.0,-1.0,0.0,unknown,no
51.0,technician,single,secondary,no,0.0,yes,no,unknown,10.0,may,1079.0,2.0,-1.0,0.0,unknown,no
51.0,management,married,secondary,no,814.0,no,no,unknown,21.0,aug,152.0,3.0,-1.0,0.0,unknown,no
44.0,blue-collar,married,secondary,no,599.0,no,no,unknown,8.0,sep,113.0,1.0,-1.0,0.0,unknown,no
43.0,technician,divorced,secondary,no,472.0,yes,no,cellular,20.0,may,139.0,1.0,-1.0,0.0,unknown,no
30.0,management,married,secondary,no,11.0,no,no,cellular,15.0,jun,572.0,1.0,-1.0,0.0,previous,no
32.0,services,married,secondary,no,4141.0,yes,no,cellular,10.0,feb,158.0,2.0,-1.0,0.0,unknown,no
35.0,management,married,tertiary,no,868.0,no,no,cellular,14.0,jun,10.0,2.0,-1.0,0.0,unknown,no
41.0,student,single,tertiary,no,1749.0,no,no,unknown,18.0,may,0.0,3.0,-1.0,0.0,unknown,no
44.0,blue-collar,married,secondary,no,732.0,no,no,cellular,12.0,feb,112.0,2.0,-1.0,0.0,unknown,no
57.0,management,divorced,tertiary,no,-28.0,yes,no,cellular,16.0,may,159.0,1.0,-1.0,0.0,unknown,no
52.0,admin.,married,unknown,no,634.0,no,no,unknown,14.0,apr,94.0,1.0,-1.0,3.0,unknown,yes
25.0,blue-collar,married,tertiary,no,631.0,yes,no,cellular,20.0,nov,73.0,2.0,-1.0,0.0,unknown,no
51.0,housemaid,divorced,tertiary,no,12.0,no,no,cellular,13.0,may,114.0,2.0,-1.0,0.0,unknown,yes
50.0,management,single,secondary,no,0.0,yes,no,cellular,28.0,may,1084.0,2.0,-1.0,0.0,other,no
37.0,admin.,single,secondary,no,16.0,no,no,cellular,29.0,may,7.0,1.0,-1.0,0.0,unknown,no
52.0,blue-collar,married,secondary,no,4.0,no,no,cellular,11.0,may,178.0,2.0,-1.0,0.0,unknown,no
39.0,admin.,single,tertiary,no,2874.0,yes,no,unknown,15.0,feb,48.0,3.0,-1.0,0.0,unknown,no
46.0,blue-collar,married,secondary,no,7.0,yes,no,cellular,29.0,apr,159.0,2.0,-1.0,0.0,unknown,no
45.0,management,married,tertiary,no,466.0,no,yes,cellular,9.0,jun,97.0,2.0,-1.0,0.0,unknown,no
29.0,blue-collar,single,secondary,no,-141.0,no,no,cellular,5.0,feb,684.0,1.0,-1.0,1.0,unknown,no
57.0,management,divorced,secondary,no,577.0,yes,no,cellular,22.0,jul,116.0,2.0,-1.0,0.0,unknown,no
36.0,blue-collar,divorced,secondary,no,616.0,yes,no,cellular,20.0,jul,746.0,2.0,-1.0,3.0,unknown,no
47.0,technician,married,unknown,no,2.0,no,no,unknown,9.0,may,4.0,1.0,-1.0,0.0,unknown,no
37.0,unemployed,single,secondary,no,1630.0,no,no,unknown,27.0,jul,9.0,2.0,-1.0,0.0,unknown,no
53.0,retired,married,secondary,no,-119.0,yes,no,unknown,18.0,may,240.0,1.0,-1.0,0.0,unknown,no
43.0,blue-collar,married,secondary,no,1282.0,no,no,cellular,21.0,oct,628.0,1.0,-1.0,0.0,unknown,no
37.0,management,divorced,tertiary,no,0.0,yes,yes,cellular,3.0,may,95.0,1.0,-1.0,0.0,unknown,no
34.0,management,married,tertiary,no,437.0,no,no,cellular,13.0,may,50.0,1.0,-1.0,0.0,failure,no
39.0,blue-collar,single,tertiary,no,14.0,no,no,unknown,21.0,nov,124.0,3.0,-1.0,0.0,unknown,no
42.0,admin.,married,secondary,no,18.0,yes,no,cellular,4.0,jul,3.0,2.0,-1.0,0.0,unknown,no
42.0,technician,married,secondary,no,0.0,no,no,telephone,12.0,may,110.0,3.0,-1.0,0.0,unknown,yes
31.0,blue-collar,married,secondary,no,-37.0,no,no,unknown,28.0,jul,171.0,2.0,-1.0,1.0,unknown,no
37.0,management,married,tertiary,no,515.0,no,no,cellular,19.0,feb,661.0,1.0,-1.0,0.0,unknown,no
26.0,technician,married,secondary,no,8.0,no,no,cellular,20.0,may,454.0,5.0,-1.0,2.0,unknown,no
31.0,management,single,secondary,no,-1376.0,yes,no,cellular,24.0,apr,121.0,2.0,-1.0,0.0,unknown,no
54.0,management,married,secondary,no,1612.0,no,no,cellular,28.0,aug,816.0,2.0,-1.0,0.0,unknown,no
35.0,admin.,married,secondary,no,896.0,yes,no,cellular,14.0,nov,559.0,1.0,-1.0,0.0,unknown,no
28.0,management,married,tertiary,no,47.0,no,no,unknown,1.0,may,124.0,4.0,-1.0,0.0,unknown,no
24.0,blue-collar,married,primary,no,16.0,yes,no,cellular,6.0,may,93.0,1.0,-1.0,0.0,unknown,no
37.0,technician,married,secondary,no,923.0,yes,no,cellular,19.0,nov,123.0,2.0,-1.0,0.0,unknown,no
47.0,admin.,divorced,secondary,no,0.0,yes,no,unknown,14.0,jun,474.0,2.0,-1.0,0.0,unknown,yes
40.0,management,married,secondary,no,2121.0,yes,no,cellular,26.0,aug,116.0,1.0,-1.0,0.0,unknown,no
56.0,blue-collar,married,tertiary,no,1187.0,no,no,cellular,7.0,may,48.0,1.0,-1.0,0.0,unknown,no
31.0,blue-collar,single,unknown,no,1921.0,yes,no,unknown,2.0,may,13.0,3.0,-1.0,0.0,unknown,no
41.0,management,single,secondary,no,-241.0,yes,no,unknown,5.0,jul,10.0,1.0,-1.0,0.0,unknown,no
37.0,management,married,secondary,no,-4.0,no,no,cellular,6.0,jul,121.0,1.0,-1.0,0.0,unknown,no
51.0,blue-collar,married,secondary,no,5.0,yes,no,cellular,7.0,jul,210.0,2.0,-1.0,0.0,unknown,no
53.0,management,married,secondary,no,712.0,yes,no,cellular,20.0,jul,168.0,1.0,-1.0,0.0,unknown,no
50.0,technician,married,tertiary,no,-317.0,yes,no,cellular,29.0,may,11.0,1.0,-1.0,0.0,unknown,no
37.0,services,single,primary,no,8.0,yes,no,unknown,9.0,may,169.0,2.0,-1.0,0.0,unknown,no
40.0,blue-collar,single,secondary,no,715.0,no,no,cellular,28.0,may,124.0,2.0,-1.0,0.0,unknown,no
33.0,services,married,secondary,no,4034.0,yes,no,unknown,4.0,may,245.0,2.0,-1.0,0.0,unknown,no
30.0,blue-collar,married,secondary,no,0.0,yes,no,cellular,3.0,jul,171.0,5.0,-1.0,0.0,failure,no
33.0,management,single,tertiary,no,461.0,yes,no,telephone,19.0,may,124.0,3.0,-1.0,0.0,unknown,no
37.0,entrepreneur,divorced,tertiary,no,468.0,yes,no,unknown,21.0,aug,112.0,2.0,-1.0,0.0,unknown,no
44.0,technician,divorced,secondary,no,4.0,no,no,cellular,29.0,feb,97.0,2.0,-1.0,1.0,unknown,no
21.0,admin.,married,secondary,no,573.0,no,no,unknown,4.0,aug,462.0,2.0,-1.0,0.0,unknown,no
48.0,management,married,secondary,no,752.0,yes,no,cellular,19.0,aug,612.0,1.0,-1.0,0.0,unknown,no
37.0,blue-collar,single,secondary,no,0.0,no,no,cellular,6.0,jun,5.0,2.0,-1.0,0.0,failure,yes
40.0,admin.,married,tertiary,no,1330.0,no,no,cellular,6.0,jun,574.0,6.0,-1.0,0.0,unknown,no
37.0,admin.,single,tertiary,no,912.0,no,no,cellular,7.0,feb,107.0,3.0,-1.0,0.0,failure,no
42.0,management,single,primary,no,0.0,yes,no,cellular,29.0,mar,168.0,1.0,-1.0,0.0,unknown,no
34.0,blue-collar,married,secondary,no,3.0,yes,no,unknown,18.0,jun,81.0,2.0,-1.0,0.0,unknown,no
45.0,management,single,tertiary,no,7.0,no,no,cellular,7.0,may,6.0,1.0,-1.0,0.0,failure,no
25.0,admin.,married,secondary,no,8.0,no,no,unknown,13.0,may,14.0,1.0,-1.0,0.0,unknown,no
26.0,management,married,secondary,no,679.0,yes,no,cellular,14.0,jul,1463.0,1.0,-1.0,0.0,unknown,no
39.0,management,divorced,tertiary,no,789.0,no,no,cellular,10.0,may,3.0,1.0,-1.0,0.0,unknown,no
46.0,admin.,married,secondary,no,-312.0,no,yes,unknown,4.0,may,152.0,2.0,-1.0,0.0,unknown,no
55.0,management,married,secondary,no,2.0,yes,no,cellular,14.0,nov,112.0,2.0,-1.0,1.0,unknown,no
32.0,technician,married,secondary,no,3620.0,no,no,unknown,9.0,aug,152.0,1.0,-1.0,0.0,unknown,yes
30.0,management,married,secondary,no,0.0,yes,no,unknown,8.0,may,7.0,2.0,-1.0,0.0,other,yes
54.0,management,single,primary,no,488.0,yes,yes,unknown,4.0,jul,151.0,2.0,-1.0,0.0,unknown,no
29.0,services,single,secondary,no,0.0,no,no,cellular,7.0,jul,13.0,1.0,-1.0,0.0,unknown,no
40.0,blue-collar,single,secondary,no,857.0,yes,no,unknown,14.0,may,13.0,2.0,-1.0,0.0,unknown,yes
31.0,technician,married,secondary,no,886.0,no,no,unknown,4.0,may,518.0,1.0,-1.0,0.0,unknown,no
29.0,management,married,secondary,no,621.0,no,no,cellular,20.0,may,164.0,2.0,-1.0,0.0,unknown,yes
36.0,technician,married,secondary,no,5.0,yes,no,cellular,16.0,jan,139.0,2.0,-1.0,0.0,unknown,no
32.0,technician,married,secondary,no,5.0,yes,no,cellular,18.0,jul,487.0,1.0,-1.0,0.0,unknown,no
39.0,technician,married,secondary,no,2420.0,yes,no,cellular,31.0,aug,130.0,1.0,-1.0,0.0,failure,no
37.0,blue-collar,married,unknown,no,0.0,yes,no,unknown,17.0,jun,158.0,1.0,-1.0,0.0,unknown,no
40.0,management,single,secondary,no,4.0,no,no,cellular,5.0,aug,0.0,2.0,-1.0,0.0,unknown,no
32.0,technician,married,secondary,no,449.0,no,no,cellular,5.0,aug,101.0,16.0,-1.0,0.0,unknown,no
40.0,blue-collar,single,secondary,no,0.0,yes,no,cellular,9.0,may,109.0,2.0,-1.0,0.0,unknown,no
54.0,management,married,secondary,no,40.0,no,no,unknown,21.0,may,169.0,3.0,-1.0,0.0,unknown,no
49.0,technician,married,secondary,no,10.0,no,no,cellular,5.0,may,151.0,3.0,-1.0,0.0,unknown,no
43.0,single,married,unknown,no,699.0,yes,no,cellular,6.0,may,604.0,4.0,-1.0,0.0,unknown,no
33.0,services,married,tertiary,no,564.0,yes,no,unknown,3.0,may,8.0,1.0,-1.0,0.0,unknown,no
40.0,technician,married,primary,no,0.0,yes,no,cellular,29.0,may,546.0,2.0,-1.0,0.0,unknown,no
49.0,blue-collar,married,secondary,no,1284.0,no,no,cellular,16.0,may,108.0,2.0,-1.0,6.0,unknown,no
27.0,management,married,secondary,no,12.0,no,yes,cellular,2.0,nov,83.0,1.0,179.0,0.0,failure,no
48.0,management,married,secondary,no,1349.0,no,no,cellular,17.0,jul,121.0,1.0,-1.0,0.0,success,no
27.0,technician,married,secondary,no,752.0,yes,no,cellular,15.0,aug,957.0,4.0,-1.0,0.0,unknown,no
55.0,management,divorced,tertiary,no,0.0,no,no,cellular,11.0,aug,87.0,1.0,-1.0,0.0,unknown,no
52.0,management,single,secondary,no,1133.0,yes,no,cellular,20.0,may,167.0,1.0,-1.0,0.0,unknown,no
48.0,management,married,primary,no,9.0,no,no,unknown,2.0,jul,617.0,1.0,-1.0,0.0,unknown,no
56.0,admin.,married,secondary,no,5835.0,yes,no,cellular,10.0,jun,24.0,2.0,-1.0,0.0,failure,no
31.0,admin.,married,tertiary,no,621.0,yes,no,unknown,20.0,aug,124.0,2.0,-1.0,0.0,unknown,no
37.0,blue-collar,married,secondary,no,437.0,yes,no,cellular,18.0,jul,10.0,2.0,-1.0,0.0,unknown,no
55.0,services,married,tertiary,no,8.0,yes,no,unknown,10.0,may,130.0,1.0,-1.0,0.0,unknown,yes
35.0,admin.,divorced,secondary,no,0.0,no,no,unknown,18.0,may,132.0,2.0,-1.0,1.0,unknown,no
52.0,management,married,secondary,no,4.0,yes,yes,cellular,8.0,aug,488.0,1.0,-1.0,2.0,failure,no
53.0,management,single,tertiary,no,623.0,no,no,unknown,17.0,may,168.0,1.0,-1.0,0.0,unknown,no
28.0,technician,married,secondary,no,4.0,no,no,cellular,18.0,jun,1091.0,2.0,-1.0,0.0,unknown,no
37.0,blue-collar,married,secondary,no,6.0,no,no,cellular,7.0,aug,469.0,1.0,-1.0,0.0,unknown,no
43.0,unknown,married,secondary,no,2.0,no,no,cellular,22.0,feb,164.0,3.0,-1.0,0.0,unknown,yes
32.0,blue-collar,married,tertiary,no,49.0,no,no,cellular,3.0,may,718.0,4.0,-1.0,0.0,unknown,no
53.0,management,married,tertiary,no,489.0,no,no,cellular,16.0,aug,-1.0,2.0,-1.0,0.0,unknown,no
50.0,technician,married,secondary,no,816.0,no,no,telephone,17.0,may,1352.0,1.0,-1.0,0.0,unknown,no
38.0,blue-collar,divorced,tertiary,no,0.0,yes,no,unknown,11.0,aug,602.0,2.0,-1.0,0.0,unknown,no
28.0,management,single,secondary,no,762.0,no,no,unknown,20.0,may,169.0,1.0,-1.0,0.0,unknown,no
26.0,management,married,secondary,no,1218.0,no,no,cellular,5.0,jun,1283.0,3.0,-1.0,0.0,unknown,no
34.0,technician,married,secondary,no,25.0,yes,no,cellular,5.0,aug,126.0,3.0,-1.0,0.0,unknown,no
41.0,admin.,single,secondary,no,17.0,no,no,cellular,30.0,may,101.0,4.0,-1.0,1.0,unknown,no
36.0,management,single,primary,no,1314.0,no,yes,unknown,20.0,may,130.0,2.0,-1.0,0.0,unknown,no
34.0,blue-collar,divorced,primary,no,16.0,yes,no,cellular,6.0,may,554.0,1.0,-1.0,0.0,failure,no
40.0,blue-collar,married,tertiary,no,2628.0,yes,no,unknown,5.0,jun,183.0,2.0,-1.0,0.0,unknown,no
32.0,blue-collar,single,tertiary,no,489.0,yes,no,telephone,20.0,jul,843.0,5.0,-1.0,0.0,unknown,yes
29.0,blue-collar,married,secondary,no,488.0,no,no,unknown,17.0,may,58.0,1.0,-1.0,0.0,unknown,yes
45.0,management,single,tertiary,no,884.0,yes,yes,cellular,17.0,aug,127.0,1.0,-1.0,0.0,unknown,no
35.0,self-employed,married,secondary,no,-231.0,yes,no,unknown,14.0,may,124.0,1.0,-1.0,0.0,unknown,no
35.0,technician,married,secondary,no,472.0,yes,no,cellular,13.0,may,152.0,1.0,-1.0,0.0,unknown,no
44.0,self-employed,married,tertiary,no,0.0,no,no,unknown,20.0,nov,101.0,1.0,-1.0,0.0,unknown,no
40.0,blue-collar,married,tertiary,no,21.0,yes,no,cellular,18.0,may,60.0,1.0,-1.0,0.0,unknown,no
37.0,technician,married,secondary,no,7.0,no,no,cellular,16.0,aug,718.0,1.0,-1.0,0.0,failure,no
40.0,technician,married,secondary,no,1262.0,no,no,cellular,6.0,aug,603.0,3.0,-1.0,0.0,unknown,no
49.0,management,married,secondary,no,10.0,yes,no,cellular,2.0,jun,124.0,1.0,-1.0,0.0,unknown,no
43.0,retired,married,primary,no,5.0,no,no,unknown,19.0,may,495.0,3.0,-1.0,0.0,unknown,no
56.0,admin.,single,secondary,no,716.0,no,no,unknown,9.0,jun,8.0,2.0,-1.0,0.0,unknown,yes
27.0,management,married,secondary,no,3121.0,yes,no,cellular,10.0,jul,8.0,1.0,-1.0,0.0,success,no
32.0,management,single,secondary,no,0.0,yes,no,cellular,9.0,aug,785.0,1.0,-1.0,0.0,unknown,no
51.0,admin.,married,secondary,no,-29.0,no,no,telephone,25.0,jun,139.0,4.0,-1.0,0.0,unknown,no
34.0,management,single,secondary,no,-1.0,no,no,cellular,15.0,may,95.0,1.0,-1.0,0.0,unknown,no
51.0,technician,single,secondary,no,-14.0,yes,no,cellular,16.0,may,888.0,2.0,-1.0,0.0,unknown,no
36.0,unknown,single,secondary,no,765.0,no,no,cellular,9.0,aug,137.0,5.0,-1.0,0.0,unknown,no
33.0,blue-collar,married,secondary,no,0.0,no,no,cellular,25.0,jun,238.0,2.0,-1.0,0.0,unknown,no
31.0,technician,single,secondary,no,1053.0,yes,no,unknown,17.0,may,123.0,1.0,-1.0,0.0,unknown,no
44.0,retired,married,primary,no,957.0,yes,no,cellular,29.0,jul,209.0,2.0,-1.0,0.0,unknown,no
59.0,management,married,tertiary,no,4.0,no,no,cellular,18.0,feb,462.0,1.0,-1.0,0.0,unknown,no
50.0,admin.,married,secondary,no,1736.0,yes,no,unknown,18.0,aug,703.0,1.0,-1.0,0.0,unknown,no
57.0,management,single,tertiary,no,1236.0,yes,no,cellular,7.0,aug,539.0,1.0,-1.0,0.0,unknown,no
47.0,technician,married,secondary,no,-229.0,yes,no,cellular,6.0,may,5.0,1.0,-1.0,0.0,unknown,no
57.0,retired,single,secondary,no,0.0,yes,no,cellular,25.0,jul,48.0,1.0,-1.0,0.0,unknown,yes
44.0,technician,divorced,secondary,no,26.0,no,no,cellular,12.0,aug,48.0,1.0,-1.0,0.0,unknown,no
45.0,management,single,tertiary,no,735.0,no,no,cellular,11.0,may,5.0,2.0,-1.0,0.0,unknown,no
52.0,blue-collar,married,secondary,no,695.0,no,no,cellular,8.0,may,2.0,1.0,-1.0,0.0,unknown,no
41.0,blue-collar,single,secondary,no,-10.0,no,no,cellular,19.0,may,6.0,8.0,-1.0,3.0,unknown,no
35.0,admin.,married,secondary,no,2.0,no,no,cellular,3.0,may,82.0,3.0,-1.0,0.0,unknown,yes
35.0,services,single,secondary,no,1638.0,yes,no,cellular,31.0,nov,124.0,2.0,-1.0,0.0,unknown,no
35.0,management,single,secondary,no,0.0,yes,no,cellular,17.0,may,14.0,2.0,-1.0,5.0,failure,no
31.0,blue-collar,married,secondary,no,564.0,no,no,cellular,21.0,apr,0.0,3.0,-1.0,0.0,unknown,no
39.0,blue-collar,married,secondary,no,0.0,no,no,cellular,17.0,may,136.0,2.0,-1.0,0.0,unknown,no
33.0,management,married,tertiary,no,737.0,no,no,unknown,19.0,jul,60.0,1.0,-1.0,0.0,unknown,yes
38.0,management,married,primary,no,-1.0,no,no,cellular,16.0,jun,482.0,3.0,-1.0,0.0,unknown,no
45.0,blue-collar,married,secondary,no,0.0,yes,no,cellular,17.0,jun,654.0,12.0,-1.0,0.0,unknown,no
33.0,blue-collar,divorced,secondary,no,473.0,yes,no,cellular,19.0,may,6.0,4.0,-1.0,0.0,unknown,no
30.0,services,married,tertiary,no,16.0,no,no,cellular,17.0,jun,496.0,2.0,-1.0,0.0,unknown,no
34.0,blue-collar,married,secondary,no,521.0,yes,no,cellular,27.0,may,131.0,1.0,-1.0,0.0,unknown,no
35.0,management,single,tertiary,no,3520.0,no,no,cellular,10.0,nov,819.0,2.0,-1.0,0.0,unknown,no
37.0,admin.,married,tertiary,no,393.0,no,no,unknown,24.0,nov,13.0,5.0,-1.0,0.0,unknown,no
38.0,blue-collar,married,secondary,no,-203.0,yes,no,cellular,24.0,jun,9.0,1.0,-1.0,0.0,unknown,no
45.0,management,married,secondary,no,1082.0,no,no,cellular,14.0,may,48.0,1.0,-1.0,0.0,unknown,yes
38.0,blue-collar,married,secondary,no,1466.0,yes,no,unknown,14.0,nov,853.0,2.0,-1.0,0.0,unknown,no
53.0,technician,single,secondary,no,1306.0,yes,no,cellular,25.0,aug,1203.0,3.0,-1.0,0.0,failure,no
36.0,management,single,secondary,no,478.0,yes,yes,cellular,28.0,aug,552.0,4.0,-1.0,0.0,unknown,no
59.0,blue-collar,married,unknown,no,21.0,no,no,unknown,9.0,feb,78.0,1.0,-1.0,0.0,unknown,no
25.0,services,married,tertiary,no,991.0,yes,no,cellular,16.0,jun,12.0,2.0,-1.0,0.0,unknown,no
41.0,technician,married,secondary,no,0.0,yes,no,unknown,20.0,feb,8.0,1.0,-1.0,0.0,unknown,no
32.0,blue-collar,married,secondary,no,0.0,yes,no,unknown,15.0,aug,169.0,2.0,-1.0,0.0,unknown,no
38.0,services,married,secondary,no,0.0,yes,no,telephone,30.0,jun,6.0,2.0,-1.0,0.0,unknown,no
42.0,technician,single,secondary,no,729.0,yes,no,cellular,20.0,may,101.0,1.0,-1.0,0.0,unknown,no
52.0,admin.,divorced,secondary,no,431.0,no,no,cellular,4.0,may,74.0,2.0,-1.0,0.0,unknown,no
39.0,admin.,married,secondary,no,5.0,yes,no,cellular,13.0,jun,127.0,3.0,-1.0,0.0,unknown,no
30.0,technician,married,secondary,no,631.0,yes,no,cellular,8.0,may,164.0,2.0,-1.0,0.0,unknown,no
32.0,technician,married,secondary,no,0.0,no,no,cellular,20.0,jun,5.0,2.0,-1.0,0.0,success,no
28.0,admin.,married,tertiary,no,1408.0,no,no,cellular,7.0,feb,158.0,2.0,-1.0,0.0,unknown,no
24.0,management,single,secondary,no,13.0,yes,no,cellular,8.0,may,1094.0,2.0,-1.0,0.0,unknown,no
50.0,technician,married,secondary,no,0.0,yes,no,unknown,16.0,aug,210.0,4.0,-1.0,0.0,unknown,no
26.0,technician,married,secondary,no,523.0,yes,no,cellular,3.0,may,87.0,4.0,-1.0,0.0,other,no
28.0,services,single,secondary,no,0.0,no,no,unknown,17.0,nov,11.0,2.0,-1.0,0.0,unknown,no
29.0,admin.,married,secondary,no,1076.0,yes,no,cellular,7.0,may,78.0,1.0,-1.0,0.0,unknown,yes
58.0,retired,married,secondary,no,2120.0,yes,no,unknown,2.0,may,206.0,2.0,-1.0,0.0,unknown,no
33.0,technician,married,secondary,no,737.0,no,no,cellular,6.0,jun,137.0,1.0,-1.0,0.0,unknown,no
36.0,management,married,secondary,no,918.0,yes,no,unknown,25.0,may,259.0,1.0,-1.0,0.0,unknown,no
53.0,admin.,married,tertiary,no,-12.0,no,no,unknown,30.0,may,151.0,2.0,-1.0,0.0,failure,no
41.0,retired,single,tertiary,no,1.0,no,no,cellular,19.0,aug,130.0,2.0,-1.0,3.0,unknown,no
47.0,management,married,tertiary,no,10.0,yes,no,cellular,25.0,may,136.0,1.0,-1.0,0.0,unknown,no
32.0,blue-collar,married,secondary,no,0.0,yes,no,unknown,12.0,jul,15.0,2.0,-1.0,2.0,unknown,no
48.0,technician,married,primary,no,0.0,no,no,cellular,5.0,jul,463.0,1.0,-1.0,0.0,unknown,no
31.0,management,married,secondary,no,9.0,no,no,cellular,30.0,may,58.0,2.0,-1.0,0.0,unknown,no
52.0,housemaid,single,secondary,no,10.0,yes,no,cellular,7.0,aug,8.0,2.0,-1.0,0.0,unknown,no
54.0,blue-collar,divorced,secondary,no,0.0,no,no,cellular,21.0,may,7.0,2.0,-1.0,0.0,unknown,no
39.0,blue-collar,married,secondary,no,788.0,no,no,unknown,2.0,jul,123.0,2.0,-1.0,0.0,unknown,no
20.0,management,married,primary,no,0.0,no,no,cellular,7.0,jan,48.0,2.0,-1.0,0.0,unknown,no
44.0,services,married,secondary,no,795.0,no,no,unknown,17.0,feb,468.0,2.0,-1.0,0.0,unknown,no
51.0,admin.,married,secondary,no,18.0,no,no,telephone,16.0,jun,168.0,2.0,187.0,0.0,unknown,no
37.0,technician,single,secondary,no,1444.0,yes,no,unknown,11.0,may,559.0,3.0,-1.0,0.0,unknown,yes
32.0,admin.,married,tertiary,no,484.0,yes,no,unknown,4.0,may,171.0,2.0,-1.0,0.0,unknown,no
42.0,management,married,tertiary,no,683.0,no,no,cellular,28.0,nov,60.0,1.0,-1.0,0.0,unknown,no
36.0,management,married,secondary,no,712.0,yes,no,cellular,16.0,may,1245.0,2.0,-1.0,0.0,unknown,no
57.0,management,married,secondary,no,516.0,yes,no,cellular,27.0,nov,8.0,1.0,-1.0,0.0,unknown,no
37.0,technician,single,primary,no,17.0,yes,no,unknown,13.0,jul,688.0,2.0,-1.0,0.0,unknown,no
37.0,admin.,single,secondary,no,0.0,yes,no,cellular,17.0,may,82.0,1.0,-1.0,0.0,unknown,no
56.0,management,single,secondary,no,40.0,no,no,cellular,24.0,aug,615.0,1.0,-1.0,0.0,unknown,no
54.0,blue-collar,married,secondary,no,944.0,no,no,cellular,6.0,may,80.0,1.0,-1.0,0.0,unknown,no
43.0,housemaid,married,tertiary,no,0.0,yes,no,cellular,3.0,may,477.0,2.0,-1.0,0.0,unknown,no
45.0,management,married,secondary,no,12.0,no,no,cellular,16.0,feb,1.0,2.0,-1.0,0.0,unknown,yes
33.0,technician,married,secondary,no,4.0,no,no,unknown,14.0,may,82.0,2.0,-1.0,0.0,unknown,yes
51.0,management,married,tertiary,no,469.0,yes,no,cellular,24.0,may,115.0,2.0,-1.0,0.0,success,no
36.0,technician,single,primary,no,930.0,yes,no,unknown,20.0,aug,636.0,2.0,-1.0,0.0,unknown,no
51.0,blue-collar,married,unknown,no,-18.0,yes,no,unknown,19.0,may,3.0,3.0,-1.0,0.0,unknown,no
48.0,blue-collar,married,secondary,no,15.0,0,no,cellular,20.0,aug,82.0,2.0,-1.0,0.0,unknown,no
34.0,blue-collar,married,tertiary,no,-10.0,no,no,cellular,3.0,jun,127.0,2.0,-1.0,0.0,unknown,no
40.0,services,single,secondary,no,7.0,no,no,unknown,14.0,aug,169.0,2.0,-1.0,0.0,unknown,yes
46.0,technician,married,primary,no,6.0,no,no,cellular,5.0,may,10.0,7.0,-1.0,2.0,unknown,no
62.0,management,married,tertiary,no,-1.0,no,no,unknown,28.0,jul,112.0,1.0,-1.0,0.0,unknown,no
40.0,blue-collar,married,secondary,no,-31.0,no,no,cellular,12.0,aug,12.0,1.0,-1.0,0.0,unknown,no
35.0,technician,married,secondary,no,862.0,no,no,cellular,28.0,may,489.0,2.0,-1.0,0.0,unknown,no
51.0,blue-collar,married,secondary,no,4.0,yes,no,cellular,14.0,jul,3.0,3.0,-1.0,0.0,unknown,no
41.0,blue-collar,single,tertiary,no,-34.0,no,no,cellular,6.0,may,12.0,1.0,-1.0,0.0,unknown,no
37.0,admin.,married,primary,no,-190.0,no,no,unknown,17.0,aug,138.0,2.0,-1.0,0.0,unknown,no
40.0,services,married,secondary,no,16.0,yes,no,cellular,20.0,aug,6.0,2.0,-1.0,0.0,unknown,no
35.0,retired,married,secondary,no,3.0,yes,no,cellular,21.0,apr,1279.0,1.0,-1.0,0.0,unknown,no
50.0,retired,single,secondary,no,711.0,yes,no,cellular,3.0,may,632.0,2.0,-1.0,0.0,unknown,no
52.0,blue-collar,married,secondary,no,50.0,no,no,unknown,17.0,jul,112.0,1.0,-1.0,0.0,unknown,no
36.0,admin.,married,secondary,no,695.0,yes,no,cellular,14.0,nov,183.0,2.0,-1.0,0.0,unknown,no
42.0,services,single,secondary,no,888.0,no,no,cellular,3.0,aug,9.0,2.0,-1.0,1.0,failure,no
28.0,technician,married,secondary,no,564.0,no,no,cellular,5.0,apr,60.0,2.0,-1.0,0.0,unknown,no
34.0,unemployed,divorced,secondary,no,0.0,yes,no,cellular,11.0,aug,2.0,2.0,-1.0,0.0,unknown,no
43.0,services,married,primary,no,888.0,no,no,cellular,18.0,jun,662.0,1.0,-1.0,0.0,unknown,no
37.0,blue-collar,married,secondary,no,6.0,yes,no,cellular,29.0,may,94.0,2.0,-1.0,0.0,unknown,no
50.0,blue-collar,married,secondary,no,0.0,yes,yes,cellular,18.0,may,73.0,1.0,-1.0,0.0,unknown,no
28.0,technician,married,primary,no,3245.0,yes,no,unknown,5.0,may,78.0,1.0,-1.0,0.0,unknown,no
37.0,technician,married,secondary,no,1365.0,no,no,cellular,27.0,may,7.0,4.0,-1.0,0.0,unknown,no
35.0,technician,divorced,tertiary,no,1089.0,yes,no,cellular,14.0,may,3.0,10.0,-1.0,0.0,unknown,no
34.0,blue-collar,married,secondary,no,-1.0,no,no,cellular,16.0,apr,112.0,2.0,-1.0,0.0,unknown,no
41.0,blue-collar,married,tertiary,no,6.0,no,no,cellular,12.0,jan,596.0,1.0,-1.0,0.0,failure,no
35.0,technician,married,secondary,no,1184.0,no,no,cellular,20.0,jul,136.0,2.0,-1.0,0.0,unknown,no
39.0,blue-collar,single,tertiary,no,4.0,yes,no,unknown,21.0,may,99.0,3.0,-1.0,0.0,unknown,no
41.0,services,single,tertiary,no,0.0,yes,no,cellular,9.0,jan,78.0,2.0,-1.0,0.0,unknown,no
28.0,services,single,secondary,no,2177.0,yes,no,unknown,11.0,aug,715.0,2.0,-1.0,0.0,unknown,no
57.0,management,married,secondary,no,857.0,yes,no,cellular,10.0,jul,10.0,5.0,-1.0,0.0,failure,no
33.0,admin.,married,tertiary,no,0.0,yes,no,cellular,12.0,may,8.0,1.0,-1.0,0.0,unknown,no
56.0,retired,married,tertiary,no,906.0,no,no,cellular,13.0,jul,132.0,2.0,-1.0,0.0,unknown,no
34.0,blue-collar,single,secondary,no,965.0,no,no,cellular,12.0,aug,169.0,1.0,-1.0,0.0,unknown,no
29.0,student,married,secondary,no,-44.0,yes,no,cellular,8.0,may,82.0,2.0,-1.0,0.0,unknown,no
43.0,retired,married,secondary,no,17.0,no,no,cellular,28.0,aug,171.0,1.0,-1.0,0.0,unknown,no
41.0,entrepreneur,single,secondary,no,20.0,yes,no,cellular,11.0,jun,82.0,1.0,-1.0,0.0,unknown,no
59.0,unemployed,married,secondary,no,0.0,yes,no,cellular,19.0,jul,121.0,1.0,-1.0,0.0,unknown,no
39.0,blue-collar,married,tertiary,no,1032.0,no,no,cellular,15.0,aug,124.0,1.0,-1.0,0.0,success,no
31.0,blue-collar,married,secondary,no,0.0,yes,no,cellular,18.0,jul,116.0,1.0,-1.0,0.0,unknown,no
46.0,technician,married,unknown,no,12.0,yes,no,unknown,15.0,jun,857.0,1.0,-1.0,0.0,unknown,no
49.0,management,married,primary,no,489.0,yes,no,unknown,16.0,aug,183.0,1.0,-1.0,0.0,unknown,no
29.0,blue-collar,single,secondary,no,11.0,yes,no,cellular,4.0,may,124.0,2.0,-1.0,0.0,unknown,no
39.0,management,married,primary,no,1179.0,no,no,cellular,2.0,nov,805.0,1.0,-1.0,0.0,unknown,yes
37.0,blue-collar,married,secondary,no,1064.0,no,no,cellular,29.0,jul,112.0,5.0,-1.0,0.0,unknown,no
50.0,technician,married,secondary,no,1534.0,yes,no,cellular,6.0,nov,6.0,2.0,-1.0,0.0,unknown,no
46.0,blue-collar,married,secondary,no,5.0,yes,no,cellular,20.0,jun,237.0,2.0,-1.0,0.0,unknown,yes
36.0,blue-collar,single,secondary,no,40.0,yes,no,cellular,7.0,jun,844.0,2.0,-1.0,0.0,unknown,no
43.0,technician,single,secondary,no,-15.0,no,yes,cellular,18.0,apr,169.0,2.0,-1.0,0.0,unknown,no
44.0,blue-collar,divorced,secondary,no,438.0,no,yes,cellular,4.0,aug,7.0,2.0,-1.0,2.0,unknown,no
32.0,services,married,tertiary,no,-499.0,no,no,cellular,7.0,feb,48.0,1.0,-1.0,0.0,unknown,no
38.0,management,married,secondary,no,4321.0,yes,no,cellular,12.0,may,159.0,1.0,-1.0,0.0,unknown,no
41.0,management,married,secondary,no,0.0,yes,no,cellular,28.0,may,5.0,2.0,-1.0,0.0,unknown,no
31.0,management,married,secondary,no,14.0,yes,no,unknown,9.0,jul,10.0,5.0,-1.0,0.0,unknown,no
46.0,admin.,married,secondary,no,849.0,no,no,telephone,21.0,jul,85.0,1.0,-1.0,4.0,unknown,no
41.0,housemaid,married,secondary,no,6.0,no,no,cellular,8.0,may,164.0,1.0,-1.0,0.0,unknown,no
48.0,admin.,single,primary,no,-0.0,yes,no,telephone,5.0,feb,183.0,1.0,-1.0,0.0,unknown,no
32.0,admin.,married,tertiary,no,0.0,no,no,unknown,15.0,jun,164.0,2.0,-1.0,0.0,unknown,no
55.0,blue-collar,married,tertiary,no,1725.0,yes,no,cellular,8.0,may,107.0,1.0,-1.0,0.0,unknown,no
59.0,admin.,married,primary,no,463.0,yes,no,cellular,29.0,jul,4.0,1.0,-1.0,0.0,unknown,no
35.0,services,married,secondary,no,-229.0,no,no,cellular,29.0,jul,57.0,4.0,-1.0,1.0,unknown,yes
45.0,management,married,primary,no,-6.0,yes,no,unknown,29.0,may,136.0,2.0,-1.0,0.0,unknown,no
44.0,technician,married,secondary,no,0.0,yes,no,cellular,18.0,feb,139.0,1.0,-1.0,0.0,unknown,no
41.0,blue-collar,single,secondary,no,50.0,no,no,cellular,5.0,may,9.0,1.0,-1.0,0.0,unknown,no
38.0,blue-collar,married,secondary,no,631.0,yes,no,cellular,21.0,may,183.0,2.0,187.0,0.0,failure,yes
33.0,services,married,primary,no,14.0,no,no,cellular,10.0,may,127.0,1.0,-1.0,0.0,unknown,no
37.0,blue-collar,married,primary,no,849.0,yes,no,cellular,6.0,may,789.0,8.0,-1.0,0.0,unknown,no
35.0,blue-collar,married,secondary,no,1650.0,yes,no,cellular,20.0,feb,567.0,2.0,-1.0,0.0,unknown,no
38.0,admin.,married,tertiary,no,533.0,yes,no,cellular,20.0,may,139.0,3.0,-1.0,0.0,unknown,no
44.0,technician,single,secondary,no,3263.0,no,no,cellular,13.0,may,183.0,2.0,-1.0,0.0,failure,no
46.0,blue-collar,single,primary,no,837.0,no,no,cellular,11.0,jul,907.0,2.0,-1.0,0.0,success,no
51.0,admin.,married,secondary,no,449.0,yes,no,cellular,19.0,jan,130.0,1.0,-1.0,0.0,unknown,no
37.0,blue-collar,married,primary,no,730.0,no,no,cellular,7.0,may,539.0,4.0,-1.0,0.0,unknown,no
44.0,services,divorced,secondary,no,-15.0,yes,no,cellular,9.0,may,245.0,2.0,-1.0,0.0,unknown,no
51.0,blue-collar,married,primary,no,0.0,yes,no,cellular,14.0,may,859.0,1.0,-1.0,0.0,unknown,no
40.0,management,married,secondary,no,0.0,yes,no,cellular,26.0,feb,12.0,6.0,-1.0,0.0,unknown,no
32.0,housemaid,single,secondary,no,1219.0,yes,no,cellular,11.0,may,183.0,1.0,-1.0,0.0,unknown,no
34.0,management,married,tertiary,no,1461.0,no,no,cellular,8.0,feb,287.0,3.0,-1.0,0.0,unknown,yes
41.0,admin.,married,tertiary,no,0.0,no,yes,cellular,21.0,may,123.0,4.0,-1.0,0.0,unknown,no
57.0,housemaid,single,tertiary,no,6.0,yes,no,cellular,18.0,nov,4.0,1.0,-1.0,0.0,unknown,no
57.0,student,divorced,tertiary,no,2181.0,yes,no,cellular,20.0,nov,454.0,12.0,-1.0,0.0,unknown,no
50.0,blue-collar,divorced,secondary,no,888.0,yes,no,unknown,14.0,may,151.0,1.0,-1.0,0.0,unknown,no
48.0,blue-collar,married,secondary,no,5862.0,no,no,cellular,29.0,may,582.0,1.0,-1.0,0.0,unknown,no
45.0,blue-collar,married,secondary,no,827.0,yes,no,cellular,16.0,may,691.0,2.0,-1.0,0.0,unknown,no
38.0,management,married,secondary,no,1457.0,yes,no,unknown,21.0,aug,5.0,2.0,-1.0,0.0,unknown,no
40.0,management,married,tertiary,no,731.0,no,no,unknown,30.0,jul,48.0,2.0,-1.0,0.0,unknown,no
36.0,admin.,single,tertiary,no,1220.0,yes,no,cellular,16.0,may,137.0,2.0,-1.0,0.0,unknown,no
33.0,management,married,secondary,no,844.0,yes,no,cellular,22.0,oct,9.0,2.0,-1.0,0.0,unknown,no
31.0,blue-collar,single,secondary,no,1383.0,yes,no,cellular,14.0,aug,108.0,1.0,-1.0,2.0,unknown,no
34.0,technician,married,secondary,no,495.0,yes,no,unknown,16.0,may,210.0,1.0,-1.0,0.0,unknown,no
45.0,management,married,primary,no,479.0,no,no,cellular,4.0,may,80.0,2.0,-1.0,0.0,unknown,no
41.0,technician,single,tertiary,no,16.0,yes,no,unknown,9.0,may,123.0,2.0,-1.0,0.0,unknown,no
45.0,blue-collar,married,secondary,no,7.0,no,no,unknown,27.0,may,12.0,7.0,-1.0,0.0,unknown,no
40.0,technician,divorced,secondary,no,3303.0,no,no,unknown,19.0,may,71.0,2.0,-1.0,0.0,unknown,no
36.0,services,married,secondary,no,6.0,no,no,unknown,14.0,may,167.0,1.0,-1.0,0.0,unknown,no
53.0,blue-collar,married,tertiary,no,0.0,yes,no,cellular,23.0,jul,172.0,1.0,-1.0,0.0,unknown,no
32.0,technician,married,tertiary,no,-229.0,yes,no,cellular,11.0,jun,9.0,2.0,-1.0,0.0,unknown,no
26.0,entrepreneur,single,primary,no,1164.0,no,no,cellular,6.0,feb,523.0,1.0,-1.0,0.0,unknown,yes
39.0,technician,married,secondary,no,454.0,yes,no,cellular,9.0,feb,2.0,1.0,-1.0,0.0,unknown,no
36.0,blue-collar,married,secondary,no,9.0,yes,no,cellular,18.0,feb,13.0,4.0,2.0,0.0,failure,no
43.0,management,single,tertiary,no,0.0,yes,no,cellular,18.0,may,958.0,1.0,-1.0,0.0,unknown,no
37.0,management,married,secondary,no,15.0,yes,no,unknown,20.0,aug,431.0,5.0,-1.0,0.0,unknown,no
33.0,admin.,married,secondary,no,5.0,yes,no,cellular,18.0,may,1670.0,1.0,-1.0,0.0,unknown,no
55.0,technician,single,tertiary,no,-12.0,no,no,cellular,9.0,may,7.0,3.0,-1.0,0.0,unknown,yes
33.0,technician,divorced,tertiary,no,1730.0,yes,no,cellular,9.0,mar,112.0,3.0,-1.0,0.0,unknown,no
25.0,blue-collar,married,unknown,no,40.0,no,no,unknown,12.0,jul,124.0,2.0,-1.0,0.0,unknown,no
34.0,blue-collar,single,tertiary,no,1039.0,no,no,unknown,4.0,aug,10.0,2.0,-1.0,0.0,unknown,no
37.0,management,married,secondary,no,731.0,yes,no,cellular,27.0,may,722.0,6.0,-1.0,0.0,unknown,no
39.0,housemaid,married,secondary,no,0.0,no,no,cellular,21.0,may,167.0,1.0,-1.0,0.0,unknown,no
45.0,technician,single,secondary,no,1918.0,yes,no,cellular,20.0,may,139.0,2.0,-1.0,0.0,unknown,no
36.0,blue-collar,divorced,tertiary,no,80.0,yes,no,cellular,14.0,may,8.0,2.0,-1.0,0.0,failure,no
37.0,student,married,secondary,no,20.0,yes,no,cellular,17.0,aug,8.0,2.0,-1.0,0.0,unknown,no
41.0,services,divorced,tertiary,no,746.0,yes,no,cellular,7.0,may,954.0,3.0,-1.0,0.0,unknown,no
36.0,blue-collar,single,secondary,no,0.0,no,no,cellular,4.0,may,151.0,1.0,-1.0,0.0,unknown,no
35.0,technician,single,tertiary,no,657.0,no,no,cellular,16.0,nov,479.0,1.0,-1.0,6.0,success,no
32.0,technician,married,secondary,no,1091.0,no,no,telephone,9.0,may,159.0,2.0,-1.0,0.0,unknown,no
51.0,self-employed,married,primary,no,0.0,no,no,telephone,9.0,may,8.0,5.0,184.0,0.0,unknown,no
35.0,blue-collar,married,secondary,no,6.0,yes,no,cellular,18.0,may,73.0,20.0,-1.0,1.0,unknown,no
58.0,management,married,primary,no,2320.0,yes,no,cellular,28.0,jul,16.0,1.0,-1.0,0.0,unknown,yes
47.0,technician,married,tertiary,no,879.0,no,no,cellular,20.0,aug,50.0,1.0,-1.0,0.0,unknown,no
37.0,management,single,tertiary,no,12.0,yes,no,cellular,24.0,jun,12.0,1.0,-1.0,0.0,unknown,yes
29.0,technician,married,primary,no,721.0,yes,yes,unknown,28.0,jun,9.0,1.0,-1.0,0.0,unknown,no
26.0,blue-collar,married,secondary,no,542.0,yes,no,unknown,2.0,jan,474.0,1.0,-1.0,0.0,unknown,no
53.0,technician,single,secondary,no,1134.0,yes,no,cellular,8.0,aug,126.0,1.0,-1.0,0.0,unknown,no
38.0,blue-collar,married,secondary,no,-17.0,no,no,unknown,15.0,jun,116.0,1.0,-1.0,0.0,unknown,no
32.0,blue-collar,single,primary,no,6.0,no,no,unknown,16.0,jun,127.0,1.0,-1.0,0.0,unknown,no
58.0,unemployed,married,secondary,no,0.0,yes,no,telephone,14.0,jun,124.0,1.0,-1.0,0.0,unknown,no
33.0,management,single,tertiary,no,1026.0,yes,no,cellular,20.0,apr,137.0,1.0,-1.0,0.0,unknown,no
60.0,technician,married,secondary,no,1276.0,yes,no,cellular,21.0,may,8.0,2.0,-1.0,2.0,unknown,no
44.0,technician,married,secondary,no,0.0,no,no,unknown,11.0,may,112.0,4.0,-1.0,0.0,unknown,yes
43.0,management,married,tertiary,no,4.0,no,no,cellular,18.0,jun,136.0,2.0,-1.0,0.0,unknown,no
29.0,technician,divorced,primary,no,876.0,no,no,unknown,17.0,feb,8.0,3.0,-1.0,0.0,unknown,no
49.0,management,single,primary,no,964.0,yes,no,unknown,19.0,may,1681.0,5.0,-1.0,0.0,unknown,no
40.0,retired,married,secondary,no,649.0,yes,no,unknown,11.0,may,1288.0,2.0,-1.0,0.0,unknown,no
36.0,admin.,married,secondary,no,-1.0,yes,no,cellular,7.0,may,108.0,1.0,-1.0,0.0,unknown,yes
32.0,management,married,unknown,no,-270.0,no,no,unknown,12.0,jun,773.0,1.0,-1.0,0.0,unknown,no
49.0,management,married,secondary,no,819.0,yes,no,cellular,24.0,may,7.0,1.0,-1.0,0.0,unknown,no
37.0,blue-collar,married,secondary,no,16.0,yes,no,cellular,20.0,aug,1130.0,1.0,-1.0,0.0,unknown,no
41.0,admin.,married,tertiary,no,-1.0,yes,no,cellular,18.0,jul,1542.0,4.0,-1.0,0.0,unknown,no
29.0,technician,married,secondary,no,0.0,yes,no,cellular,15.0,nov,14.0,4.0,94.0,0.0,failure,no
33.0,management,married,secondary,no,0.0,no,no,unknown,18.0,jun,15.0,2.0,-1.0,0.0,unknown,yes
37.0,blue-collar,married,secondary,no,0.0,yes,no,cellular,5.0,may,101.0,1.0,-1.0,0.0,unknown,no
48.0,management,single,tertiary,no,842.0,yes,no,cellular,13.0,may,82.0,4.0,-1.0,0.0,unknown,no
42.0,assistant,married,secondary,no,1230.0,yes,no,cellular,7.0,nov,48.0,1.0,-1.0,0.0,unknown,no
37.0,management,married,secondary,no,1257.0,no,no,unknown,3.0,aug,169.0,1.0,-1.0,0.0,unknown,no
58.0,management,single,tertiary,no,731.0,no,no,cellular,18.0,jun,121.0,1.0,-1.0,0.0,unknown,no
35.0,management,married,secondary,no,2.0,no,no,cellular,2.0,apr,60.0,1.0,-1.0,0.0,success,no
49.0,management,single,tertiary,no,23.0,yes,no,unknown,26.0,aug,1063.0,3.0,-1.0,0.0,failure,no
30.0,blue-collar,single,tertiary,no,5.0,yes,no,cellular,17.0,apr,762.0,2.0,-1.0,0.0,unknown,no
27.0,technician,married,tertiary,no,2287.0,yes,no,unknown,2.0,jun,87.0,1.0,-1.0,0.0,unknown,no
32.0,blue-collar,married,secondary,no,715.0,yes,no,unknown,7.0,nov,158.0,4.0,-1.0,0.0,unknown,no
36.0,management,married,tertiary,no,461.0,yes,no,cellular,14.0,feb,112.0,1.0,-1.0,0.0,unknown,no
41.0,technician,divorced,primary,no,0.0,no,no,cellular,12.0,jul,78.0,1.0,-1.0,5.0,failure,no
32.0,services,married,secondary,no,32.0,no,no,unknown,9.0,may,16.0,6.0,-1.0,0.0,unknown,no
48.0,technician,single,tertiary,no,9.0,yes,no,unknown,28.0,aug,127.0,2.0,-1.0,0.0,unknown,no
53.0,management,married,secondary,no,1431.0,no,no,cellular,6.0,may,8.0,2.0,-1.0,0.0,unknown,no
36.0,entrepreneur,married,secondary,no,6.0,no,no,cellular,10.0,may,124.0,1.0,-1.0,0.0,unknown,no
34.0,technician,divorced,secondary,no,-312.0,yes,no,unknown,16.0,aug,1412.0,4.0,-1.0,0.0,unknown,no
33.0,blue-collar,single,secondary,no,76.0,no,no,unknown,13.0,nov,124.0,1.0,-1.0,0.0,unknown,no
38.0,management,married,unknown,no,10.0,no,no,cellular,3.0,jul,587.0,2.0,-1.0,0.0,unknown,no
48.0,technician,single,secondary,no,11.0,no,yes,cellular,6.0,may,661.0,1.0,-1.0,0.0,unknown,no
34.0,services,single,secondary,no,831.0,yes,no,cellular,6.0,may,182.0,1.0,-1.0,0.0,failure,no
35.0,retired,married,tertiary,no,0.0,yes,no,cellular,21.0,jul,104.0,1.0,-1.0,0.0,unknown,no
57.0,management,married,secondary,no,538.0,yes,no,cellular,24.0,aug,9.0,2.0,-1.0,0.0,unknown,no
31.0,blue-collar,married,secondary,no,0.0,no,no,unknown,20.0,jun,759.0,1.0,-1.0,0.0,unknown,no
31.0,management,divorced,secondary,no,714.0,yes,no,unknown,2.0,jul,4.0,1.0,-1.0,0.0,unknown,no
28.0,management,single,secondary,no,1344.0,yes,no,unknown,496.0,jul,107.0,3.0,-1.0,0.0,unknown,no
45.0,management,divorced,secondary,no,0.0,no,no,unknown,2.0,may,853.0,1.0,-1.0,0.0,unknown,no
32.0,technician,married,secondary,no,672.0,yes,no,unknown,11.0,may,157.0,1.0,-1.0,0.0,unknown,no
41.0,services,married,secondary,no,4.0,yes,no,cellular,23.0,aug,586.0,2.0,-1.0,0.0,unknown,no
37.0,blue-collar,single,secondary,no,1526.0,no,no,unknown,8.0,mar,60.0,2.0,-1.0,0.0,unknown,no
33.0,admin.,single,secondary,no,-1.0,no,no,cellular,19.0,may,8.0,1.0,-1.0,0.0,unknown,no
43.0,management,single,secondary,no,-241.0,yes,no,unknown,4.0,jan,82.0,2.0,-1.0,0.0,unknown,no
41.0,blue-collar,married,secondary,no,-1.0,no,no,cellular,8.0,may,164.0,1.0,-1.0,0.0,unknown,yes
56.0,management,married,secondary,no,817.0,yes,no,cellular,20.0,nov,727.0,2.0,-1.0,5.0,failure,no
50.0,blue-collar,divorced,tertiary,no,481.0,yes,no,cellular,20.0,jul,73.0,2.0,-1.0,0.0,unknown,yes
39.0,blue-collar,married,primary,no,0.0,yes,no,cellular,4.0,may,119.0,1.0,-1.0,0.0,unknown,no
36.0,technician,married,secondary,no,469.0,no,no,cellular,13.0,may,518.0,1.0,-1.0,0.0,unknown,yes
52.0,technician,divorced,secondary,no,588.0,no,no,cellular,23.0,may,60.0,1.0,-1.0,0.0,failure,no
30.0,management,married,secondary,no,1391.0,no,yes,cellular,25.0,jul,171.0,4.0,249.0,0.0,failure,yes
51.0,management,married,tertiary,no,810.0,no,no,cellular,21.0,jun,715.0,1.0,-1.0,2.0,other,no
43.0,admin.,married,secondary,no,-0.0,yes,no,cellular,9.0,may,744.0,2.0,-1.0,0.0,unknown,no
38.0,technician,single,secondary,no,9.0,no,no,cellular,27.0,may,105.0,2.0,-1.0,0.0,other,no
27.0,technician,single,secondary,no,1230.0,yes,no,telephone,12.0,nov,107.0,2.0,-1.0,1.0,failure,no
57.0,technician,married,tertiary,no,488.0,yes,no,unknown,8.0,may,182.0,3.0,-1.0,0.0,unknown,no
54.0,technician,single,tertiary,no,1089.0,yes,no,unknown,12.0,aug,60.0,2.0,-1.0,0.0,unknown,no
30.0,blue-collar,married,secondary,no,2111.0,yes,no,cellular,18.0,jul,127.0,2.0,-1.0,0.0,unknown,no
33.0,management,single,secondary,no,6.0,no,no,cellular,7.0,jul,48.0,1.0,-1.0,0.0,unknown,no
31.0,technician,married,secondary,no,742.0,no,no,cellular,12.0,jun,172.0,3.0,-1.0,2.0,failure,yes
40.0,blue-collar,single,secondary,no,0.0,yes,no,unknown,29.0,may,178.0,2.0,-1.0,0.0,unknown,no
47.0,technician,married,secondary,no,2185.0,yes,no,unknown,18.0,may,87.0,1.0,-1.0,0.0,unknown,no
40.0,blue-collar,married,secondary,no,653.0,yes,no,unknown,26.0,may,113.0,1.0,-1.0,0.0,unknown,no
36.0,technician,married,secondary,no,474.0,no,no,unknown,20.0,jul,1121.0,1.0,-1.0,0.0,unknown,no
47.0,management,married,tertiary,no,0.0,yes,no,cellular,26.0,nov,169.0,4.0,-1.0,0.0,unknown,no
41.0,blue-collar,divorced,tertiary,no,1657.0,no,no,cellular,13.0,may,48.0,1.0,168.0,0.0,failure,no
30.0,blue-collar,single,secondary,no,4.0,no,yes,unknown,26.0,nov,674.0,1.0,-1.0,0.0,unknown,no
36.0,housemaid,single,secondary,no,-277.0,yes,no,unknown,18.0,may,115.0,1.0,-1.0,0.0,unknown,no
33.0,management,married,secondary,no,-1.0,yes,no,cellular,17.0,apr,76.0,4.0,-1.0,0.0,unknown,no
51.0,management,married,tertiary,no,1019.0,yes,no,cellular,4.0,jun,748.0,1.0,-1.0,0.0,unknown,yes
44.0,blue-collar,married,secondary,no,40.0,yes,no,cellular,15.0,jul,17.0,4.0,-1.0,0.0,unknown,no
40.0,entrepreneur,single,tertiary,no,-1.0,yes,no,unknown,24.0,may,48.0,1.0,-1.0,0.0,unknown,no
43.0,technician,divorced,secondary,no,20.0,no,no,unknown,11.0,aug,631.0,1.0,-1.0,0.0,unknown,yes
36.0,blue-collar,married,primary,no,-1.0,no,no,unknown,18.0,may,135.0,2.0,-1.0,0.0,unknown,no
34.0,management,married,primary,no,0.0,yes,no,cellular,4.0,jul,10.0,3.0,-1.0,0.0,unknown,no
40.0,services,married,secondary,no,28.0,no,no,unknown,7.0,jun,158.0,2.0,-1.0,0.0,unknown,no
45.0,blue-collar,married,primary,no,15.0,yes,no,unknown,20.0,may,121.0,2.0,-1.0,0.0,unknown,no
37.0,technician,married,secondary,no,1785.0,no,no,cellular,6.0,jul,9.0,1.0,-1.0,0.0,unknown,no
37.0,blue-collar,married,secondary,no,914.0,no,no,cellular,19.0,may,85.0,4.0,-1.0,0.0,unknown,no
35.0,blue-collar,married,tertiary,no,574.0,yes,no,unknown,10.0,jun,116.0,1.0,-1.0,0.0,unknown,no
33.0,unknown,divorced,secondary,no,2.0,yes,no,cellular,8.0,may,136.0,2.0,-1.0,0.0,unknown,no
41.0,retired,married,secondary,no,769.0,no,no,cellular,12.0,aug,171.0,4.0,-1.0,0.0,unknown,no
32.0,management,divorced,secondary,no,2249.0,no,no,cellular,20.0,jun,11.0,1.0,-1.0,0.0,unknown,no
34.0,technician,married,primary,no,14.0,yes,no,cellular,20.0,may,9.0,1.0,-1.0,0.0,unknown,no
46.0,technician,married,secondary,no,791.0,no,no,cellular,14.0,may,258.0,2.0,-1.0,0.0,unknown,no
33.0,management,single,secondary,no,964.0,yes,no,unknown,19.0,may,644.0,2.0,-1.0,0.0,unknown,no
55.0,admin.,married,secondary,no,7.0,yes,no,cellular,29.0,may,73.0,4.0,-1.0,0.0,unknown,no
34.0,admin.,single,secondary,no,0.0,no,no,cellular,12.0,nov,842.0,2.0,-1.0,0.0,unknown,no
50.0,housemaid,married,tertiary,no,0.0,yes,no,unknown,15.0,may,468.0,2.0,-1.0,0.0,unknown,no
36.0,technician,divorced,secondary,no,464.0,yes,no,unknown,29.0,jun,106.0,2.0,-1.0,0.0,unknown,yes
33.0,technician,married,tertiary,no,1820.0,yes,no,cellular,12.0,jun,557.0,3.0,-1.0,0.0,unknown,no
39.0,management,married,secondary,no,14.0,yes,no,cellular,20.0,aug,8.0,1.0,-1.0,0.0,unknown,no
56.0,technician,married,primary,no,772.0,yes,no,cellular,2.0,jun,78.0,8.0,-1.0,0.0,unknown,no
33.0,blue-collar,married,secondary,no,5.0,no,yes,cellular,9.0,aug,261.0,2.0,-1.0,0.0,unknown,no
45.0,management,married,secondary,no,1884.0,yes,no,cellular,5.0,aug,131.0,2.0,-1.0,0.0,unknown,no
51.0,management,married,secondary,no,0.0,yes,no,unknown,6.0,aug,496.0,3.0,-1.0,0.0,unknown,no
47.0,technician,married,secondary,no,9.0,yes,no,cellular,16.0,may,0.0,3.0,-1.0,0.0,unknown,yes
32.0,services,single,tertiary,no,3241.0,no,no,cellular,21.0,may,76.0,1.0,-1.0,0.0,unknown,no
41.0,blue-collar,married,secondary,no,576.0,yes,no,cellular,14.0,may,537.0,2.0,-1.0,0.0,unknown,no
48.0,blue-collar,married,secondary,no,456.0,yes,no,unknown,14.0,may,139.0,2.0,-1.0,0.0,unknown,no
42.0,blue-collar,married,tertiary,no,643.0,no,no,cellular,11.0,aug,115.0,2.0,-1.0,0.0,failure,no
32.0,blue-collar,divorced,primary,no,-318.0,no,no,unknown,19.0,jul,137.0,1.0,-1.0,0.0,unknown,no
51.0,management,married,unknown,no,1086.0,no,no,cellular,8.0,may,108.0,1.0,-1.0,0.0,unknown,no
33.0,management,married,secondary,no,4.0,yes,no,cellular,5.0,may,169.0,2.0,-1.0,0.0,unknown,no
52.0,management,married,secondary,no,791.0,yes,no,cellular,18.0,feb,85.0,2.0,-1.0,0.0,unknown,yes
32.0,management,married,secondary,no,76.0,yes,no,cellular,28.0,may,171.0,3.0,-1.0,0.0,unknown,no
47.0,management,married,tertiary,no,76.0,yes,no,unknown,9.0,may,2.0,1.0,-1.0,0.0,unknown,no
47.0,management,married,secondary,no,12.0,no,no,unknown,2.0,aug,78.0,1.0,-1.0,0.0,unknown,no
44.0,services,single,tertiary,no,23.0,yes,yes,cellular,11.0,aug,59.0,1.0,-1.0,1.0,unknown,yes
47.0,admin.,married,secondary,no,0.0,no,no,unknown,12.0,nov,112.0,2.0,-1.0,5.0,unknown,no
36.0,retired,married,secondary,no,-1.0,no,no,cellular,19.0,jun,130.0,2.0,-1.0,0.0,unknown,no
33.0,management,married,secondary,no,1230.0,yes,no,cellular,11.0,aug,108.0,1.0,-1.0,0.0,unknown,no
33.0,management,married,secondary,no,2599.0,no,no,cellular,8.0,may,631.0,1.0,-1.0,0.0,unknown,yes
58.0,technician,single,secondary,no,7.0,yes,no,unknown,20.0,jun,772.0,1.0,-1.0,0.0,unknown,no
32.0,management,single,secondary,no,4.0,no,no,cellular,17.0,may,686.0,2.0,-1.0,0.0,unknown,no
51.0,blue-collar,single,primary,no,-1.0,yes,no,cellular,19.0,jul,151.0,1.0,-1.0,0.0,unknown,no
34.0,admin.,married,primary,no,852.0,yes,yes,unknown,21.0,nov,1284.0,1.0,-1.0,0.0,unknown,no
28.0,management,married,primary,no,829.0,no,no,cellular,6.0,aug,806.0,1.0,-1.0,0.0,unknown,no
34.0,technician,divorced,secondary,no,0.0,no,no,unknown,17.0,feb,115.0,2.0,-1.0,0.0,unknown,no
48.0,technician,single,secondary,no,2.0,no,no,cellular,13.0,aug,158.0,1.0,-1.0,0.0,unknown,no
37.0,student,single,secondary,no,1252.0,yes,no,unknown,13.0,may,508.0,5.0,-1.0,3.0,unknown,yes
32.0,housemaid,married,secondary,no,2042.0,no,no,unknown,6.0,nov,228.0,2.0,-1.0,0.0,unknown,no
40.0,admin.,married,secondary,no,1219.0,no,no,unknown,5.0,apr,158.0,1.0,-1.0,0.0,unknown,no
54.0,entrepreneur,married,primary,no,14.0,no,no,cellular,5.0,jul,8.0,1.0,-1.0,3.0,failure,no
46.0,services,married,tertiary,no,60.0,no,no,unknown,6.0,may,806.0,1.0,-1.0,0.0,unknown,no
45.0,technician,married,secondary,no,861.0,yes,no,cellular,11.0,jun,542.0,2.0,-1.0,0.0,unknown,no
29.0,unemployed,married,primary,no,-11.0,yes,no,unknown,6.0,may,0.0,1.0,-1.0,0.0,unknown,no
47.0,technician,married,secondary,no,0.0,no,no,unknown,9.0,may,115.0,4.0,-1.0,0.0,unknown,no
57.0,technician,divorced,unknown,no,865.0,yes,no,cellular,30.0,may,112.0,1.0,-1.0,0.0,unknown,no
35.0,technician,married,secondary,no,20.0,yes,no,cellular,28.0,may,139.0,2.0,-1.0,0.0,unknown,no
30.0,services,married,secondary,no,25.0,yes,no,cellular,30.0,aug,619.0,5.0,-1.0,0.0,failure,no
55.0,management,single,secondary,no,-1.0,yes,no,unknown,7.0,may,183.0,1.0,-1.0,0.0,unknown,no
50.0,blue-collar,married,secondary,no,955.0,no,no,unknown,29.0,jul,121.0,1.0,-1.0,0.0,unknown,no
34.0,retired,single,secondary,no,1078.0,no,no,cellular,28.0,apr,246.0,3.0,-1.0,0.0,unknown,yes
25.0,services,married,secondary,no,786.0,yes,no,cellular,6.0,may,136.0,2.0,-1.0,0.0,unknown,no
48.0,services,single,secondary,no,905.0,yes,no,cellular,14.0,nov,723.0,1.0,-1.0,0.0,unknown,no
32.0,technician,married,tertiary,no,623.0,no,no,cellular,12.0,aug,140.0,1.0,-1.0,0.0,failure,yes
28.0,services,married,primary,no,1.0,no,no,unknown,28.0,jul,73.0,1.0,-1.0,0.0,unknown,no
38.0,secondary,married,secondary,no,476.0,yes,no,cellular,17.0,jun,538.0,2.0,-1.0,0.0,unknown,no
48.0,blue-collar,divorced,secondary,no,-317.0,no,no,cellular,10.0,jun,54.0,3.0,-1.0,0.0,unknown,no
51.0,management,divorced,secondary,no,1072.0,no,no,cellular,8.0,jul,818.0,1.0,-1.0,0.0,unknown,no
34.0,admin.,married,secondary,no,633.0,yes,no,unknown,9.0,aug,139.0,14.0,-1.0,0.0,unknown,no
42.0,admin.,married,secondary,no,908.0,no,no,unknown,29.0,may,479.0,1.0,-1.0,0.0,unknown,no
50.0,blue-collar,divorced,secondary,no,-121.0,no,no,cellular,29.0,may,124.0,2.0,-1.0,0.0,unknown,no
28.0,services,married,tertiary,no,9.0,no,no,cellular,7.0,jul,159.0,2.0,-1.0,0.0,unknown,no
51.0,technician,married,secondary,no,2043.0,yes,no,cellular,4.0,jun,2.0,9.0,-1.0,0.0,unknown,no
41.0,blue-collar,divorced,secondary,no,904.0,yes,no,cellular,12.0,may,8.0,2.0,-1.0,0.0,unknown,no
37.0,self-employed,married,tertiary,no,7.0,yes,no,cellular,5.0,may,548.0,1.0,-1.0,0.0,unknown,yes
57.0,admin.,married,primary,no,663.0,yes,no,cellular,27.0,jul,183.0,2.0,-1.0,6.0,unknown,no
46.0,blue-collar,married,secondary,no,25.0,no,no,cellular,13.0,may,8.0,1.0,-1.0,0.0,failure,no
29.0,management,married,tertiary,no,9.0,yes,no,cellular,28.0,may,108.0,1.0,-1.0,0.0,unknown,no
55.0,student,married,secondary,no,716.0,no,no,cellular,25.0,apr,11.0,6.0,-1.0,0.0,unknown,no
50.0,management,married,secondary,no,1820.0,no,no,cellular,29.0,mar,50.0,3.0,-1.0,0.0,unknown,no
41.0,admin.,married,secondary,no,1222.0,yes,no,cellular,30.0,may,474.0,1.0,-1.0,0.0,unknown,yes
29.0,management,married,tertiary,no,1374.0,no,no,cellular,6.0,may,672.0,1.0,-1.0,0.0,unknown,yes
27.0,blue-collar,married,primary,no,381.0,no,no,unknown,28.0,may,167.0,3.0,-1.0,0.0,unknown,no
29.0,services,married,tertiary,no,447.0,no,no,cellular,29.0,may,132.0,1.0,-1.0,0.0,unknown,no
27.0,management,divorced,secondary,no,0.0,yes,no,cellular,12.0,may,12.0,2.0,-1.0,0.0,unknown,yes
50.0,blue-collar,married,secondary,no,618.0,no,no,cellular,8.0,jun,137.0,1.0,-1.0,0.0,unknown,no
60.0,management,married,secondary,no,772.0,no,no,unknown,25.0,jun,120.0,1.0,-1.0,0.0,unknown,no
40.0,admin.,divorced,secondary,no,16.0,no,no,cellular,15.0,aug,717.0,1.0,-1.0,0.0,unknown,no
38.0,services,married,tertiary,no,599.0,yes,no,cellular,18.0,may,8.0,1.0,-1.0,0.0,unknown,no
30.0,blue-collar,married,tertiary,no,899.0,yes,no,unknown,3.0,aug,3.0,1.0,-1.0,0.0,unknown,no
34.0,admin.,married,secondary,no,1273.0,yes,no,cellular,28.0,jun,579.0,2.0,-1.0,0.0,unknown,no
42.0,blue-collar,single,secondary,no,0.0,yes,no,unknown,13.0,aug,1432.0,4.0,-1.0,0.0,unknown,no
36.0,management,married,secondary,no,0.0,yes,no,unknown,21.0,aug,167.0,2.0,-1.0,0.0,unknown,no
33.0,technician,married,primary,no,0.0,yes,no,cellular,15.0,aug,542.0,2.0,-1.0,0.0,failure,no
37.0,services,divorced,tertiary,no,486.0,yes,yes,cellular,3.0,jun,678.0,1.0,-1.0,0.0,unknown,no
45.0,entrepreneur,married,primary,no,686.0,no,no,cellular,18.0,apr,1182.0,2.0,-1.0,1.0,unknown,yes
52.0,technician,divorced,secondary,no,9.0,yes,no,cellular,20.0,may,164.0,1.0,-1.0,0.0,unknown,no
46.0,management,married,unknown,no,613.0,yes,no,unknown,11.0,may,121.0,2.0,-1.0,0.0,unknown,no
35.0,entrepreneur,married,secondary,no,679.0,yes,no,cellular,22.0,jul,121.0,1.0,-1.0,0.0,success,no
30.0,admin.,divorced,tertiary,no,13.0,yes,no,cellular,30.0,may,183.0,1.0,-1.0,1.0,unknown,no
34.0,management,married,secondary,no,785.0,no,no,unknown,25.0,aug,139.0,2.0,-1.0,0.0,unknown,no
26.0,admin.,married,secondary,no,2463.0,yes,no,cellular,20.0,jul,214.0,2.0,-1.0,0.0,unknown,no
49.0,technician,married,secondary,no,1019.0,yes,no,unknown,5.0,aug,17.0,1.0,-1.0,0.0,unknown,no
32.0,technician,married,secondary,no,-323.0,no,no,cellular,16.0,jun,110.0,1.0,-1.0,0.0,unknown,no
29.0,services,married,secondary,no,549.0,yes,no,cellular,7.0,jun,11.0,1.0,-1.0,0.0,unknown,no
47.0,retired,divorced,secondary,no,-1.0,yes,no,cellular,20.0,jun,139.0,1.0,-1.0,0.0,unknown,no
51.0,admin.,married,secondary,no,18.0,yes,no,cellular,2.0,jun,82.0,1.0,-1.0,0.0,unknown,no
38.0,student,single,secondary,no,8.0,yes,no,telephone,26.0,may,5.0,2.0,-1.0,0.0,unknown,no
33.0,technician,married,tertiary,no,39.0,yes,no,cellular,19.0,jun,16.0,2.0,-1.0,0.0,unknown,no
37.0,blue-collar,married,tertiary,no,1214.0,yes,no,unknown,2.0,may,10.0,1.0,-1.0,0.0,unknown,no
44.0,blue-collar,married,secondary,no,2663.0,yes,no,cellular,17.0,may,12.0,2.0,-1.0,0.0,unknown,no
43.0,blue-collar,married,secondary,no,13.0,yes,no,cellular,20.0,may,11.0,2.0,-1.0,0.0,unknown,no
36.0,blue-collar,married,tertiary,no,-15.0,yes,no,unknown,17.0,jul,8.0,2.0,-1.0,0.0,unknown,no
46.0,management,married,tertiary,no,1099.0,no,no,cellular,7.0,may,107.0,2.0,-1.0,0.0,unknown,no
50.0,entrepreneur,married,secondary,no,10.0,yes,no,cellular,14.0,feb,583.0,6.0,-1.0,0.0,unknown,no
59.0,admin.,single,secondary,no,34.0,yes,no,unknown,12.0,aug,649.0,6.0,-1.0,0.0,unknown,no
33.0,management,married,secondary,no,-231.0,no,no,cellular,20.0,may,532.0,1.0,-1.0,0.0,unknown,no
42.0,management,married,tertiary,no,3914.0,no,no,unknown,20.0,aug,39.0,2.0,-1.0,4.0,failure,no
29.0,technician,married,secondary,no,0.0,yes,no,cellular,19.0,may,106.0,1.0,-1.0,0.0,unknown,no
29.0,blue-collar,married,secondary,no,0.0,no,yes,cellular,6.0,may,864.0,1.0,-1.0,0.0,unknown,no
29.0,blue-collar,married,secondary,no,-25.0,no,no,unknown,10.0,may,167.0,12.0,-1.0,0.0,unknown,yes
36.0,admin.,single,secondary,no,0.0,yes,yes,unknown,20.0,jul,7.0,1.0,-1.0,0.0,unknown,no
37.0,technician,single,secondary,no,514.0,yes,no,cellular,21.0,feb,48.0,1.0,-1.0,0.0,unknown,no
31.0,technician,married,no,no,397.0,no,no,telephone,7.0,aug,164.0,2.0,-1.0,0.0,unknown,no
36.0,admin.,single,tertiary,no,2182.0,yes,no,cellular,26.0,jul,884.0,2.0,-1.0,0.0,failure,no
47.0,management,married,tertiary,no,587.0,yes,no,unknown,14.0,nov,6.0,2.0,-1.0,0.0,failure,no
49.0,management,married,secondary,no,749.0,yes,no,cellular,6.0,may,2.0,3.0,-1.0,0.0,other,no
44.0,management,married,secondary,no,818.0,no,no,cellular,6.0,jun,449.0,5.0,-1.0,0.0,success,yes
37.0,entrepreneur,married,secondary,no,60.0,yes,no,unknown,22.0,may,183.0,2.0,-1.0,0.0,unknown,no
47.0,technician,single,secondary,no,0.0,yes,no,unknown,12.0,jun,164.0,1.0,-1.0,0.0,unknown,no
49.0,management,married,primary,no,1449.0,yes,no,cellular,8.0,jul,506.0,1.0,-1.0,0.0,unknown,no
37.0,management,married,secondary,no,765.0,no,no,unknown,16.0,may,97.0,4.0,-1.0,0.0,unknown,no
49.0,technician,divorced,secondary,no,3.0,no,no,cellular,16.0,may,103.0,1.0,-1.0,0.0,unknown,no
34.0,management,married,secondary,no,959.0,yes,no,cellular,13.0,may,742.0,3.0,-1.0,0.0,unknown,no
39.0,management,divorced,tertiary,no,11.0,no,no,unknown,13.0,jul,183.0,1.0,-1.0,0.0,failure,no
32.0,blue-collar,married,tertiary,no,1044.0,yes,no,cellular,23.0,feb,136.0,1.0,-1.0,0.0,unknown,no
57.0,management,married,secondary,no,5.0,no,no,unknown,20.0,jul,719.0,1.0,-1.0,0.0,unknown,no
38.0,services,married,secondary,no,1499.0,no,no,cellular,14.0,may,1249.0,1.0,-1.0,0.0,unknown,no
32.0,retired,married,tertiary,no,979.0,yes,yes,cellular,13.0,jan,124.0,1.0,-1.0,0.0,unknown,no
49.0,blue-collar,divorced,secondary,no,649.0,no,no,cellular,2.0,jun,13.0,1.0,-1.0,0.0,unknown,yes
51.0,management,married,secondary,no,0.0,yes,no,cellular,29.0,may,561.0,2.0,-1.0,0.0,unknown,no
40.0,admin.,married,tertiary,no,0.0,no,no,cellular,30.0,may,138.0,2.0,-1.0,0.0,unknown,yes
47.0,blue-collar,married,secondary,no,1334.0,yes,no,unknown,11.0,jan,94.0,3.0,-1.0,0.0,unknown,yes
45.0,blue-collar,married,tertiary,no,788.0,yes,no,unknown,16.0,jul,631.0,1.0,-1.0,0.0,unknown,no
41.0,management,married,secondary,no,-18.0,no,no,unknown,30.0,may,112.0,1.0,-1.0,0.0,unknown,no
37.0,technician,single,secondary,no,799.0,no,no,unknown,14.0,may,106.0,1.0,-1.0,0.0,unknown,no
41.0,retired,married,tertiary,no,5.0,no,no,cellular,4.0,aug,569.0,2.0,-1.0,0.0,failure,no
41.0,technician,single,secondary,no,2.0,no,no,unknown,26.0,aug,14.0,2.0,-1.0,0.0,unknown,yes
32.0,blue-collar,single,primary,no,18.0,yes,no,unknown,29.0,jun,818.0,1.0,-1.0,0.0,unknown,no
29.0,management,married,tertiary,no,0.0,no,no,cellular,6.0,jun,139.0,3.0,-1.0,0.0,unknown,no
37.0,technician,married,primary,no,1719.0,no,no,unknown,12.0,feb,124.0,3.0,-1.0,0.0,unknown,no
33.0,technician,married,secondary,no,6.0,yes,yes,unknown,5.0,jul,678.0,4.0,-1.0,0.0,unknown,no
35.0,technician,married,secondary,no,715.0,no,no,cellular,1.0,may,43.0,2.0,-1.0,0.0,unknown,no
44.0,blue-collar,married,tertiary,no,447.0,yes,no,cellular,20.0,jan,169.0,1.0,-1.0,0.0,unknown,no
39.0,blue-collar,married,secondary,no,6862.0,no,no,unknown,2.0,aug,0.0,2.0,-1.0,0.0,unknown,yes
49.0,management,married,secondary,no,2314.0,yes,no,cellular,18.0,jun,8.0,1.0,-1.0,0.0,unknown,yes
34.0,blue-collar,married,tertiary,no,898.0,no,no,unknown,18.0,jul,106.0,2.0,-1.0,0.0,unknown,no
40.0,management,married,tertiary,no,632.0,no,no,cellular,28.0,may,101.0,6.0,-1.0,0.0,failure,no
36.0,admin.,married,secondary,no,59.0,no,no,cellular,11.0,may,168.0,1.0,-1.0,7.0,unknown,no
41.0,technician,single,tertiary,no,588.0,yes,no,unknown,30.0,may,80.0,2.0,-1.0,0.0,unknown,no
43.0,blue-collar,single,secondary,no,362.0,no,no,cellular,9.0,aug,589.0,1.0,-1.0,0.0,unknown,yes
32.0,unemployed,single,tertiary,no,-753.0,no,yes,cellular,7.0,jun,558.0,1.0,-1.0,0.0,unknown,no
25.0,management,married,secondary,no,531.0,yes,no,cellular,8.0,may,1142.0,2.0,-1.0,0.0,unknown,no
36.0,admin.,married,unknown,no,0.0,yes,no,cellular,12.0,jun,124.0,2.0,-1.0,0.0,failure,yes
24.0,blue-collar,single,secondary,no,895.0,no,no,cellular,29.0,may,103.0,1.0,-1.0,0.0,unknown,no
38.0,management,married,tertiary,no,-331.0,no,no,cellular,10.0,jul,76.0,2.0,-1.0,0.0,unknown,no
37.0,retired,married,secondary,no,48.0,yes,no,cellular,25.0,may,431.0,3.0,-1.0,0.0,unknown,no
49.0,admin.,married,secondary,no,1088.0,yes,no,cellular,3.0,may,164.0,2.0,-1.0,0.0,unknown,no
50.0,management,married,primary,no,926.0,yes,no,telephone,14.0,may,150.0,2.0,-1.0,0.0,unknown,no
41.0,blue-collar,married,primary,no,-128.0,yes,no,cellular,8.0,jun,97.0,3.0,-1.0,0.0,unknown,no
34.0,blue-collar,married,secondary,no,1663.0,yes,no,unknown,30.0,may,59.0,2.0,-1.0,0.0,unknown,no
45.0,management,single,secondary,no,642.0,no,no,unknown,30.0,jun,106.0,1.0,-1.0,0.0,unknown,yes
44.0,blue-collar,single,tertiary,no,0.0,yes,no,unknown,28.0,may,617.0,1.0,-1.0,1.0,unknown,no
31.0,housemaid,married,secondary,no,21.0,yes,yes,unknown,26.0,aug,101.0,1.0,-1.0,0.0,unknown,no
53.0,technician,married,secondary,no,0.0,no,no,unknown,20.0,nov,80.0,1.0,-1.0,0.0,unknown,no
33.0,management,married,tertiary,no,11.0,yes,no,cellular,14.0,jul,137.0,1.0,-1.0,0.0,unknown,no
30.0,blue-collar,married,secondary,no,718.0,yes,no,unknown,20.0,may,82.0,3.0,-1.0,0.0,unknown,no
36.0,admin.,married,secondary,no,230.0,yes,no,unknown,4.0,feb,13.0,3.0,-1.0,0.0,unknown,no
37.0,management,married,secondary,no,-19.0,no,no,cellular,29.0,aug,73.0,1.0,-1.0,0.0,no,yes
51.0,services,married,primary,no,-402.0,yes,no,cellular,9.0,may,521.0,2.0,-1.0,0.0,unknown,no
34.0,management,married,primary,no,1055.0,no,no,unknown,7.0,may,107.0,1.0,-1.0,0.0,unknown,yes
47.0,management,married,secondary,no,9.0,no,no,unknown,7.0,nov,639.0,2.0,-1.0,0.0,unknown,no
55.0,management,married,secondary,no,0.0,yes,no,cellular,19.0,feb,121.0,1.0,-1.0,0.0,unknown,no
33.0,technician,married,primary,no,10.0,yes,no,cellular,19.0,aug,171.0,1.0,-1.0,0.0,unknown,no
21.0,management,married,secondary,no,776.0,no,no,unknown,20.0,may,140.0,1.0,-1.0,0.0,failure,no
33.0,blue-collar,married,tertiary,no,4.0,yes,no,unknown,23.0,jun,113.0,1.0,-1.0,0.0,unknown,no
37.0,management,married,secondary,no,1.0,no,no,cellular,20.0,nov,73.0,2.0,-1.0,0.0,unknown,no
27.0,management,married,secondary,no,442.0,yes,no,cellular,26.0,jun,108.0,2.0,-1.0,0.0,unknown,no
28.0,blue-collar,married,secondary,no,977.0,yes,no,unknown,5.0,aug,121.0,2.0,-1.0,0.0,unknown,no
33.0,management,married,secondary,no,1218.0,no,no,unknown,8.0,may,12.0,1.0,-1.0,0.0,unknown,no
42.0,services,married,secondary,no,0.0,yes,no,unknown,6.0,jul,0.0,1.0,-1.0,0.0,unknown,no
49.0,technician,married,secondary,no,1491.0,yes,no,cellular,20.0,nov,8.0,2.0,-1.0,0.0,unknown,no
58.0,services,single,primary,no,2083.0,no,no,cellular,14.0,may,7.0,2.0,-1.0,0.0,unknown,no
42.0,technician,married,secondary,no,2484.0,yes,no,unknown,5.0,may,85.0,2.0,-1.0,0.0,unknown,no
48.0,blue-collar,married,tertiary,no,10.0,no,no,cellular,15.0,may,80.0,1.0,-1.0,0.0,unknown,no
52.0,management,single,tertiary,no,2.0,no,no,unknown,4.0,may,731.0,2.0,-1.0,0.0,unknown,no
51.0,technician,married,tertiary,no,553.0,yes,no,cellular,30.0,aug,113.0,1.0,-1.0,0.0,unknown,no
34.0,self-employed,married,tertiary,no,12.0,yes,no,cellular,9.0,jun,522.0,3.0,-1.0,0.0,unknown,no
56.0,entrepreneur,single,secondary,no,482.0,no,no,cellular,9.0,may,1449.0,1.0,-1.0,0.0,failure,no
42.0,management,married,secondary,no,1610.0,no,no,unknown,15.0,aug,13.0,1.0,-1.0,0.0,unknown,yes
37.0,management,single,secondary,no,785.0,yes,no,unknown,21.0,aug,136.0,2.0,-1.0,0.0,unknown,no
34.0,management,single,tertiary,no,0.0,yes,no,cellular,13.0,aug,1.0,1.0,-1.0,0.0,unknown,yes
35.0,services,married,secondary,no,3.0,yes,no,cellular,18.0,aug,60.0,4.0,-1.0,0.0,unknown,no
56.0,blue-collar,married,secondary,no,1044.0,no,no,cellular,14.0,aug,1202.0,1.0,-1.0,0.0,unknown,no
36.0,management,married,secondary,no,-396.0,yes,no,cellular,5.0,may,209.0,2.0,-1.0,0.0,success,no
29.0,blue-collar,married,secondary,no,0.0,yes,no,unknown,28.0,jun,562.0,2.0,-1.0,0.0,unknown,no
49.0,admin.,married,secondary,no,-6.0,no,no,cellular,9.0,apr,726.0,3.0,-1.0,0.0,unknown,no
47.0,blue-collar,married,tertiary,no,1061.0,yes,no,cellular,6.0,aug,20.0,1.0,-1.0,1.0,failure,no
33.0,management,married,secondary,no,0.0,yes,no,unknown,19.0,aug,474.0,1.0,-1.0,0.0,unknown,no
57.0,technician,married,secondary,no,6.0,yes,no,unknown,28.0,may,578.0,1.0,-1.0,0.0,unknown,no
54.0,technician,divorced,secondary,no,565.0,no,no,unknown,8.0,may,110.0,1.0,-1.0,0.0,unknown,no
39.0,management,married,secondary,no,6.0,yes,no,unknown,5.0,jul,2185.0,1.0,-1.0,0.0,unknown,no
32.0,admin.,married,unknown,no,0.0,no,no,unknown,12.0,may,87.0,1.0,-1.0,0.0,unknown,no
34.0,retired,single,primary,no,0.0,yes,no,cellular,5.0,may,5.0,3.0,-1.0,0.0,unknown,no
34.0,blue-collar,divorced,secondary,no,16.0,no,no,unknown,14.0,aug,104.0,2.0,-1.0,0.0,unknown,yes
35.0,admin. __index_level_0__,married,tertiary,no,10.0,no,no,cellular,13.0,apr,151.0,1.0,-1.0,0.0,unknown,no
50.0,blue-collar,single,tertiary,no,0.0,yes,no,unknown,4.0,aug,741.0,1.0,-1.0,0.0,unknown,yes
30.0,management,married,secondary,no,738.0,yes,no,unknown,9.0,jun,2.0,4.0,-1.0,0.0,unknown,no
32.0,technician,married,secondary,no,637.0,no,no,cellular,4.0,may,114.0,2.0,-1.0,0.0,unknown,no
49.0,admin.,married,secondary,no,874.0,no,no,cellular,13.0,aug,152.0,1.0,-1.0,0.0,unknown,no
54.0,admin.,married,secondary,no,632.0,no,no,cellular,17.0,aug,441.0,2.0,-1.0,0.0,unknown,no
38.0,management,married,secondary,no,1874.0,yes,no,cellular,5.0,may,531.0,1.0,-1.0,0.0,unknown,no
51.0,blue-collar,married,secondary,no,795.0,yes,no,unknown,23.0,may,4.0,1.0,-1.0,0.0,unknown,no
33.0,management,single,secondary,no,543.0,yes,no,unknown,5.0,aug,182.0,1.0,-1.0,0.0,unknown,no
35.0,technician,married,secondary,no,60.0,yes,no,cellular,22.0,jul,45.0,2.0,-1.0,0.0,unknown,no
34.0,management,married,primary,no,0.0,yes,no,cellular,5.0,jul,-1.0,5.0,-1.0,0.0,unknown,no
37.0,management,single,tertiary,no,5944.0,yes,yes,cellular,19.0,may,11.0,1.0,-1.0,0.0,unknown,no
31.0,blue-collar,married,secondary,no,537.0,yes,no,cellular,29.0,may,726.0,2.0,-1.0,0.0,unknown,no
47.0,blue-collar,single,secondary,no,921.0,no,no,cellular,8.0,aug,863.0,2.0,-1.0,0.0,failure,no
32.0,blue-collar,married,tertiary,no,-27.0,yes,no,cellular,13.0,nov,76.0,2.0,-1.0,0.0,unknown,no
32.0,management,married,secondary,no,658.0,no,no,cellular,12.0,aug,12.0,1.0,-1.0,0.0,unknown,no
35.0,services,married,secondary,no,0.0,no,no,unknown,6.0,feb,2.0,1.0,-1.0,0.0,unknown,no
49.0,management,single,secondary,no,45.0,no,no,cellular,10.0,may,136.0,1.0,-1.0,0.0,unknown,yes
42.0,admin.,married,secondary,no,1086.0,no,no,unknown,29.0,nov,168.0,2.0,-1.0,0.0,success,yes
57.0,services,single,secondary,no,5.0,yes,no,cellular,23.0,jun,43.0,1.0,-1.0,2.0,failure,no
30.0,management,married,secondary,no,744.0,yes,yes,cellular,10.0,jan,10.0,2.0,-1.0,0.0,unknown,no
41.0,technician,married,tertiary,no,-1.0,yes,no,unknown,19.0,may,496.0,1.0,-1.0,5.0,unknown,no
30.0,admin.,married,secondary,no,-1.0,yes,no,cellular,11.0,aug,762.0,1.0,-1.0,0.0,unknown,no
40.0,technician,married,secondary,no,1185.0,yes,no,unknown,7.0,aug,121.0,2.0,-1.0,0.0,unknown,no
52.0,retired,single,secondary,no,-331.0,no,no,unknown,18.0,jan,103.0,1.0,-1.0,0.0,unknown,no
34.0,blue-collar,single,primary,no,-18.0,no,no,cellular,5.0,jul,0.0,1.0,-1.0,0.0,unknown,yes
53.0,blue-collar,married,primary,no,1230.0,no,no,cellular,5.0,jun,542.0,1.0,-1.0,0.0,unknown,no
45.0,management,married,primary,no,44.0,no,no,cellular,19.0,aug,628.0,2.0,-1.0,0.0,unknown,no
43.0,services,single,secondary,no,837.0,yes,no,cellular,20.0,may,124.0,2.0,-1.0,0.0,unknown,no
48.0,blue-collar,married,secondary,no,3830.0,yes,no,unknown,9.0,apr,691.0,4.0,-1.0,0.0,unknown,yes
31.0,technician,married,primary,no,844.0,yes,no,cellular,27.0,may,3.0,2.0,-1.0,0.0,unknown,no
50.0,admin.,married,secondary,no,1423.0,yes,no,unknown,19.0,jul,487.0,2.0,-1.0,0.0,unknown,no
40.0,admin.,married,secondary,no,2.0,yes,no,unknown,28.0,may,167.0,2.0,-1.0,0.0,unknown,no
27.0,services,married,secondary,no,11.0,no,no,unknown,26.0,nov,6.0,1.0,-1.0,0.0,unknown,no
53.0,blue-collar,married,secondary,no,746.0,no,no,unknown,4.0,feb,151.0,5.0,-1.0,0.0,unknown,yes
30.0,admin.,divorced,tertiary,no,588.0,yes,no,cellular,9.0,may,108.0,1.0,-1.0,0.0,unknown,no
57.0,blue-collar,married,primary,no,3.0,no,no,unknown,18.0,aug,107.0,1.0,-1.0,0.0,unknown,no
58.0,technician,married,secondary,no,12.0,yes,no,cellular,13.0,nov,554.0,1.0,-1.0,0.0,unknown,no
44.0,blue-collar,married,secondary,no,723.0,no,no,cellular,4.0,may,4.0,1.0,-1.0,0.0,unknown,no
45.0,blue-collar,single,secondary,no,1484.0,yes,yes,cellular,9.0,jul,585.0,2.0,-1.0,0.0,unknown,yes
49.0,technician,married,secondary,no,24.0,no,no,cellular,3.0,may,7.0,1.0,-1.0,0.0,unknown,no
33.0,technician,married,unknown,no,1520.0,yes,no,unknown,19.0,may,214.0,2.0,-1.0,0.0,unknown,no
33.0,blue-collar,married,secondary,no,459.0,yes,no,unknown,19.0,may,116.0,2.0,-1.0,0.0,unknown,yes
32.0,technician,married,secondary,no,4.0,yes,no,cellular,29.0,may,209.0,5.0,-1.0,1.0,failure,no
28.0,blue-collar,married,secondary,no,0.0,no,no,unknown,4.0,jul,889.0,2.0,-1.0,0.0,unknown,yes
45.0,retired,married,secondary,no,1478.0,yes,yes,unknown,15.0,aug,613.0,4.0,-1.0,0.0,unknown,no
45.0,blue-collar,married,secondary,no,589.0,no,no,cellular,29.0,jun,82.0,5.0,-1.0,0.0,unknown,no
29.0,technician,married,tertiary,no,661.0,no,no,unknown,21.0,jun,49.0,2.0,-1.0,0.0,unknown,no
50.0,retired,single,secondary,no,13.0,yes,no,unknown,4.0,may,1583.0,1.0,99.0,0.0,unknown,no
51.0,technician,married,secondary,no,4475.0,yes,no,cellular,24.0,may,103.0,1.0,-1.0,0.0,unknown,yes
35.0,management,married,secondary,no,872.0,yes,no,cellular,29.0,feb,1352.0,1.0,-1.0,0.0,unknown,no
32.0,blue-collar,married,secondary,no,8.0,yes,yes,cellular,28.0,jun,487.0,2.0,-1.0,0.0,unknown,no
33.0,unemployed,married,secondary,no,2344.0,no,no,cellular,9.0,aug,136.0,1.0,-1.0,0.0,unknown,no
35.0,technician,married,secondary,no,60.0,no,no,cellular,28.0,jun,195.0,1.0,-1.0,0.0,unknown,no
33.0,technician,married,tertiary,no,541.0,no,no,cellular,31.0,may,459.0,2.0,-1.0,0.0,unknown,no
50.0,admin.,divorced,secondary,no,-292.0,yes,no,cellular,25.0,jun,76.0,1.0,-1.0,1.0,unknown,no
37.0,management,married,secondary,no,689.0,no,no,cellular,2.0,may,12.0,4.0,-1.0,0.0,unknown,no
34.0,technician,single,secondary,no,5.0,no,no,cellular,6.0,aug,712.0,2.0,-1.0,0.0,unknown,yes
40.0,admin.,single,tertiary,no,1289.0,yes,yes,cellular,20.0,nov,547.0,2.0,-1.0,0.0,unknown,no
32.0,management,married,secondary,no,1464.0,yes,no,telephone,29.0,aug,478.0,2.0,-1.0,0.0,unknown,no
36.0,self-employed,married,secondary,no,0.0,yes,no,cellular,4.0,may,169.0,2.0,-1.0,0.0,unknown,no
39.0,management,married,secondary,no,2720.0,yes,no,cellular,9.0,aug,664.0,2.0,-1.0,0.0,failure,no
50.0,technician,divorced,secondary,no,40.0,no,no,unknown,12.0,may,151.0,3.0,-1.0,0.0,unknown,no
40.0,management,single,unknown,no,0.0,yes,no,unknown,14.0,nov,164.0,2.0,-1.0,0.0,unknown,no
28.0,management,divorced,tertiary,no,1477.0,no,no,cellular,5.0,aug,49.0,1.0,-1.0,0.0,unknown,no
39.0,blue-collar,married,secondary,no,456.0,no,no,unknown,16.0,may,258.0,2.0,-1.0,0.0,unknown,no
42.0,technician,single,secondary,no,0.0,yes,no,cellular,29.0,may,195.0,2.0,-1.0,0.0,unknown,no
51.0,admin.,married,secondary,no,-49.0,no,no,cellular,15.0,jul,48.0,4.0,-1.0,0.0,unknown,no
30.0,management,single,secondary,no,2.0,no,no,cellular,2.0,nov,95.0,1.0,-1.0,0.0,other,yes
52.0,admin.,married,secondary,no,0.0,no,yes,cellular,12.0,feb,16.0,2.0,-1.0,0.0,failure,no
35.0,technician,married,secondary,no,963.0,yes,no,cellular,20.0,jul,477.0,1.0,-1.0,0.0,unknown,no
31.0,blue-collar,married,secondary,no,39.0,yes,no,cellular,2.0,may,579.0,6.0,-1.0,0.0,success,no
56.0,services,divorced,secondary,no,9.0,yes,no,unknown,21.0,may,991.0,1.0,-1.0,0.0,unknown,no
34.0,blue-collar,married,primary,no,521.0,yes,no,cellular,19.0,jul,10.0,1.0,-1.0,0.0,unknown,no
33.0,blue-collar,single,tertiary,no,603.0,no,no,cellular,12.0,jun,73.0,1.0,-1.0,0.0,unknown,no
39.0,unemployed,single,secondary,no,1812.0,yes,no,cellular,16.0,nov,183.0,1.0,-1.0,4.0,failure,no
30.0,admin.,married,primary,no,-229.0,no,no,cellular,9.0,may,562.0,1.0,-1.0,0.0,unknown,no
25.0,services,single,primary,no,5.0,no,no,unknown,9.0,jan,130.0,1.0,-1.0,0.0,unknown,no
49.0,technician,married,tertiary,no,454.0,no,no,cellular,12.0,jul,603.0,2.0,-1.0,0.0,unknown,no
27.0,blue-collar,married,secondary,no,7.0,yes,no,unknown,27.0,may,171.0,1.0,-1.0,2.0,unknown,no
36.0,blue-collar,married,secondary,no,858.0,no,no,cellular,14.0,jul,11.0,2.0,-1.0,0.0,unknown,no
29.0,admin.,married,secondary,no,519.0,no,yes,telephone,11.0,jun,918.0,2.0,-1.0,0.0,unknown,no
57.0,retired,married,tertiary,no,0.0,no,no,cellular,31.0,nov,164.0,1.0,-1.0,0.0,unknown,no
42.0,blue-collar,single,tertiary,no,1376.0,no,no,cellular,20.0,jul,644.0,1.0,-1.0,0.0,unknown,no
32.0,admin.,married,tertiary,no,921.0,yes,no,unknown,9.0,jun,617.0,2.0,-1.0,0.0,unknown,no
20.0,retired,married,secondary,no,15.0,yes,yes,cellular,9.0,jun,583.0,1.0,-1.0,0.0,unknown,no
43.0,management,married,secondary,no,1054.0,no,no,unknown,14.0,aug,167.0,2.0,-1.0,0.0,other,no
27.0,blue-collar,divorced,tertiary,no,442.0,yes,no,cellular,27.0,feb,107.0,1.0,-1.0,0.0,unknown,yes
57.0,technician,married,secondary,no,441.0,yes,yes,telephone,6.0,may,60.0,1.0,-1.0,0.0,failure,no
36.0,technician,single,tertiary,no,989.0,yes,no,cellular,16.0,aug,116.0,4.0,-1.0,2.0,unknown,no
32.0,management,married,primary,no,489.0,no,no,cellular,8.0,may,151.0,4.0,-1.0,0.0,unknown,yes
32.0,blue-collar,married,primary,no,0.0,yes,no,unknown,20.0,aug,106.0,3.0,-1.0,0.0,unknown,no
41.0,management,married,primary,no,849.0,yes,no,cellular,14.0,aug,684.0,1.0,-1.0,0.0,failure,no
29.0,blue-collar,married,secondary,no,2480.0,yes,yes,cellular,8.0,may,696.0,2.0,-1.0,0.0,unknown,no
40.0,services,married,secondary,no,880.0,yes,no,unknown,16.0,jun,9.0,1.0,-1.0,0.0,unknown,no
47.0,unemployed,married,secondary,no,2.0,yes,no,cellular,21.0,may,169.0,2.0,-1.0,0.0,unknown,no
39.0,housemaid,married,tertiary,no,854.0,yes,no,cellular,4.0,jul,74.0,1.0,-1.0,0.0,unknown,no
46.0,housemaid,married,primary,no,830.0,yes,no,unknown,10.0,may,654.0,1.0,-1.0,6.0,failure,no
49.0,admin.,married,secondary,no,454.0,no,no,unknown,2.0,may,8.0,1.0,-1.0,0.0,unknown,no
38.0,management,single,tertiary,no,1189.0,no,no,cellular,18.0,nov,5.0,1.0,-1.0,0.0,unknown,no
44.0,retired,married,secondary,no,10.0,yes,no,cellular,19.0,may,611.0,2.0,-1.0,0.0,unknown,no
41.0,management,married,tertiary,no,6.0,no,no,cellular,19.0,apr,127.0,2.0,-1.0,0.0,unknown,no
42.0,admin.,married,tertiary,no,0.0,yes,no,unknown,28.0,may,687.0,10.0,-1.0,0.0,unknown,no
29.0,blue-collar,married,secondary,no,26.0,yes,no,cellular,20.0,jun,168.0,3.0,-1.0,0.0,unknown,no
29.0,technician,married,secondary,no,5.0,yes,no,unknown,15.0,may,112.0,1.0,-1.0,0.0,unknown,yes
34.0,management,married,primary,no,6.0,no,no,unknown,20.0,may,103.0,1.0,-1.0,0.0,unknown,no
30.0,entrepreneur,married,primary,no,-277.0,no,no,cellular,1.0,may,621.0,1.0,-1.0,0.0,unknown,no
35.0,blue-collar,divorced,secondary,no,0.0,no,no,cellular,21.0,may,158.0,4.0,-1.0,0.0,unknown,no
25.0,blue-collar,married,secondary,no,0.0,no,no,unknown,20.0,may,83.0,1.0,-1.0,0.0,unknown,yes
49.0,management,married,tertiary,no,1699.0,no,no,cellular,9.0,jun,76.0,1.0,-1.0,0.0,unknown,no
29.0,retired,married,secondary,no,8982.0,no,no,unknown,16.0,may,463.0,2.0,-1.0,0.0,unknown,no
55.0,blue-collar,married,secondary,no,78.0,no,no,unknown,23.0,may,434.0,6.0,-1.0,0.0,unknown,yes
56.0,admin.,married,tertiary,no,-21.0,yes,no,unknown,20.0,may,172.0,2.0,-1.0,0.0,unknown,no
44.0,technician,married,secondary,no,10.0,yes,no,unknown,19.0,aug,559.0,3.0,-1.0,0.0,unknown,no
39.0,technician,married,secondary,no,13.0,yes,no,unknown,13.0,aug,13.0,2.0,-1.0,0.0,unknown,yes
30.0,admin.,married,secondary,no,2557.0,no,no,unknown,28.0,jun,718.0,3.0,-1.0,0.0,unknown,no
40.0,technician,married,secondary,no,9.0,yes,yes,cellular,18.0,jun,178.0,5.0,-1.0,0.0,unknown,no
47.0,blue-collar,single,secondary,no,459.0,no,yes,cellular,9.0,may,13.0,3.0,-1.0,0.0,unknown,no
57.0,blue-collar,single,secondary,no,-449.0,no,no,cellular,6.0,jul,57.0,6.0,-1.0,0.0,unknown,no
35.0,management,single,secondary,no,788.0,yes,no,telephone,14.0,aug,9.0,1.0,-1.0,0.0,other,no
33.0,admin.,divorced,secondary,no,991.0,yes,no,cellular,3.0,jun,152.0,2.0,-1.0,0.0,unknown,no
30.0,technician,married,secondary,no,775.0,yes,no,cellular,24.0,may,9.0,2.0,-1.0,0.0,unknown,no
47.0,admin.,married,secondary,no,-9.0,yes,no,cellular,15.0,month,2.0,1.0,-1.0,0.0,unknown,no
52.0,technician,single,secondary,no,858.0,no,no,unknown,7.0,aug,158.0,1.0,-1.0,0.0,unknown,no
47.0,management,single,secondary,no,8.0,yes,no,cellular,24.0,may,9.0,2.0,-1.0,0.0,unknown,no
53.0,technician,single,secondary,no,964.0,no,no,cellular,7.0,jan,112.0,2.0,-1.0,0.0,unknown,no
55.0,services,married,secondary,no,5.0,no,no,cellular,3.0,may,6.0,2.0,-1.0,0.0,unknown,no
49.0,entrepreneur,divorced,secondary,no,823.0,no,no,cellular,21.0,may,476.0,1.0,-1.0,0.0,unknown,no
61.0,self-employed,married,tertiary,no,488.0,yes,no,cellular,12.0,jun,151.0,1.0,-1.0,0.0,unknown,no
59.0,blue-collar,married,tertiary,no,76.0,yes,no,unknown,19.0,may,95.0,1.0,-1.0,0.0,unknown,no
51.0,technician,married,education,no,823.0,yes,no,cellular,20.0,aug,564.0,1.0,-1.0,0.0,unknown,no
43.0,blue-collar,married,secondary,no,1174.0,yes,no,unknown,25.0,may,116.0,1.0,-1.0,0.0,unknown,no
26.0,blue-collar,single,secondary,no,1.0,yes,no,unknown,5.0,feb,721.0,1.0,-1.0,0.0,unknown,yes
33.0,management,married,tertiary,no,1038.0,no,no,cellular,2.0,jul,168.0,2.0,-1.0,0.0,unknown,no
46.0,technician,married,tertiary,no,30.0,yes,no,unknown,16.0,nov,178.0,1.0,-1.0,0.0,unknown,no
38.0,admin.,married,secondary,no,0.0,no,no,cellular,12.0,jul,131.0,1.0,-1.0,0.0,unknown,no
28.0,services,married,tertiary,no,2712.0,yes,no,cellular,28.0,may,107.0,1.0,-1.0,0.0,unknown,no
34.0,admin.,married,primary,no,1533.0,yes,no,cellular,11.0,may,744.0,1.0,-1.0,0.0,unknown,no
28.0,management,single,secondary,no,858.0,yes,no,cellular,14.0,feb,6.0,1.0,-1.0,0.0,unknown,no
49.0,technician,married,primary,no,0.0,no,no,cellular,23.0,may,488.0,1.0,-1.0,0.0,unknown,no
34.0,admin.,married,tertiary,no,964.0,no,no,cellular,29.0,may,9.0,2.0,-1.0,0.0,unknown,no
32.0,blue-collar,single,secondary,no,1159.0,yes,no,cellular,5.0,jul,1203.0,3.0,-1.0,0.0,unknown,yes
38.0,blue-collar,married,secondary,no,161948.0,yes,no,unknown,6.0,may,984.0,2.0,-1.0,0.0,unknown,no
40.0,services,divorced,secondary,no,1.0,yes,no,cellular,7.0,nov,136.0,1.0,-1.0,0.0,unknown,no
43.0,services,married,primary,no,6.0,yes,no,cellular,19.0,may,139.0,3.0,-1.0,0.0,unknown,no
54.0,student,married,secondary,no,942.0,yes,no,unknown,13.0,may,124.0,2.0,-1.0,0.0,unknown,no
38.0,admin.,single,tertiary,no,562.0,no,no,unknown,21.0,jul,182.0,1.0,-1.0,0.0,unknown,no
34.0,management,married,primary,no,-287.0,yes,no,cellular,2.0,jul,783.0,2.0,-1.0,0.0,unknown,no
46.0,management,married,secondary,no,0.0,yes,no,cellular,5.0,jul,637.0,2.0,-1.0,0.0,other,no
45.0,technician,married,primary,no,39.0,yes,no,cellular,20.0,jun,135.0,2.0,-1.0,0.0,unknown,no
32.0,admin.,married,secondary,no,35.0,yes,no,cellular,12.0,may,572.0,7.0,188.0,0.0,failure,no
34.0,retired,married,secondary,no,1605.0,yes,no,cellular,28.0,may,49.0,4.0,-1.0,0.0,unknown,no
44.0,blue-collar,married,secondary,no,463.0,yes,no,cellular,3.0,mar,459.0,1.0,-1.0,0.0,unknown,no
30.0,technician,married,secondary,no,-5.0,no,no,cellular,28.0,aug,13.0,1.0,-1.0,2.0,unknown,no
33.0,management,married,unknown,no,8.0,yes,no,cellular,9.0,aug,158.0,2.0,-1.0,0.0,unknown,no
37.0,management,single,tertiary,no,0.0,no,no,cellular,18.0,may,461.0,2.0,-1.0,0.0,unknown,no
31.0,blue-collar,married,secondary,no,1458.0,yes,no,cellular,7.0,aug,462.0,1.0,-1.0,0.0,unknown,no
43.0,management,married,primary,no,813.0,yes,no,cellular,27.0,may,673.0,2.0,-1.0,0.0,unknown,no
40.0,blue-collar,single,primary,no,40.0,yes,no,unknown,25.0,jun,891.0,1.0,-1.0,0.0,unknown,no
55.0,management,married,tertiary,no,0.0,no,no,unknown,20.0,aug,543.0,1.0,-1.0,0.0,unknown,no
56.0,blue-collar,married,secondary,no,101.0,no,no,cellular,29.0,aug,107.0,4.0,-1.0,0.0,unknown,no
28.0,management,single,tertiary,no,-253.0,no,no,cellular,20.0,jun,168.0,2.0,-1.0,0.0,unknown,no
46.0,management,married,primary,no,836.0,yes,yes,cellular,3.0,may,687.0,2.0,-1.0,0.0,failure,no
52.0,blue-collar,single,secondary,no,631.0,no,no,unknown,23.0,may,169.0,1.0,-1.0,0.0,unknown,yes
40.0,services,married,secondary,no,963.0,no,no,cellular,14.0,may,543.0,1.0,-1.0,0.0,unknown,no
38.0,management,married,secondary,no,0.0,yes,no,unknown,18.0,jan,130.0,1.0,-1.0,0.0,unknown,no
39.0,management,married,primary,no,1342.0,yes,no,cellular,6.0,jan,11.0,2.0,-1.0,0.0,unknown,no
33.0,technician,married,primary,no,1610.0,yes,no,cellular,19.0,may,335.0,1.0,-1.0,0.0,unknown,no
34.0,technician,married,tertiary,no,20.0,yes,no,cellular,30.0,aug,183.0,4.0,-1.0,0.0,failure,no
34.0,technician,married,tertiary,no,3.0,no,no,cellular,3.0,jun,182.0,2.0,-1.0,0.0,unknown,no
37.0,management,married,secondary,no,0.0,no,no,unknown,12.0,aug,2.0,1.0,-1.0,0.0,unknown,no
44.0,admin.,single,unknown,no,6.0,no,no,cellular,8.0,may,97.0,1.0,-1.0,0.0,unknown,no
54.0,services,married,secondary,no,12.0,yes,no,cellular,7.0,jun,683.0,1.0,-1.0,0.0,unknown,no
47.0,blue-collar,married,secondary,no,1486.0,yes,no,cellular,30.0,jun,1085.0,1.0,-1.0,0.0,unknown,no
29.0,management,single,secondary,no,1495.0,no,no,cellular,11.0,aug,545.0,1.0,-1.0,0.0,unknown,no
39.0,technician,married,primary,no,1849.0,no,no,unknown,19.0,apr,819.0,1.0,-1.0,0.0,unknown,no
32.0,management,married,tertiary,no,1183.0,no,yes,cellular,7.0,jul,12.0,3.0,-1.0,0.0,unknown,no
38.0,services,married,primary,no,862.0,no,no,cellular,20.0,feb,1280.0,2.0,-1.0,0.0,unknown,yes
40.0,blue-collar,single,secondary,no,441.0,no,no,unknown,30.0,aug,696.0,1.0,-1.0,0.0,unknown,no
28.0,unemployed,married,tertiary,no,2561.0,yes,no,cellular,21.0,mar,171.0,1.0,-1.0,0.0,unknown,no
26.0,blue-collar,married,primary,no,474.0,yes,no,cellular,2.0,jul,8.0,2.0,-1.0,0.0,unknown,no
36.0,technician,married,tertiary,no,589.0,yes,no,cellular,30.0,feb,60.0,1.0,-1.0,0.0,unknown,no
33.0,blue-collar,single,tertiary,no,0.0,yes,no,cellular,14.0,nov,101.0,2.0,-1.0,0.0,unknown,yes
26.0,blue-collar,married,secondary,no,17.0,yes,no,unknown,7.0,may,562.0,1.0,-1.0,0.0,unknown,no
32.0,blue-collar,married,secondary,no,-331.0,no,no,cellular,14.0,may,101.0,6.0,-1.0,0.0,unknown,no
37.0,admin.,married,secondary,no,2161.0,no,no,unknown,28.0,jun,113.0,1.0,-1.0,0.0,unknown,no
45.0,blue-collar,married,tertiary,no,5.0,yes,no,cellular,19.0,may,121.0,4.0,-1.0,0.0,unknown,no
30.0,management,married,secondary,no,0.0,yes,no,unknown,15.0,jul,124.0,2.0,-1.0,0.0,unknown,no
30.0,blue-collar,single,secondary,no,0.0,yes,no,unknown,18.0,may,97.0,1.0,-1.0,0.0,unknown,no
59.0,blue-collar,divorced,secondary,no,695.0,no,no,cellular,27.0,4,486.0,2.0,-1.0,0.0,unknown,no
47.0,blue-collar,single,secondary,no,12.0,yes,no,cellular,16.0,aug,172.0,1.0,-1.0,4.0,unknown,no
41.0,blue-collar,married,secondary,no,0.0,no,no,unknown,6.0,aug,139.0,5.0,-1.0,2.0,unknown,no
37.0,admin.,single,tertiary,no,2154.0,no,no,cellular,16.0,sep,116.0,3.0,-1.0,0.0,unknown,no
57.0,technician,married,secondary,no,3.0,no,no,cellular,31.0,may,1315.0,1.0,-1.0,0.0,unknown,no
51.0,technician,married,secondary,no,6.0,yes,no,cellular,17.0,jun,537.0,1.0,-1.0,0.0,unknown,no
41.0,technician,single,tertiary,no,30.0,no,no,cellular,6.0,aug,864.0,2.0,-1.0,0.0,unknown,no
26.0,management,married,primary,no,2020.0,no,no,cellular,17.0,jul,5.0,2.0,-1.0,0.0,unknown,no
27.0,blue-collar,single,secondary,no,12.0,no,no,unknown,7.0,aug,172.0,2.0,-1.0,0.0,unknown,no
41.0,admin.,single,tertiary,no,0.0,no,no,cellular,16.0,jul,73.0,1.0,-1.0,0.0,unknown,no
43.0,services,married,secondary,no,0.0,yes,no,unknown,27.0,aug,76.0,6.0,-1.0,0.0,unknown,no
41.0,blue-collar,married,tertiary,no,-269.0,no,no,cellular,28.0,may,94.0,2.0,-1.0,0.0,unknown,no
54.0,management,single,tertiary,no,6.0,yes,no,unknown,13.0,may,158.0,1.0,-1.0,0.0,failure,no
30.0,technician,married,secondary,no,622.0,yes,no,cellular,4.0,sep,579.0,1.0,-1.0,0.0,unknown,no
36.0,management,married,secondary,no,5.0,no,no,unknown,5.0,nov,183.0,1.0,-1.0,0.0,unknown,no
47.0,services,single,secondary,no,58.0,no,no,unknown,14.0,nov,439.0,2.0,-1.0,0.0,unknown,no
51.0,management,married,secondary,no,449.0,yes,no,cellular,20.0,jul,9.0,1.0,-1.0,0.0,unknown,no
45.0,technician,married,secondary,no,541.0,no,no,unknown,27.0,apr,7.0,2.0,-1.0,0.0,unknown,yes
54.0,entrepreneur,married,secondary,no,1280.0,yes,yes,unknown,5.0,apr,152.0,1.0,-1.0,0.0,unknown,no
33.0,services,married,secondary,no,1175.0,yes,no,cellular,12.0,aug,110.0,1.0,-1.0,0.0,unknown,no
49.0,admin.,married,secondary,no,8.0,yes,no,unknown,19.0,may,78.0,2.0,-1.0,0.0,unknown,no
35.0,blue-collar,married,secondary,no,-178.0,no,no,cellular,19.0,aug,103.0,2.0,-1.0,0.0,unknown,no
27.0,blue-collar,divorced,secondary,no,0.0,no,no,unknown,26.0,may,7.0,3.0,-1.0,0.0,unknown,no
47.0,services,married,tertiary,no,0.0,yes,no,cellular,27.0,aug,61.0,1.0,-1.0,0.0,unknown,no
37.0,technician,married,secondary,no,471.0,yes,no,cellular,2.0,may,116.0,2.0,-1.0,0.0,unknown,no
53.0,retired,married,secondary,no,795.0,yes,no,cellular,3.0,jun,44.0,2.0,-1.0,4.0,unknown,no
57.0,technician,married,secondary,no,2731.0,no,yes,unknown,8.0,jun,461.0,1.0,-1.0,0.0,unknown,no
59.0,technician,married,secondary,no,516.0,yes,no,cellular,27.0,may,80.0,2.0,-1.0,0.0,failure,no
40.0,management,married,secondary,no,1214.0,no,no,cellular,30.0,aug,5.0,2.0,-1.0,0.0,unknown,no
31.0,admin.,married,primary,no,0.0,no,no,cellular,10.0,feb,774.0,3.0,-1.0,0.0,unknown,no
49.0,management,married,secondary,no,0.0,yes,no,unknown,20.0,may,199.0,2.0,-1.0,0.0,unknown,no
49.0,management,married,secondary,no,1.0,yes,no,unknown,20.0,may,8.0,3.0,-1.0,0.0,unknown,no
48.0,blue-collar,married,secondary,no,1026.0,no,no,unknown,7.0,may,803.0,2.0,-1.0,0.0,unknown,yes
49.0,blue-collar,married,secondary,no,2627.0,no,no,unknown,21.0,may,828.0,2.0,-1.0,0.0,unknown,no
30.0,blue-collar,single,secondary,no,2979.0,no,no,cellular,31.0,jul,97.0,2.0,-1.0,0.0,unknown,no
32.0,management,married,secondary,no,0.0,no,no,cellular,5.0,may,106.0,1.0,-1.0,0.0,failure,no
28.0,management,married,secondary,no,0.0,yes,yes,unknown,19.0,aug,852.0,4.0,-1.0,0.0,unknown,no
33.0,management,married,tertiary,no,1065.0,yes,no,cellular,18.0,may,108.0,2.0,-1.0,0.0,unknown,no
37.0,technician,married,secondary,no,12.0,yes,no,cellular,12.0,may,137.0,2.0,-1.0,0.0,unknown,no
30.0,blue-collar,married,secondary,no,727.0,no,no,cellular,18.0,may,1.0,2.0,-1.0,0.0,unknown,no
36.0,blue-collar,married,secondary,no,8.0,yes,no,cellular,12.0,may,7.0,2.0,-1.0,0.0,unknown,no
45.0,management,married,secondary,no,-260.0,yes,no,cellular,13.0,may,107.0,1.0,-1.0,0.0,unknown,no
46.0,self-employed,single,secondary,no,527.0,yes,no,cellular,18.0,may,2.0,1.0,-1.0,0.0,unknown,no
57.0,technician,single,secondary,no,-331.0,yes,no,cellular,13.0,may,103.0,1.0,-1.0,0.0,unknown,no
37.0,technician,married,tertiary,no,1.0,yes,no,cellular,20.0,may,57.0,1.0,-1.0,1.0,unknown,no
32.0,blue-collar,married,tertiary,no,4.0,no,yes,unknown,12.0,jun,624.0,1.0,-1.0,0.0,unknown,yes
24.0,technician,married,primary,no,9.0,yes,no,cellular,7.0,jul,642.0,2.0,-1.0,0.0,unknown,no
46.0,admin.,married,tertiary,no,228.0,no,no,cellular,13.0,jun,87.0,1.0,-1.0,0.0,unknown,no
28.0,technician,single,secondary,no,564.0,yes,no,cellular,18.0,may,11.0,2.0,-1.0,0.0,unknown,yes
34.0,blue-collar,married,secondary,no,1794.0,no,no,unknown,18.0,feb,123.0,1.0,-1.0,0.0,unknown,no
43.0,management,married,secondary,no,5.0,no,no,cellular,17.0,nov,183.0,4.0,-1.0,0.0,unknown,no
46.0,blue-collar,married,secondary,no,0.0,yes,no,unknown,20.0,jun,1216.0,1.0,-1.0,0.0,unknown,no
28.0,blue-collar,married,secondary,no,659.0,yes,no,cellular,8.0,may,127.0,2.0,-1.0,1.0,failure,no
28.0,student,married,secondary,no,907.0,no,no,cellular,15.0,jun,1279.0,2.0,-1.0,0.0,unknown,no
47.0,management,single,secondary,no,-119.0,yes,no,unknown,21.0,may,0.0,1.0,-1.0,0.0,unknown,no
53.0,entrepreneur,single,secondary,no,615.0,yes,no,cellular,5.0,may,113.0,1.0,-1.0,0.0,unknown,no
51.0,management,married,secondary,no,59.0,yes,no,cellular,9.0,nov,152.0,2.0,-1.0,0.0,other,no
47.0,blue-collar,married,secondary,no,-26.0,no,no,unknown,13.0,may,730.0,2.0,-1.0,0.0,unknown,no
42.0,services,married,tertiary,no,25.0,yes,no,cellular,5.0,may,182.0,2.0,-1.0,0.0,unknown,no
41.0,management,married,secondary,no,754.0,no,no,unknown,20.0,may,12.0,3.0,-1.0,0.0,unknown,no
47.0,management,married,secondary,no,-30.0,yes,yes,cellular,21.0,may,121.0,2.0,-1.0,0.0,unknown,yes
50.0,blue-collar,single,secondary,no,534.0,yes,no,unknown,12.0,jul,83.0,2.0,-1.0,0.0,unknown,no
32.0,management,married,tertiary,no,1363.0,no,no,cellular,13.0,apr,878.0,7.0,-1.0,0.0,failure,no
38.0,admin.,married,tertiary,no,-31.0,no,no,unknown,6.0,jul,171.0,1.0,-1.0,0.0,unknown,no
35.0,technician,married,secondary,no,12.0,no,no,unknown,17.0,may,1487.0,6.0,-1.0,0.0,unknown,no
38.0,blue-collar,married,secondary,no,1744.0,yes,no,cellular,9.0,may,6.0,1.0,-1.0,0.0,unknown,no
36.0,management,divorced,secondary,no,1186.0,yes,no,cellular,14.0,jun,636.0,5.0,-1.0,4.0,failure,no
44.0,blue-collar,married,secondary,no,5.0,yes,no,cellular,5.0,may,1096.0,1.0,-1.0,0.0,unknown,no
37.0,blue-collar,married,primary,no,469.0,yes,no,cellular,12.0,may,534.0,1.0,-1.0,0.0,unknown,no
51.0,management,married,secondary,no,7.0,yes,no,cellular,5.0,may,623.0,3.0,-1.0,0.0,unknown,no
47.0,technician,single,secondary,no,-15.0,no,yes,cellular,15.0,feb,2.0,1.0,653.0,0.0,failure,no
35.0,technician,married,secondary,no,3341.0,no,no,unknown,5.0,aug,11.0,1.0,-1.0,0.0,unknown,no
49.0,management,married,secondary,no,0.0,no,no,cellular,5.0,may,479.0,1.0,-1.0,0.0,unknown,no
34.0,technician,single,secondary,no,0.0,no,no,cellular,11.0,jun,11.0,2.0,-1.0,0.0,unknown,no
41.0,retired,married,tertiary,no,0.0,no,no,unknown,16.0,apr,106.0,2.0,-1.0,0.0,unknown,yes
39.0,admin.,married,secondary,no,-339.0,yes,no,unknown,24.0,may,583.0,1.0,-1.0,0.0,unknown,no
54.0,services,married,secondary,no,-8.0,no,no,cellular,6.0,may,562.0,3.0,-1.0,0.0,unknown,no
39.0,management,divorced,secondary,no,2141.0,yes,no,cellular,19.0,may,230.0,3.0,-1.0,0.0,success,yes
31.0,technician,married,secondary,no,5.0,yes,no,unknown,28.0,may,95.0,1.0,-1.0,0.0,unknown,no
39.0,technician,single,tertiary,no,465.0,yes,no,cellular,6.0,may,183.0,1.0,-1.0,0.0,unknown,yes
38.0,blue-collar,married,secondary,no,459.0,yes,no,cellular,2.0,aug,168.0,1.0,-1.0,0.0,unknown,yes
36.0,blue-collar,married,secondary,no,13.0,no,no,cellular,15.0,jul,7.0,1.0,-1.0,0.0,unknown,no
34.0,technician,single,primary,no,-16.0,no,no,cellular,3.0,may,13.0,1.0,-1.0,0.0,unknown,no
39.0,management,married,secondary,no,-270.0,yes,no,unknown,5.0,jul,9.0,1.0,-1.0,0.0,unknown,no
34.0,technician,married,tertiary,no,0.0,yes,no,unknown,7.0,jun,74.0,2.0,-1.0,0.0,unknown,no
33.0,technician,single,secondary,no,12.0,yes,no,cellular,27.0,aug,6.0,2.0,-1.0,0.0,unknown,no
43.0,technician,single,secondary,no,541.0,yes,no,cellular,7.0,may,183.0,1.0,-1.0,0.0,failure,no
37.0,admin.,divorced,secondary,no,28.0,yes,no,cellular,19.0,may,7.0,4.0,-1.0,0.0,unknown,no
56.0,management,single,tertiary,no,764.0,yes,no,cellular,17.0,may,5.0,2.0,-1.0,0.0,unknown,yes
36.0,admin.,married,secondary,no,3.0,yes,no,cellular,19.0,apr,2.0,2.0,-1.0,0.0,unknown,no
41.0,services,divorced,secondary,no,1207.0,no,no,unknown,28.0,jun,438.0,1.0,-1.0,0.0,unknown,no
52.0,services,married,primary,no,865.0,no,no,cellular,20.0,may,7.0,2.0,-1.0,0.0,unknown,no
32.0,housemaid,married,secondary,no,0.0,no,no,cellular,9.0,jun,139.0,1.0,-1.0,0.0,unknown,yes
35.0,technician,married,secondary,no,542.0,yes,no,cellular,17.0,jun,1275.0,1.0,-1.0,0.0,unknown,no
41.0,technician,single,secondary,no,-1.0,no,no,cellular,24.0,may,172.0,2.0,-1.0,0.0,unknown,no
32.0,blue-collar,married,secondary,no,743.0,yes,no,cellular,12.0,may,527.0,3.0,-1.0,0.0,unknown,no
35.0,management,married,secondary,no,8.0,no,no,cellular,28.0,jan,674.0,2.0,-1.0,0.0,unknown,no
36.0,management,married,secondary,no,541.0,yes,no,cellular,13.0,oct,12.0,3.0,-1.0,0.0,failure,no
38.0,management,single,tertiary,no,0.0,no,no,cellular,10.0,nov,11.0,1.0,-1.0,0.0,unknown,no
64.0,blue-collar,single,secondary,no,1364.0,no,no,cellular,17.0,aug,7.0,2.0,-1.0,0.0,unknown,yes
53.0,retired,married,primary,no,-312.0,no,no,cellular,5.0,may,-1.0,1.0,-1.0,0.0,unknown,no
35.0,technician,married,primary,no,1340.0,no,no,cellular,28.0,may,164.0,1.0,-1.0,0.0,unknown,no
36.0,blue-collar,married,secondary,no,9.0,yes,no,unknown,18.0,jul,12.0,2.0,-1.0,0.0,unknown,no
44.0,management,married,tertiary,no,536.0,yes,no,unknown,27.0,may,623.0,4.0,-1.0,14.0,unknown,no
36.0,management,married,secondary,no,0.0,yes,no,cellular,20.0,apr,5.0,2.0,-1.0,0.0,unknown,no
40.0,management,married,tertiary,no,-499.0,no,no,unknown,20.0,may,14.0,5.0,-1.0,0.0,unknown,no
39.0,technician,married,primary,no,5.0,yes,yes,cellular,30.0,jun,210.0,1.0,-1.0,0.0,unknown,no
37.0,technician,married,tertiary,no,-1.0,yes,no,unknown,18.0,aug,151.0,8.0,-1.0,0.0,unknown,no
44.0,technician,married,tertiary,no,3.0,no,no,cellular,18.0,jun,532.0,7.0,-1.0,0.0,unknown,no
27.0,blue-collar,married,tertiary,no,442.0,no,no,unknown,25.0,jul,107.0,1.0,-1.0,0.0,unknown,no
32.0,blue-collar,married,secondary,no,1691.0,yes,no,cellular,21.0,may,878.0,1.0,-1.0,0.0,unknown,no
34.0,management,married,primary,no,443.0,no,no,unknown,30.0,may,930.0,3.0,-1.0,0.0,unknown,no
29.0,blue-collar,single,primary,no,1694.0,yes,no,cellular,19.0,jul,1203.0,1.0,-1.0,0.0,unknown,no
46.0,management,married,secondary,no,58.0,no,no,cellular,25.0,aug,131.0,1.0,-1.0,6.0,failure,no
58.0,technician,married,secondary,no,-270.0,yes,no,unknown,13.0,aug,6.0,2.0,-1.0,0.0,unknown,yes
38.0,blue-collar,married,secondary,no,884.0,yes,no,unknown,18.0,jul,6.0,1.0,-1.0,0.0,unknown,no
42.0,services,married,secondary,no,-298.0,yes,no,cellular,2.0,apr,7.0,2.0,-1.0,0.0,unknown,no
57.0,blue-collar,married,secondary,no,-7.0,no,no,unknown,30.0,may,5.0,3.0,-1.0,0.0,unknown,no
57.0,management,married,secondary,no,5.0,no,no,cellular,13.0,may,955.0,3.0,-1.0,0.0,unknown,no
33.0,services,married,secondary,no,3.0,yes,no,unknown,10.0,aug,10.0,2.0,-1.0,0.0,unknown,no
39.0,housemaid,married,secondary,no,526.0,yes,no,cellular,21.0,may,2.0,1.0,-1.0,0.0,unknown,no
49.0,management,single,secondary,no,1199.0,no,no,unknown,18.0,aug,15.0,1.0,-1.0,0.0,unknown,no
44.0,technician,married,secondary,no,3165.0,yes,no,cellular,3.0,aug,171.0,2.0,-1.0,2.0,unknown,no
50.0,blue-collar,married,tertiary,no,549.0,yes,no,unknown,20.0,aug,697.0,1.0,-1.0,0.0,failure,no
44.0,management,married,secondary,no,-1.0,yes,no,cellular,26.0,jul,159.0,2.0,-1.0,0.0,unknown,no
40.0,management,single,tertiary,no,1276.0,yes,no,cellular,29.0,feb,664.0,1.0,-1.0,0.0,unknown,yes
37.0,blue-collar,single,primary,no,979.0,no,no,cellular,11.0,may,13.0,6.0,-1.0,0.0,unknown,no
33.0,management,married,unknown,no,531.0,no,no,cellular,20.0,may,169.0,2.0,-1.0,0.0,unknown,no
32.0,technician,married,secondary,no,2240.0,yes,no,unknown,30.0,jun,164.0,1.0,-1.0,0.0,unknown,no
45.0,blue-collar,married,secondary,no,923.0,yes,no,cellular,12.0,may,151.0,2.0,-1.0,0.0,unknown,no
50.0,admin.,married,secondary,no,0.0,yes,yes,cellular,21.0,aug,718.0,1.0,-1.0,0.0,failure,no
55.0,technician,married,tertiary,no,73.0,yes,no,cellular,4.0,aug,889.0,2.0,217.0,0.0,failure,no
37.0,management,single,secondary,no,15.0,no,no,cellular,4.0,aug,830.0,6.0,-1.0,0.0,unknown,no
32.0,admin.,single,secondary,no,4.0,yes,yes,cellular,3.0,aug,151.0,2.0,-1.0,0.0,unknown,no
51.0,management,married,secondary,no,0.0,no,no,cellular,6.0,may,60.0,1.0,-1.0,0.0,unknown,no
37.0,technician,single,secondary,no,1441.0,no,no,cellular,28.0,aug,714.0,1.0,-1.0,0.0,unknown,no
45.0,blue-collar,married,secondary,no,0.0,no,no,cellular,13.0,may,85.0,1.0,-1.0,0.0,unknown,no
35.0,technician,married,primary,no,60.0,no,no,cellular,18.0,nov,459.0,3.0,-1.0,0.0,unknown,no
31.0,technician,married,secondary,no,240.0,no,no,unknown,9.0,may,459.0,2.0,-1.0,0.0,success,no
52.0,housemaid,single,secondary,no,1287.0,yes,no,cellular,13.0,feb,171.0,3.0,-1.0,0.0,unknown,no
61.0,services,married,secondary,no,0.0,yes,no,cellular,4.0,may,10.0,1.0,-1.0,0.0,unknown,yes
41.0,management,married,tertiary,no,-1.0,no,no,cellular,11.0,jul,537.0,4.0,-1.0,0.0,unknown,yes
48.0,management,married,tertiary,no,1228.0,yes,no,cellular,17.0,jun,106.0,1.0,-1.0,0.0,unknown,no
36.0,management,married,tertiary,no,0.0,yes,no,unknown,17.0,aug,-1.0,2.0,-1.0,0.0,unknown,yes
45.0,services,married,secondary,no,0.0,yes,no,telephone,30.0,may,5.0,1.0,-1.0,0.0,unknown,no
45.0,blue-collar,single,secondary,no,1162.0,yes,yes,cellular,16.0,feb,112.0,4.0,-1.0,0.0,unknown,no
54.0,management,married,secondary,no,514.0,yes,no,cellular,7.0,may,123.0,2.0,-1.0,0.0,unknown,no
37.0,blue-collar,divorced,secondary,no,4.0,yes,no,cellular,29.0,aug,741.0,4.0,-1.0,0.0,unknown,yes
29.0,admin.,single,secondary,no,48.0,yes,no,cellular,16.0,aug,7.0,4.0,-1.0,0.0,unknown,no
41.0,management,single,secondary,no,-312.0,yes,no,unknown,21.0,may,112.0,3.0,-1.0,0.0,unknown,no
49.0,retired,single,secondary,no,13.0,yes,no,cellular,16.0,may,565.0,2.0,-1.0,0.0,unknown,no
46.0,blue-collar,single,secondary,no,1027.0,yes,no,unknown,9.0,aug,743.0,1.0,-1.0,0.0,unknown,no
54.0,technician,married,tertiary,no,982.0,no,no,cellular,21.0,jun,7.0,1.0,-1.0,0.0,unknown,no
44.0,blue-collar,married,secondary,no,988.0,yes,no,cellular,4.0,may,872.0,3.0,-1.0,0.0,unknown,yes
38.0,management,single,tertiary,no,699.0,yes,no,cellular,2.0,aug,456.0,1.0,-1.0,0.0,unknown,no
29.0,blue-collar,married,primary,no,1378.0,yes,no,cellular,21.0,may,171.0,2.0,-1.0,10.0,unknown,yes
38.0,management,married,primary,no,-4.0,no,no,cellular,13.0,jun,791.0,1.0,-1.0,0.0,unknown,no
57.0,technician,divorced,secondary,no,542.0,yes,yes,unknown,12.0,apr,633.0,1.0,-1.0,0.0,unknown,no
33.0,blue-collar,married,secondary,no,397.0,yes,yes,unknown,17.0,may,7.0,2.0,-1.0,0.0,unknown,no
29.0,management,married,secondary,no,816.0,yes,no,cellular,23.0,feb,152.0,3.0,-1.0,0.0,unknown,no
33.0,management,single,secondary,no,16.0,yes,no,cellular,20.0,may,8.0,2.0,-1.0,0.0,unknown,yes
30.0,admin.,married,secondary,no,1175.0,yes,no,unknown,28.0,may,5.0,1.0,-1.0,0.0,unknown,no
51.0,services,married,tertiary,no,579.0,no,no,unknown,3.0,nov,-231.0,2.0,-1.0,0.0,unknown,no
22.0,admin.,married,secondary,no,58.0,no,no,cellular,14.0,may,5.0,1.0,-1.0,0.0,unknown,no
33.0,blue-collar,divorced,secondary,no,2.0,yes,no,unknown,14.0,jun,164.0,2.0,-1.0,0.0,unknown,no
29.0,services,married,secondary,no,0.0,yes,no,cellular,25.0,may,589.0,1.0,-1.0,0.0,unknown,no
35.0,technician,married,secondary,no,35.0,yes,no,cellular,6.0,feb,523.0,1.0,-1.0,3.0,other,no
33.0,unemployed,single,secondary,no,626.0,yes,no,telephone,26.0,jun,73.0,2.0,-1.0,0.0,unknown,no
45.0,technician,single,primary,no,-12.0,no,yes,cellular,18.0,may,139.0,1.0,-1.0,0.0,unknown,no
54.0,technician,married,primary,no,1295.0,yes,no,cellular,4.0,aug,626.0,2.0,-1.0,0.0,unknown,no
