User ID,Name,behavior name,Hours
74479478.0,Tomb Raider,purchase,1.0
147918591.0,Dota 2,purchase,1.0
20504739.0,Dota 2,play,15.5
162950782.0,Football Manager 2015,purchase,1.0
187850266.0,Unturned,play,1.1
52788449.0,Call of Duty Black Ops II,purchase,0.2
47789281.0,Left 4 Dead 2,purchase,1.0
11756468.0,Dead Island Epidemic,purchase,1.0
6195590.0,Fallout 4 Courier's Stash,purchase,1.0
11631297.0,Call of Duty Modern Warfare 3,purchase,0.5
22191258.0,Warhammer 40,play,31.0
1145373797.0,Tomb Raider,purchase,1.0
16339950.0,Sid Meier's Civilization V,play,1.0
55769385.0,Dota 2,purchase,3.2
95988992.0,Grand Theft Auto V,purchase,1.0
13474903.0,Counter-Strike Nexon Zombies,purchase,0.1
62798992.0,Dota 2,purchase,15.5
97529607.0,Deadlight,purchase,1.0
10352973.0,Deadlight,purchase,1.0
5393695.0,Dota 2,purchase,1.0
16683772.0,Warframe,play,1.0
184970478.0,The Legend of Grimrock,purchase,1.0
18351797.0,Portal,play,1.0
13831730.0,Warframe,play,1.0
58517498.0,Day of Defeat,purchase,1.0
81283552.0,Half-Life 2 Deathmatch,purchase,1.0
164546386.0,Deathmatch,purchase,3.2
24291223.0,The Elder Scrolls V Skyrim - Dawnguard,play,1.0
60598942.0,Dota 2,play,3.8
52383151.0,Dota 2,purchase,1.0
4460179.0,Dota 2,purchase,1.0
775961.0,Deadlight,purchase,16.6
18296750.0,Football Manager 2015,purchase,53.0
51778861.0,Neverwinter,play,1.0
81936200.0,The Elder Scrolls Online,play,1.0
28302322.0,Counter-Strike Global Offensive,purchase,1.0
12795590.0,The Elder Scrolls V Skyrim - Hearthfire,play,1.0
162829299.0,The Elder Scrolls V Skyrim,play,1.3
90110478.0,The Elder Scrolls V Skyrim Dawnguard,purchase,1.0
15891276.0,BioShock Infinite,purchase,1.0
14787907.0,Terraria,play,0.7
86465480.0,Grand Theft Auto V,play,1.0
8752907.0,Dota 2,play,1.0
8798089.0,Dota 2,play,4.8
7356322.0,Team Fortress 2,purchase,1.0
81249372.0,Sword of the Stars Online,purchase,6.0
63815288.0,Garry's Mod,purchase,1.0
32102950.0,Team Fortress 2,purchase,0.1
26202954.0,Dead Island Epidemic,purchase,1.0
58938110.0,Call of Duty Black Ops - Multiplayer - Multiplayer,purchase,1.0
63765013.0,War Thunder,play,91.0
4790568.0,Dota 2,play,1.0
73569584.0,Dead Island Epidemic,purchase,0.9
10276020.0,Dota 2,play,0.4
45475763.0,Dota 2,purchase,1.0
179512793.0,Dead Island Epidemic,play,1.0
145775962.0,Counter-Strike Condition Zero,purchase,31.0
92855772.0,Counter-Strike Global Offensive,purchase,4.3
3876575.0,The Elder Scrolls V Skyrim,purchase,1.0
338708009.0,Half-Life,purchase,1.0
23182489.0,Fallout New Vegas Courier's Stash,purchase,2.2
52989452.0,Terraria,purchase,1.0
6903854.0,Grand Theft Auto V,purchase,1.0
116345480.0,Borderlands 2,purchase,1.0
46905242.0,Dota 2,purchase,9.2
45617361.0,Dead Island Riptide,purchase,1.0
63439372.0,Half-Life,purchase,1.0
10667771.0,Counter-Strike Global Offensive,play,1.0
1797702257.0,Half-Life Deathmatch Source,purchase,2.1
140189372.0,Borderlands,purchase,1.0
28597584.0,Counter-Strike Global Offensive,purchase,1.0
11605058.0,The Secret of Mana,purchase,1.0
14443789.0,The Elder Scrolls V Skyrim,play,1.0
9060047.0,XCOM Enemy Unknown,play,0.3
14772957.0,Garry's Mod,purchase,3.4
122769088.0,Dota 2,purchase,1.0
510292497.0,Counter-Strike Global Offensive,play,1.1
12154477.0,Counter-Strike The Game,purchase,9.1
86050578.0,Counter-Strike Global Offensive,purchase,1.0
42876486.0,Team Fortress 2,play,1.0
40220862.0,Age of Empires II - The Game Over,play,1.0
17753878.0,DOGDEN,purchase,1.0
113629584.0,The Elder Scrolls V Skyrim - Dawnguard,purchase,1.0
38397056.0,Half-Life,purchase,1.0
153488373.0,Counter-Strike Condition Zero Deleted Scenes,purchase,1.0
62989470.0,Dota 2,purchase,1.0
97535892.0,Fallout 4,purchase,3.2
154724797.0,ARK Survival Evolved,play,1.0
10485052.0,Counter-Strike,purchase,1.0
8012053.0,Dota 2,purchase,1.9
112890762.0,Left 4 Dead 2,purchase,3.3
40491033.0,Counter-Strike Global Offensive,play,1.0
122744242.0,Sid Meier's Civilization IV Beyond the Sword,purchase,14.4
6753686.0,The Elder Scrolls V Skyrim,purchase,1.0
32126792.0,Football Manager 2014,play,1.0
24663536.0,The Elder Scrolls V Skyrim - Dawnguard,purchase,3.0
54210362.0,Team Fortress 2,purchase,1.6
6779814.0,Dead Island Epidemic,purchase,0.2
15494585.0,Batman Arkham Asylum,play,1.0
15452206.0,Fallout New Vegas Courier's Stash,play,1.0
8363619.0,Counter-Strike Source,play,1.0
18207870.0,Braid,purchase,1.0
8051289.0,The Elder Scrolls V Skyrim,purchase,1.0
147316385.0,Counter-Strike Global Offensive,play,1.0
7391601.0,Counter-Strike Global Offensive,purchase,1.0
30668052.0,Sniper Elite IV,purchase,3.2
59760242.0,The Elder Scrolls V Skyrim - Hearthfire,purchase,2.5
85141821.0,Football Manager 2011,play,91.0
60785281.0,Sid Meier's Civilization V,purchase,1.0
102568992.0,Borderlands 2,purchase,0.8
159966989.0,Counter-Strike Nexon Zombies,purchase,3.2
43869795.0,Dead Island Epidemic,purchase,1.0
21372878.0,Football Manager 2014,play,45.0
25295062.0,The Elder Scrolls V Skyrim,purchase,1.0
24505521.0,Half-Life,play,1.0
17102699.0,Warframe,play,0.6
16472365.0,The Elder Scrolls V Skyrim,purchase,1.0
8270185.0,The Elder Scrolls V Skyrim - Dawnguard,play,1.0
158962765.0,Dota 2,play,2.2
80157447.0,The Elder Scrolls V Skyrim,purchase,0.3
57879265.0,Dota 2,play,1.0
132665287.0,Half-Life 2 Episode One,play,1.0
49475423.0,Half-Life 2 Episode One,purchase,1.0
121824373.0,Team Fortress 2,purchase,1.0
54960763.0,Torchlight,purchase,15.3
11251467.0,Counter-Strike Nexon Zombies,purchase,1.0
32806568.0,Counter-Strike Global Offensive,play,1.0
1536998907.0,Counter-Strike Condition Zero,purchase,0.3
29359800.0,Counter-Strike Source,play,2.5
557140701.0,Borderlands - The Game,purchase,1.0
88864287.0,XCOM Enemy Unknown,play,1.0
83520373.0,Arma 2 Warframe,purchase,1.0
54938891.0,Dota 2,purchase,1.0
101739013.0,Arma 3 Operation Arrowhead,purchase,1.0
6266907.0,Half-Life,purchase,1.0
49691169.0,Sid Meier's Civilization V,purchase,1.0
22206723.0,Left 4 Dead,purchase,1.0
166716992.0,Left 4 Dead 2,play,0.6
47889772.0,Counter-Strike Global Offensive,purchase,1.0
1616208618.0,Dota 2,purchase,1.0
77827795.0,Dota 2,play,1.0
206704567.0,Counter-Strike Global Offensive,play,1.0
587408001.0,Dead Island Epidemic,purchase,1.0
153850782.0,Counter-Strike Global Offensive,purchase,1.0
17659920.0,H2K,play,15.3
90105992.0,Call of Duty Black Ops II,play,1.0
13462496.0,The Elder Scrolls V Skyrim - Dawnguard,purchase,1.0
56789088.0,Tom Clancy's Ghost Recon Phantoms - EULA,purchase,1.0
33457849.0,The Witcher 3,purchase,1.0
12370107.0,Counter-Strike Global Offensive,play,1.0
86512307.0,Dota 2,play,1.0
82864261.0,The Elder Scrolls V Skyrim,purchase,1.0
8792969.0,Half-Life 2 Deathmatch,play,5.0
44766287.0,Football Manager 2016,play,1.0
104489484.0,The Elder Scrolls V Skyrim - Dawnguard,purchase,1.0
18793733.0,Deathmatch Classic,play,1.0
105015635.0,The Elder Scrolls V Skyrim,purchase,22.0
85986314.0,The Incredible Adventures of Van Helsing - The Zombie Kingmaker,purchase,1.0
1245474829.0,Dead Island Epidemic,purchase,1.0
15585979.0,Dota 2,purchase,1.0
14734565.0,Dota 2,purchase,1.0
24771903.0,The Elder Scrolls V Skyrim,purchase,1.0
90564314.0,Borderlands 2,purchase,1.0
168839151.0,The Elder Scrolls V Skyrim - Dawnguard,play,4.4
779088.0,Dota 2,purchase,5.8
467129006.0,Heroes & Generals,purchase,1.0
8456812.0,Counter-Strike Nexon Zombies & Robots,purchase,1.0
32993361.0,The Elder Scrolls V Skyrim,purchase,1.0
104470591.0,The Elder Scrolls V Skyrim - Hearth the First Day of Reckoning,purchase,1.0
13663369.0,Call of Duty Modern Warfare 3,play,1.0
136816299.0,Counter-Strike Source,purchase,1.0
12296589.0,Counter-Strike Global Offensive,purchase,1.0
9366907.0,The Elder Scrolls V Skyrim - Dawnguard,purchase,1.0
24584546.0,Half-Life,purchase,1.0
13671821.0,The Elder Scrolls V Skyrim - Dragonborn,play,1.0
10686958.0,Counter-Strike Global Offensive,purchase,1.0
185977686.0,Borderlands,purchase,92.0
7792788.0,Dota 2,purchase,1.0
29851929.0,Counter-Strike Global Offensive,play,1.0
127587809.0,Metro Last Light Redux,play,1.0
88386056.0,Heroes of the Storm,purchase,1.0
136577496.0,The Incredible Adventures of Van Helsing,purchase,1.0
6490189.0,Sid Meier's Civilization V,play,34.0
52785309.0,Neverwinter,play,1.0
14707979.0,Garry's Mod,play,1.0
17204055.0,The Elder Scrolls V Skyrim - Hearthfire,purchase,1.0
62777.0,Left 4 Dead 2,purchase,1.0
7690729.0,Counter-Strike Condition Zero,purchase,13.9
4463879.0,Dead Island Epidemic,play,1.0
46038478.0,Deadlight,purchase,1.0
12363898.0,FreeStyle.,purchase,0.4
95748992.0,The Elder Scrolls V Skyrim,purchase,1.0
12507905.0,Sword of the Stars,play,47.0
15658633.0,H1Z1,play,2.1
13882375.0,Counter-Strike Condition Zero,play,1.0
57826782.0,Football Manager 2014,purchase,0.6
108877332.0,Half-Life 2 Deathmatch Proposal,purchase,0.3
91258782.0,Dota 2,play,1.0
11507564.0,Deadlight,purchase,80.0
1246403078.0,Heroes & Generals Arena,purchase,1.0
115729861.0,Dota 2,purchase,1.0
48958761.0,PAYDAY 2,purchase,1.0
63370484.0,Call of Duty Black Ops II - Multiplayer,play,3.4
62218578.0,Fallout Tactics,purchase,443.0
16374096.0,Dota 2,purchase,15.1
56790992.0,Dead Island Epidemic,purchase,1.0
16703566.0,Counter-Strike Nexon Zombies,purchase,1.0
57965178.0,Counter-Strike,purchase,5.9
6391490.0,ROSE II,purchase,2.5
8395866.0,Call of Duty Modern Warfare 2 Deathmatch,play,44.0
6190179.0,Call of Duty Black Ops II - Zombies,play,1.1
7294598.0,The Last Guardian,purchase,1.0
116548056.0,Unturned,purchase,1.0
102320862.0,Counter-Strike Nexid,play,0.2
152675751.0,Borderlands 2,purchase,1.0
10678971.0,Dishonored,purchase,1.0
266044005.0,Dota 2,purchase,1.0
8183689.0,Half-Life 2 Episode One,purchase,1.0
157535961.0,Team Fortress 2,play,1.0
12887716.0,Dota 2,purchase,1298.0
14453578.0,Dota 2,purchase,34.0
12379976.0,Call of Duty Black Ops - Multiplayer,purchase,1.0
43715242.0,Giana Sisters Twisted Dreams,purchase,1.0
53660292.0,Counter-Strike Global Offensive,play,1.0
91835651.0,Arma 2 Deathmatch Classic,purchase,1.0
34056912.0,Dead Island Epidemic,purchase,1.0
1875785421.0,Counter-Strike Nexon,purchase,1.0
18148979.0,Tomb Raider,purchase,123.0
40641620.0,Dota 2,purchase,1.0
45336562.0,The Elder Scrolls V Skyrim,purchase,25.0
75827574.0,Warhammer 40,purchase,8.9
121578992.0,Call of Duty Black Ops II Call of Duty Modern Warfare 2 Multiplayer,purchase,32.0
1013075.0,The Last Resort,play,16.6
111753073.0,Dota 2,purchase,162.0
14653746.0,The Elder Scrolls V Skyrim,purchase,1.0
20619424.0,Warframe,play,12.4
21373437.0,Dead Island Epidemic,play,2.2
104047963.0,Left 4 Dead,purchase,1.0
60598418.0,Counter-Strike Global Offensive,play,45.0
16881649.0,Half-Life 2 Deathmatch,purchase,1.0
20702863.0,Tom Clancy's Ghost Recon Phantoms,purchase,0.7
27692049.0,Team Fortress 2,play,1.0
111753354.0,Terraria,purchase,1.0
58764687.0,Dota 2,purchase,168.0
25371228.0,Counter-Strike Source,purchase,1.0
53540861.0,Dead Island Epidemic,play,1.0
5590852.0,Arma 2 Operation Arrowhead,purchase,0.4
146436992.0,Dota 2,purchase,1.0
117583992.0,Team Fortress 2,purchase,1.0
46711099.0,NBA 2K18,purchase,1.0
226073849.0,The Elder Scrolls V Skyrim,play,299.0
88652248.0,Half-Life Blue Shift,play,1.0
12177501.0,Borderlands 2,play,1.0
17882905.0,The Elder Scrolls V Skyrim,purchase,4.3
12373769.0,Clicker Heroes,play,1.0
24238888.0,Dota 2,purchase,1.0
46728578.0,Football Manager 2010,purchase,1.0
126453583.0,Grand Theft Auto V,play,1.0
234424242.0,PAYDAY,purchase,1.0
7440029.0,Deathmatch,play,1.0
53829591.0,Call of Duty Modern Warfare 2,purchase,4.3
126880476.0,Metro 2033,play,1.0
9896586.0,Dead Island Epidemic,purchase,1.0
172957651.0,Deathmatch Source,purchase,2.5
22556527.0,F.E.A.R. 2 Modern Assault Squad,purchase,0.2
97978798.0,Dead Island Epidemic,purchase,1.0
18096590.0,Metro 2033,play,1.0
101158062.0,Half-Life 3,play,0.7
13120586.0,Counter-Strike Source,purchase,1.0
11451821.0,The Witcher Enhanced Edition,purchase,1.0
73540498.0,BMO,purchase,1.0
818473890.0,The Elder Scrolls V Skyrim,play,1.0
82896209.0,The Elder Scrolls IV Skyrim,play,1.0
8295086.0,Garry's Mod,purchase,1.0
15367070.0,Arma 2 Operation Arrowhead,play,0.4
33181288.0,The Elder Scrolls IV Oblivion,purchase,1.0
160175137.0,Team Fortress 2,play,1.0
11671252.0,Football Manager 2009,purchase,1.0
27108930.0,Unturned,play,1.0
63907475.0,Age of Empires II II,purchase,1.0
16352798.0,Dead Island Epidemic,purchase,18.3
1350897.0,Counter-Strike Global Offensive,purchase,1.1
169840578.0,Tomb Raider,play,1.0
24453717.0,Counter-Strike Global Offensive,purchase,3.8
168933861.0,Half-Life 2 Deathmatch,purchase,5.8
63729584.0,Dota 2,play,1.0
48682099.0,A Game of Thrones,purchase,1.0
11292970.0,Dota 2,purchase,1.0
174473908.0,Left 4 Dead,purchase,1.0
5266790.0,Counter-Strike Global Offensive,play,1.0
80129576.0,Half-Life,purchase,13.1
73535961.0,Dota 2,purchase,1.0
128639578.0,Sid Meier's Civilization V,play,272.0
127895651.0,Sid Meier's Civilization IV IV Beyond the Sword,purchase,1.0
81235584.0,Don't Starve,purchase,1.0
143765163.0,Tomb Raider,purchase,1.0
122878398.0,Deadlight,purchase,1.0
81569105.0,Counter-Strike Condition Zero,play,0.4
4729937.0,Counter-Strike Condition Zero Deleted Scenes,purchase,1.0
486769.0,Darksiders,purchase,1.0
62979480.0,Deadlight,play,1.0
36306623.0,Counter-Strike,play,1.0
62407862.0,The Elder Scrolls V Skyrim - Hearthfire,play,2.2
10893066.0,Half-Life Blue Shift,purchase,91.0
16643722.0,Unturned,play,1.0
8297907.0,Garry's Mod,purchase,1.0
79354700.0,Garry's Mod,purchase,5.7
62412288.0,The Source Test,purchase,1.0
88781688.0,Counter-Strike,play,1.0
11484577.0,Team Fortress 2,purchase,37.0
63859091.0,Counter-Strike Source,purchase,1.0
62980992.0,Dota 2,play,193.0
12893675.0,Dizzel,play,1.0
8585085.0,The Elder Scrolls V Skyrim - The Dragonborn,purchase,1.0
116538113.0,Borderlands 2 - The Pre-Sequel,play,1.0
2425042.0,Half-Life Blue Shift,play,2.1
60472300.0,Heroes & Generals,purchase,193.0
90512578.0,Half-Life,purchase,1.0
4962946.0,Arma 2,play,8.9
127975687.0,Portal 2,purchase,4.3
66769056.0,Half-Life Deathmatch,play,7.5
123450591.0,Call of Duty Black Ops II - Zombies,purchase,1.0
29894973.0,Dota 2,play,123.0
78957498.0,Counter-Strike,purchase,1.0
85752984.0,RollerCoaster Tycoon 2,play,5.0
8657079.0,PAYDAY 2,purchase,1.0
15997937.0,Dota 2,play,2.3
92927496.0,Call of Duty Black Ops - Multiplayer,purchase,8.7
16651577.0,Don't Starve,purchase,1.5
17758542.0,Counter-Strike Global Offensive,purchase,1.0
24541865.0,Dota 2,purchase,1.0
25984683.0,Left 4 Dead,purchase,1.0
16351299.0,The Elder Scrolls V Skyrim,purchase,1.0
62965476.0,Counter-Strike Global Offensive,purchase,1.0
24605863.0,Dota 2,purchase,4.8
15367772.0,Tomb Raider,purchase,2.5
5851946.0,Deadlight II,purchase,0.5
28203423.0,Torchlight,purchase,18.9
9579849.0,Left 4 Dead 2,purchase,19.5
5871647.0,Half-Life 2,purchase,1.0
152979651.0,PAYDAY The Heist,purchase,1.0
6783389.0,Borderlands 2,purchase,21.0
1094455.0,The Elder Scrolls V Skyrim,purchase,443.0
16274629.0,Team Fortress 2,purchase,12.4
67595992.0,Fallout New Vegas - Modification,play,9.3
60739076.0,Call of Duty Black Ops 2,play,1.0
125769247.0,Warframe,purchase,8.5
46317578.0,The Elder Scrolls V Skyrim,play,0.5
10294788.0,Dead Island Riptide,play,1.0
7873896.0,Half-Life 2 Deathmatch,purchase,0.1
5585057.0,The Elder Scrolls V Skyrim,play,6.0
15474075.0,Counter-Strike Nexuiz,purchase,6.3
13295790.0,The Elder Scrolls V Skyrim - Dragonborn,purchase,1.2
392957992.0,Counter-Strike Nexon Zombies,purchase,1.0
51946194.0,Team Fortress 2,play,2.2
83565802.0,Half-Life - Source,play,2.3
775126797.0,Half-Life 2 Episode 2 - Survival Evolved,play,8.5
156636372.0,Star Wars The Force Unleashed,purchase,1.0
1679073721.0,Call of Duty Black Ops II - Multiplayer,purchase,1.0
172986128.0,Warframe,purchase,1.0
24484566.0,Counter-Strike Source,purchase,53.0
71658242.0,Sid Meier's Civilization V,purchase,376.0
122089415.0,Deadlight II,play,1.9
90769591.0,B.T.K.E.R.,play,1.0
20305083.0,War Thunder,play,3.6
78764212.0,Dead Island Episodes,purchase,1.0
62365447.0,Quake Champions,purchase,0.1
10786927.0,Shadow of Mordor,purchase,2.5
50897762.0,Counter-Strike Global Offensive,play,0.6
18121542.0,Counter-Strike Global Offensive,play,15.5
62988989.0,Quake Live,play,2.9
103620992.0,Dota 2,purchase,4.3
46680212.0,Counter-Strike Global Offensive,purchase,1.0
86529591.0,Quake Live,purchase,2.7
8756790.0,Counter-Strike Global Offensive,purchase,1.0
8992433.0,Counter-Strike Source,purchase,1.0
118878992.0,Dota 2,purchase,53.0
18011409.0,Dota 2,purchase,188.0
54549331.0,Far Cry 2,play,1.0
51779078.0,Counter-Strike Global Offensive,play,0.5
85640154.0,Half-Life 2 Episode One,purchase,1.0
177550963.0,Call of Duty Modern Warfare 3,play,1.0
174715253.0,Left 4 Dead 2,play,0.8
67979762.0,Tomb Raider,purchase,1.0
86401361.0,Dota 2,purchase,1.0
8234565.0,Borderlands,play,2.5
15375089.0,Counter-Strike Source,purchase,7.6
103629484.0,The Elder Scrolls V Skyrim,purchase,1.0
767608617.0,The Elder Scrolls V Skyrim - Hearthfire,purchase,1.0
22474569.0,The Elder Scrolls V Skyrim,play,1.0
107958861.0,Counter-Strike Global Offensive,play,1.0
272738862.0,Counter-Strike Global Offensive,purchase,32.0
52780455.0,Dead Island Epidemic,play,1.0
166501307.0,Dota 2,purchase,1.0
12146969.0,Half-Life 2 Episode 1,purchase,1.0
116739373.0,Counter-Strike Global Offensive,purchase,1.0
56935253.0,Dota 2,play,1.0
62899012.0,Borderlands 2,purchase,636.0
8013590.0,Darksiders,purchase,0.7
11590883.0,Counter-Strike Nexon Zombies,purchase,1.0
11505068.0,Dota 2,play,1.0
15687563.0,PlanetSide II,purchase,1.0
91819498.0,Warframe,purchase,1.0
158565257.0,Men of War 2,purchase,1.0
84583243.0,Counter-Strike Source,purchase,1.0
165433891.0,Counter-Strike Global Offensive,play,18.3
72773887.0,Half-Life Blue Shift,purchase,1.0
94738242.0,Counter-Strike Global Offensive,play,1.0
1701607935.0,Call of Duty Black Ops II,purchase,1.0
17872087.0,Tomb Raider - Director's Cut,purchase,0.2
205526574.0,Team Fortress 2,purchase,1.0
171495995.0,Portal 2,purchase,1.0
34497797.0,Killing Floor,purchase,1.0
87970861.0,Borderlands DLC The Lost Legacy,play,17.1
12290890.0,Counter-Strike Global Offensive,play,0.2
22104948.0,Borderlands 2,purchase,88.0
47779584.0,Borderlands,play,39.0
167579478.0,Deadlight,purchase,1.0
11254062.0,Call of Duty Black Ops,play,1.0
116615376.0,Left 4 Dead,purchase,1.0
17287049.0,Call of Duty Black Ops II,purchase,1.0
117940498.0,Dota 2,purchase,0.3
136088480.0,Counter-Strike Source,purchase,26.0
41786799.0,Dota 2,purchase,1.0
12345059.0,Far Cry,purchase,3.2
18395720.0,Half-Life 2 Deathmatch,purchase,1.0
85879386.0,Counter-Strike Global Offensive,purchase,24.0
9362905.0,The Elder Scrolls V Skyrim,play,0.5
1907906.0,Counter-Strike Source,purchase,1.0
9291589.0,Counter-Strike,purchase,1.0
61255682.0,Dota 2,play,88.0
7890880.0,Dead Island Epidemic 2,purchase,1.0
4795905.0,The Witcher 3,purchase,1.0
185029266.0,Dota 2,purchase,1.0
12831589.0,Defiance,purchase,2.6
16894954.0,War Thunder,purchase,1.0
148080478.0,XCOM Enemy Unknown,purchase,1.0
82598468.0,Half-Life,purchase,0.5
54799292.0,Counter-Strike Source,purchase,1.0
17750172.0,Counter-Strike Condition Zero,purchase,187.0
8590588.0,PAYDAY 2 DLC,play,0.5
85242851.0,Hitman Absolution,purchase,1.0
96625772.0,Arma 2 Operation Arrowhead,purchase,1.0
28709860.0,Deadlight,play,38.0
407900.0,The Wolf Among Us,play,1.0
20645566.0,Braid,play,1.9
102960385.0,Dota 2,purchase,1.0
9751548.0,Counter-Strike Global Offensive,purchase,2260.0
26208068.0,The Elder Scrolls V Skyrim,purchase,1.0
111939128.0,Dota 2,purchase,4.6
5469929.0,Half-Life,play,0.2
82335484.0,Dead Island,play,1.0
1554259.0,Fallout New Vegas Courier's Stash,purchase,1.0
42872908.0,Dota 2,play,1.0
86569758.0,Torchlight,purchase,1.0
8361097.0,Warhammer 40,play,1.0
24353907.0,Braid,purchase,85.0
186445678.0,The Elder Scrolls V Skyrim - Hearthfire,purchase,1.0
147780992.0,Day of Defeat,play,5.6
56820250.0,Counter-Strike Source,purchase,1.0
185579373.0,Counter-Strike Source,purchase,0.3
84573192.0,Counter-Strike Source,play,1.0
61837496.0,The Elder Scrolls V Skyrim,play,1.0
45419140.0,The Elder Scrolls V Skyrim - Dawnguard,purchase,120.0
16204899.0,Metro Last Metro,purchase,1.0
23253589.0,Deadlight,play,1.0
53575128.0,Counter-Strike Source,purchase,272.0
178630736.0,Football Manager 2015,play,7.8
82577989.0,PAYDAY,purchase,1.0
8585583.0,Grand Theft Auto V,purchase,1.5
47720800.0,Counter-Strike Condition Zero,purchase,16.6
4988096.0,Portal,purchase,1.0
87569266.0,Dota 2,play,1.0
12373749.0,Dota 2,purchase,1.0
1023709007.0,Warframe,purchase,3.2
47735992.0,Left 4 Dead 2,purchase,3.9
123825463.0,Arma 2,purchase,1.0
28394490.0,Fallout New Vegas Courier's Courier's Stash,purchase,1.0
52428578.0,Sid Meier's Civilization V,purchase,1.0
927803769.0,Call of Duty Black Ops II - Multiplayer,purchase,1.0
6871636.0,Counter-Strike Source,play,1.0
173055362.0,Terraria,play,1.0
28852400.0,Don't Starve!,play,2.7
7690899.0,Dota 2,purchase,15.1
13874537.0,F.E.R. 2 - Multiplayer,purchase,0.3
13669976.0,Cry of a Warrior,purchase,1.0
44749866.0,Counter-Strike Source,purchase,1.0
153349591.0,Counter-Strike Condition Zero Deleted Scenes,play,10.5
5394589.0,The Walking Dead,purchase,3.8
183536989.0,The Elder Scrolls V Skyrim,purchase,26.0
53907863.0,Counter-Strike Global Offensive,purchase,1.0
62436242.0,Counter-Strike Source,purchase,1.0
32393909.0,Counter-Strike,purchase,15.5
137064373.0,Dota 2,play,0.3
71525695.0,Half-Life,purchase,3.2
32195433.0,Counter-Strike Global Offensive,purchase,1.0
16381583.0,Half-Life,purchase,3.6
6483568.0,Team Fortress 2,purchase,2.5
2589468.0,Counter-Strike Source,purchase,1.0
1275503732.0,Warframe,play,18.9
268048320.0,Grandia II,play,1.0
25686598.0,Dota 2,purchase,2.2
5669955.0,Warhammer 40,play,8.1
33123595.0,Sid Meier's Civilization V,purchase,1.0
13771296.0,Call of Duty Black Ops - Multiplayer,play,1.9
16365049.0,Counter-Strike Global Offensive,purchase,12.4
123669057.0,Dota 2,play,1.0
43715961.0,Half-Life,purchase,4.9
32122860.0,Counter-Strike Global Offensive,play,36.0
47171868.0,Dota 2,purchase,1.0
123769578.0,Dota 2,play,206.0
167577992.0,Dota 2,purchase,2.9
44745480.0,Total War ROME,play,1.0
72367981.0,Football Manager 2014,play,1.0
23886836.0,Unturned,play,36.0
11284680.0,Call of Duty Black Ops II,purchase,32.0
117597452.0,The Elder Scrolls V Skyrim,purchase,1.0
84818287.0,Dota 2,purchase,1.0
181229576.0,The Elder Scrolls V Skyrim,purchase,4.3
33879265.0,Team Fortress 2,purchase,0.7
66599072.0,Counter-Strike Nexon Zombies,purchase,1.9
42773099.0,Counter-Strike Nexon Zombies,purchase,1.0
157978692.0,Call of Duty Modern Warfare 3,purchase,1.0
172838478.0,Grand Theft Auto V,play,1.0
47907455.0,Counter-Strike Condition Zero Deleted Scenes,purchase,1.0
60691221.0,Call of Duty Black Ops,purchase,1.1
9096373.0,Terraria,play,1.0
58927331.0,Dota 2,purchase,1.0
178038373.0,Half-Life 2 Complete Pack,play,1.0
21986021.0,Counter-Strike Condition Zero,purchase,3.2
52986362.0,Call of Duty Black Ops - Multiplayer,play,5.8
87599314.0,Counter-Strike Condition Zero,purchase,1.6
14661586.0,Call of Duty Black Ops - Zombies,purchase,1.0
16557789.0,Counter-Strike Global Offensive,purchase,1.0
91288087.0,Counter-Strike Source,play,1509.0
12666909.0,Dota 2,purchase,1.0
82570687.0,The Elder Scrolls V Skyrim,purchase,0.5
12880088.0,Marvel Heroes 2015,play,1.0
505697976.0,Half-Life 2,purchase,1.0
11774562.0,Call of Juarez Guns of Icarus Online,purchase,1.0
1120297946.0,Quake Live,play,1.0
16271258.0,Call of Duty Modern Warfare 2,purchase,1.0
165825277.0,The Elder Scrolls V Skyrim - Dawnguard,purchase,1.0
38372024.0,Firestorm,purchase,1.0
28657700.0,Counter-Strike Source,purchase,0.6
142935578.0,The Elder Scrolls V Skyrim,purchase,1.0
202255969.0,The Elder Scrolls V Skyrim,purchase,18.3
8194315.0,Sid Meier's Civilization IV,purchase,8.1
9168979.0,Football Manager 2010,purchase,1.0
111857507.0,The Witcher 3,play,1.0
8791946.0,Deathmatch,purchase,1.0
111476852.0,Dota 2,purchase,1.0
97946385.0,Don't Starve Together,purchase,1.6
127726584.0,Counter-Strike Nexon Zombies,purchase,0.7
9881290.0,Garry's Mod,purchase,1.0
176635242.0,The Elder Scrolls V Skyrim - Hearthfire,play,1.0
9283539.0,Braid,purchase,3.3
159860307.0,Call of Duty Modern Warfare 2,play,0.5
32396833.0,Counter-Strike,purchase,5.5
59799480.0,Dota 2,play,1.0
63390495.0,Call of Duty Black Ops II - Zombies,purchase,1.0
47827128.0,PAYDAY 2,purchase,1.0
41782960.0,BioShock Infinite - Multiplayer,purchase,9.4
186790687.0,Deadlight,play,1.0
24203394.0,LIMBO,purchase,1.0
812127594.0,Counter-Strike Global Offensive,play,22.0
62901182.0,Torchlight,purchase,1.0
1818664809.0,Half-Life Blue Shift,play,1.0
11383907.0,XCOM Enemy Unknown,purchase,15.8
54350900.0,Terraria,play,1.0
8791478.0,Counter-Strike Global Offensive,play,1.0
8121235.0,Dota 2,play,1.0
12895886.0,Tomb Raider,purchase,1.0
94724574.0,ROSE Online,purchase,1.0
38363497.0,Counter-Strike Source,play,1.0
5589829.0,Grand Theft Auto V,play,1.0
28353778.0,Dota 2,purchase,1.0
9390879.0,Team Fortress 2,purchase,1.0
30557752.0,Counter-Strike Global Offensive,play,1.0
25658633.0,The Elder Scrolls V Skyrim,purchase,1.0
120597949.0,Counter-Strike Source,purchase,16.6
63598701.0,The Elder Scrolls V Skyrim - Hearthfire,purchase,1.0
38203749.0,Counter-Strike Global Offensive,purchase,1.0
35492933.0,Dota 2,purchase,1.0
78982565.0,The Elder Scrolls V Skyrim,play,208.0
16758097.0,Don't Starve,purchase,1.0
102810992.0,Sid Meier's Civilization V,purchase,1.0
4542473.0,Counter-Strike Source,purchase,1.0
14792967.0,Warhammer 40,purchase,1.0
82218242.0,Deathmatch Classic,play,1.0
51885476.0,Garry's Mod,play,0.1
16604904.0,Dota 2,purchase,4.5
9691200.0,Day of Defeat,purchase,1.1
47141258.0,The God Emperor,purchase,2.6
15581450.0,Football Manager 2014,play,109.0
46637291.0,Dota 2,play,88.0
5891066.0,The Elder Scrolls V Skyrim - Dawnguard,purchase,1.0
5772752.0,Dead Island Riptide,play,12.4
63697754.0,Call of Duty Black Ops II - Multiplayer - Multiplayer,purchase,1.0
26654718.0,Dota 2,purchase,1.0
4793611.0,Dota 2,purchase,3.2
4661098.0,Deadlight,purchase,1.0
117878361.0,Dishonored,purchase,1.0
15555436.0,Counter-Strike Source Condition Zero Deleted Scenes,purchase,3.5
111238986.0,Dota 2,purchase,1.0
24372722.0,BioShock BioShock Infinite,purchase,1.0
103689468.0,Sid Meier's Civilization V,purchase,1.0
36656749.0,Call of Duty Black Ops II,purchase,1.0
14706908.0,Football Manager 2013,purchase,1.0
157058992.0,Day of Defeat,purchase,128.0
4606667.0,Counter-Strike Global Offensive,purchase,1.0
10635097.0,Dota 2,play,14.4
4780333376.0,Portal 2,play,1.0
1449606092.0,Dota 2,play,123.0
170120373.0,Don't Starve,purchase,1.0
24190910.0,Warframe,purchase,1.0
44610362.0,Trove,purchase,1.0
20392960.0,The Elder Scrolls V Skyrim - Dawnguard,purchase,1.0
40752924.0,Counter-Strike Condition Zero,purchase,1.0
4641587.0,Counter-Strike Condition Zero,purchase,1.0
16377856.0,Shadowgrounds,purchase,1.0
18194907.0,Team Fortress 2,purchase,1.0
86469881.0,Team Fortress 2,play,13.9
133650992.0,Counter-Strike,purchase,37.0
82930992.0,Garry's Mod,play,1.0
202996958.0,Football Manager 2015,play,1.0
9051296.0,Tomb Raider,play,13.1
16777588.0,Crysis 2,purchase,1.0
108870961.0,Braid,purchase,9.0
76936894.0,Counter-Strike Nexon Zombies,purchase,1.0
24793589.0,PAYDAY 2 Multiplayer,play,1.0
97812266.0,Heroes & Generals II,purchase,1.0
4773907.0,Garry's Mod,play,5.7
18783907.0,Football Manager 2014,purchase,47.0
5391833.0,Counter-Strike Condition Zero,purchase,17.1
1587268926.0,Dungeon Defenders - The Lost Coast,purchase,1.1
178957455.0,Dead Island Riptide,play,61.0
1212079429.0,Counter-Strike Source,purchase,1.0
121820292.0,Team Fortress 2,purchase,1.0
38475923.0,Dota 2,purchase,10.2
39641822.0,Dead Island Riptide,purchase,1.0
85978372.0,Team Fortress 2,play,1.0
5593678.0,The Last of Us,purchase,1.0
65965449.0,Deus Ex Human Revolution - Director's Cut,purchase,1.0
155480373.0,Robocraft,purchase,1.0
85889793.0,Dota 2,purchase,14.4
18373689.0,Dead Space,purchase,1.0
15668037.0,Red Shift,play,1.0
95411281.0,The Elder Scrolls V Skyrim,purchase,1.0
16653901.0,Team Fortress 2,purchase,1.0
226040682.0,Metro 2033,purchase,5.6
71739361.0,The Elder Scrolls V Skyrim,purchase,1.0
115772883.0,Total War,purchase,0.3
103669163.0,Counter-Strike,purchase,1.0
15604952.0,The Elder Scrolls V Skyrim - Dawnguard,purchase,1.0
13205420.0,Counter-Strike Global Offensive,play,1.0
9797958.0,Counter-Strike Condition Zero Deed,play,53.0
11656589.0,Counter-Strike Condition Zero,play,11.6
63375463.0,Counter-Strike Source,purchase,1.0
167524578.0,Warframe,purchase,1.0
206239750.0,Dota 2,purchase,1.0
80901692.0,Dota 2,purchase,1.0
16471268.0,The Walking Dead,purchase,1.0
7665058.0,Day of Defeat,purchase,1.0
57569584.0,Football Manager 2010,purchase,1.0
5381835.0,PlanetSide 2,purchase,3.8
95818578.0,Team Fortress 2,purchase,1.0
112602066.0,War Thunder,purchase,1.0
18276735.0,Portal,purchase,1.0
95829591.0,Sid Meier's Civilization V,purchase,1.0
1698363216.0,Firefall,play,50.0
321802929.0,Portal,purchase,1.0
62779798.0,The Elder Scrolls V Skyrim,purchase,1.0
123623692.0,The Elder Scrolls V Skyrim,purchase,299.0
10242399.0,Portal 2,play,1.0
136520992.0,Day of Defeat,purchase,1.0
80166373.0,Magicka The Gathering,purchase,1.0
152796013.0,Dead Rising,purchase,1298.0
115918578.0,The Elder Scrolls V Skyrim,purchase,14.4
243539373.0,Counter-Strike Condition Zero,purchase,121.0
25991859.0,Dota 2,play,1.0
16542496.0,Football Manager 2014,play,1.0
61679992.0,Counter-Strike Global Offensive,purchase,1.0
28681089.0,Dota 2,purchase,1.0
15986697.0,Counter-Strike,play,0.6
26295874.0,Dota 2,purchase,0.9
73512763.0,Garry's Mod,purchase,1.0
79859594.0,Football Manager 2009,purchase,1.0
54768992.0,Tomb Raider,purchase,1.0
28863957.0,Counter-Strike Global Offensive,play,88.0
90778581.0,Counter-Strike Condition Zero,play,1.0
184526386.0,Warframe,play,1.0
17123356.0,Half-Life 2 Deathmatch,purchase,1.0
178927692.0,Garry's Mod,purchase,0.7
47672554.0,Dead Island Epidemic,purchase,1.0
96598932.0,Don't Starve,play,1.0
90829861.0,Garry's Mod,purchase,2260.0
93664163.0,The Cat That Didn't Starve,purchase,1.9
5773049.0,Dota 2,purchase,1.0
26894688.0,The Elder Scrolls V Skyrim,play,1.0
105265427.0,The Elder Scrolls V Skyrim,play,1.0
9296697.0,Borderlands 2,purchase,1.0
6272705.0,Arma 2,purchase,14.4
8674364.0,Fallout New Vegas Courier's Stash,purchase,44.0
6873536.0,War Thunder,purchase,1.0
5758664.0,Torchlight 2,play,0.5
62628591.0,Dota 2,play,1.0
5391697.0,Team Fortress 2,purchase,1.0
82680303.0,Counter-Strike Global Offensive,play,1.0
11184789.0,Counter-Strike Global Offensive,purchase,1.0
64590331.0,Counter-Strike Source,purchase,1.0
67964686.0,Call of Duty Black Ops II - Multiplayer,purchase,27.0
45223783.0,Team Fortress 2,play,24.0
392779861.0,Left 4 Dead,purchase,2.7
1780338940.0,Fallout New Vegas Courier's Stash,purchase,1.0
64789314.0,Half-Life 2 Deathmatch,play,1.0
64617385.0,Team Fortress 2,purchase,9.5
127725782.0,Dead Island Riptide,purchase,1.0
24657952.0,Warframe,purchase,1.0
94478992.0,Stronghold Kingdoms,purchase,16.7
6392489.0,Left 4 Dead,purchase,12.8
126769492.0,Dota 2,play,1.0
15408966.0,Garry's Mod,play,4.3
86744891.0,The Elder Scrolls V Skyrim,play,1.0
33015434.0,Rocket League,play,1.5
43979793.0,The Last Federation,purchase,1.0
30202946.0,The Elder Scrolls V Skyrim - Enhanced Edition,purchase,1.0
9076779.0,Borderlands 2,play,1.0
202670287.0,Heroes & Generals,purchase,1.0
25773389.0,Half-Life 2 Deathmatch,play,22.0
6392962.0,Day of Defeat,purchase,1.0
57925287.0,Half-Life 2,purchase,1.0
11193589.0,Arma 2 Operation Arrowhead,play,21.0
33164087.0,Counter-Strike Nexon Zombies,purchase,7.5
1056619.0,Metro 2033,purchase,1.0
97978361.0,The Elder Scrolls V Skyrim,play,1.6
4472889.0,Europa Universalis IV - Game of the Year Edition,purchase,9.1
86829154.0,The Elder Scrolls V Skyrim,purchase,1.0
182565772.0,Counter-Strike Global Offensive,purchase,1.0
22151439.0,Dota 2,purchase,2.4
6276654.0,The Elder Scrolls V Skyrim - Dawnguard,purchase,0.2
3822070.0,Counter-Strike Source,play,0.4
52724578.0,Neverwinter,purchase,1.0
16352389.0,Path of Exile,purchase,1.0
46958584.0,Dead Island Riptide,purchase,1.0
180867892.0,Men of Warzone,purchase,1.0
104788066.0,Darksiders,purchase,2.6
95764266.0,Warframe,play,1.2
16895876.0,Counter-Strike Nexon Zombies,purchase,1.0
29605860.0,Counter-Strike Condition Zero Deleted Scenes,purchase,1.0
2438394957.0,Sid Meier's Civilization V,purchase,88.0
117818584.0,Team Fortress 2,purchase,1.0
73529266.0,Counter-Strike Source,play,0.6
7666908.0,Borderlands The Pre-Sequel,purchase,0.3
8128910.0,Dead Island Epidemic,purchase,1.0
66779361.0,Deadlight,purchase,1.0
9882796.0,Counter-Strike Global Offensive,play,4.5
137589373.0,Dota 2,purchase,1.0
5394789.0,Call of Duty Black Ops - Multiplayer,purchase,1.0
15487900.0,Arma 2 Operation Arrowhead,purchase,0.5
83090257.0,Dota 2,purchase,1.0
117548578.0,The Elder Scrolls V Skyrim,purchase,2.2
8362590.0,Left 4 Dead 2 Multiplayer,purchase,1.9
5462954.0,Fallout Tactics,purchase,61.0
58726578.0,War Thunder,purchase,1.0
9793580.0,Dota 2,purchase,1.0
46344992.0,Dota 2,purchase,1.0
18246520.0,The Elder Scrolls V Skyrim,purchase,1.0
16792399.0,Batman Arkham Origins,play,11.6
15553389.0,Cities,purchase,1.0
92435686.0,Football Manager 2011,purchase,376.0
62798373.0,Football Manager 2014,purchase,1.0
28012567.0,ROSE,purchase,2.9
104450361.0,Borderlands 2,play,1.0
9397879.0,Hitman Absence,play,0.2
15780186.0,Shadowrun Returns,play,4.3
101879584.0,Stronghold Crusader 2 - Ultimate Edition,play,1.0
43769200.0,Dead Island Epidemic,purchase,39.0
23754680.0,The Elder Scrolls V Skyrim - Hearthfire Edition,play,6.8
46970986.0,The Elder Scrolls V Skyrim,purchase,510.0
86700478.0,Counter-Strike Source,play,1.9
56964331.0,The Elder Scrolls V Skyrim,play,0.5
124718578.0,Arma 3,purchase,2.1
9903950.0,Counter-Strike Global Offensive,play,7.4
97911077.0,Half-Life Deathmatch,purchase,1.0
16454947.0,Counter-Strike Condition Zero Deleted Scenes,purchase,4.3
15991037.0,Dota 2,purchase,52.0
6160107.0,Counter-Strike Nexon Zombies,purchase,1.0
73555373.0,PAYDAY 2,purchase,1.0
81565992.0,Dota 2,play,1.0
6352489.0,Garry's Mod,play,0.9
178048054.0,A Clockwork Future Part II,purchase,1.0
61287802.0,Half-Life 2 Deathmatch,purchase,1.0
82989415.0,Call of Duty Black Ops - Zombies - Game of the Year Edition,purchase,1.0
58824772.0,Dota 2,purchase,1.0
94875682.0,The Elder Scrolls V Skyrim - Hearthfire,purchase,16.7
73665242.0,Counter-Strike Global Offensive,play,1.0
82989154.0,Dead Island Epidemic,play,12.7
163936962.0,Counter-Strike Condition Zero Deleted Scenes,play,11.5
6758650.0,Counter-Strike,purchase,1.0
284689049.0,Deus Ex Human Revolution,play,5.6
24851078.0,Dead Island Riptide,purchase,1.0
82879594.0,Portal 2,play,1.0
28504591.0,Unturned,purchase,1.0
18390766.0,Darksiders II,play,120.0
164038651.0,Warframe,purchase,1.0
5773799.0,Half-Life Trine,purchase,1.0
5154907.0,Left 4 Dead 2,play,9.4
132065607.0,Counter-Strike Global Offensive,purchase,1.0
102855480.0,Borderlands,purchase,1.0
195044992.0,The Elder Scrolls V Skyrim,purchase,1.0
958373749.0,Tom Clancy's Ghost Recon Phantoms,play,9.0
134054373.0,Counter-Strike Global Offensive,purchase,289.0
156927005.0,Defiance,purchase,1.0
45980795.0,Call of Duty Black Ops,purchase,1.0
87575266.0,Team Fortress 2,purchase,0.4
1.0,Ricochet,purchase,1.0
85887242.0,Dota 2,purchase,1.1
15373638.0,Half-Life 1.0,purchase,1.0
17357889.0,Dota 2,purchase,1.0
6590729.0,FIONO 3,purchase,1.0
26271829.0,Dead Space,purchase,142.0
16652090.0,Dota 2,purchase,0.5
16386789.0,Heroes & Generals,play,1.0
223040373.0,Half-Life 2 Deathmatch Source,purchase,1.0
15363868.0,Metro 2033,purchase,1.0
78170123.0,Borderlands 2,purchase,1.0
142418266.0,Counter-Strike Global Offensive,play,1.0
82969584.0,Braid,play,1.0
132566332.0,Counter-Strike Global Offensive,purchase,1.0
8293780.0,Counter-Strike Condition Zero Deleted Scenes,purchase,1.0
73524989.0,The Elder Scrolls V Skyrim,purchase,1.0
28789929.0,The War Thunder,play,1.0
52960260.0,Counter-Strike Source,purchase,1.0
90598946.0,Deadlight,purchase,0.5
16012489.0,Dota 2,purchase,1.0
53669386.0,Dead Island Epidemic 2,play,1.0
24732489.0,Counter-Strike Global Offensive,purchase,187.0
176820478.0,Counter-Strike,purchase,0.3
132986163.0,Dota 2,purchase,1.0
165414992.0,The Elder Scrolls V Skyrim,play,62.0
7751583.0,Counter-Strike Global Offensive,purchase,89.0
18123746.0,Arma 2,purchase,1.0
43073768.0,Counter-Strike Condition Zero Deleted Scenes,play,1.0
7190789.0,The Elder Scrolls V Skyrim,play,6.7
252055242.0,The Elder Scrolls IV Oblivion,purchase,1.0
6790775.0,Counter-Strike Global Offensive,purchase,10.2
55727128.0,Arma 2,play,7.4
38305852.0,Dota 2,purchase,1.0
112508977.0,Unturned,play,1.0
86908651.0,Hitman Absolution,play,1.0
13476823.0,Dragon Age II - Chaos Rising,purchase,1.0
163629373.0,BioShock Infinite,purchase,21.0
24291268.0,Hitman Absolution,purchase,4.0
6771883.0,Grand Theft Auto V,purchase,1.0
18876948.0,Dota 2,purchase,9.2
8357521.0,Garry's Mod,play,1.0
4861858.0,The Elder Scrolls V Skyrim,purchase,15.1
7353789.0,Sid Meier's Civilization Beyond Earth,purchase,1.0
15273685.0,Stronghold,purchase,89.0
64670989.0,Call of Duty Black Ops 2,play,1.0
121027961.0,Quake Live,purchase,1.0
85980266.0,ROSE II,play,8.1
54563307.0,Call of Duty Modern Warfare 3,play,2.9
24683737.0,The Original Soundtrack,purchase,0.7
21783537.0,Counter-Strike,purchase,1.0
2022566.0,Metro 2033,purchase,1.0
15473979.0,The Elder Scrolls V Skyrim - Dragonfall,play,1.0
17753866.0,Counter-Strike Global Offensive,purchase,0.5
80101242.0,Borderlands 2,purchase,1.0
85912682.0,Sid Meier's Civilization V Beyond the Sword,purchase,6.0
180855772.0,Sid Meier's Civilization IV - Beyond Earth,purchase,2.5
7252596.0,PAYDAY,purchase,1.0
83054287.0,Left 4 Dead 2,play,5.9
66789687.0,Counter-Strike Source,purchase,1.0
12183897.0,Sniper Ghost Warrior,purchase,1.0
85678097.0,The Elder Scrolls V Skyrim,purchase,2.7
4569977.0,Metro 2033,play,1.0
5695890.0,Dota 2,play,0.9
72775331.0,Garry's Mod,play,1.0
41784068.0,Grand Theft Auto V,purchase,1.0
165875242.0,Counter-Strike Condition Zero,purchase,1.0
16557958.0,Unturned,play,0.5
92949052.0,Team Fortress 2,play,11.1
18572786.0,Dota 2,purchase,1.0
460793517.0,Dota 2,purchase,62.0
102879475.0,Dota 2,purchase,32.0
80129013.0,Football Manager 2014,purchase,1.0
104630720.0,Overlord,play,13.5
15258815.0,The Elder Scrolls V Skyrim - Dawnguard,purchase,1.0
5396785.0,Heroes & Generals 3,play,1.0
16377086.0,Half-Life 2 Deathmatch Source,purchase,1.0
83645292.0,Team Fortress 2,play,6.3
122070498.0,Torchlight,purchase,5.2
5542489.0,Dead Space,purchase,1.0
147515373.0,Counter-Strike Global Offensive,purchase,0.3
136745861.0,The Elder Scrolls V Skyrim,purchase,0.4
13593865.0,Skyrim High Resolution Texture Pack,purchase,1.0
63126790.0,Dota 2,purchase,1.0
4474579.0,Counter-Strike Global Offensive,play,1.0
123769281.0,Counter-Strike Global Offensive,play,1.0
242508266.0,Counter-Strike Nexon Zombies,play,0.9
22009973.0,Counter-Strike Global Offensive,purchase,4.3
68889361.0,Dota 2,purchase,1.0
47740800.0,Deathmatch Classic,play,10.2
62390996.0,Counter-Strike Global Offensive,purchase,1.0
12461826.0,Counter-Strike Global Offensive,purchase,1.0
6495089.0,Borderlands,purchase,102.0
330133981.0,Dota 2,play,1.0
9790467.0,Garry's Mod,play,10.5
16338937.0,The Cat Man Returns,purchase,61.0
17012663.0,ARK Survival Evolved,purchase,1.0
52318992.0,A Room in Hell,play,1.0
12691258.0,Warframe,purchase,1.0
4641563.0,Counter-Strike Global Offensive,play,1.0
6756954.0,Half-Life 2,purchase,1.0
155569594.0,Dota 2,purchase,5.9
72927281.0,Counter-Strike Source,purchase,1.0
157760686.0,Dota 2,purchase,1.0
16302023.0,Counter-Strike Global Offensive,play,1.0
54880887.0,Zombie Island,purchase,1.0
11374639.0,Firefall,purchase,1.0
8666536.0,Dota 2,purchase,1.0
51527591.0,Counter-Strike Global Offensive,purchase,1.0
6573812.0,Counter-Strike Condition Zero,purchase,0.1
113669292.0,Call of Duty Advanced Warfare,play,1.0
80569386.0,The Elder Scrolls V Skyrim - Hearthfire,purchase,1.0
10373814.0,Dota 2,play,81.0
18122468.0,Magicka,purchase,1.0
24752596.0,Borderlands 2,play,1.0
12473589.0,Left 4 Dead,purchase,1.0
707674856.0,The Elder Scrolls V Skyrim - Dawnguard,play,1.0
94560307.0,Dota 2,play,467.0
85969484.0,Tom Clancy's Ghost Recon Phantoms,purchase,1.0
5891218.0,Sniper Elite 3,purchase,1.0
56645596.0,Counter-Strike Source,purchase,1.0
45232623.0,Warhammer 40,play,1.0
63647989.0,Dota 2,purchase,1.0
23753800.0,Dishonored,purchase,272.0
64867449.0,Dota 2,purchase,1.0
52716750.0,The Elder Scrolls V Skyrim,play,526.0
84701793.0,Terraria,purchase,1.0
15081265.0,Serious Sam,play,1.0
22352300.0,Deathmatch Classic,purchase,1.0
136086992.0,Half-Life Deathmatch,play,2.0
83064368.0,Counter-Strike Global Offensive,purchase,17.0
88161236.0,Dota 2,purchase,1.0
153579265.0,Garry's Mod,purchase,10.2
82977386.0,Half-Life 2,purchase,7.6
28893697.0,The Elder Scrolls V Skyrim High Resolution Texture Pack,purchase,1.0
2426050.0,Half-Life 2 Episode One,play,3.3
16362983.0,Left 4 Dead,play,1.0
11673388.0,Dota 2,play,1.0
132930689.0,Counter-Strike Condition Zero,purchase,1.0
96565651.0,Dota 2,purchase,0.3
187908865.0,Football Manager 2014,purchase,1.0
80177484.0,Counter-Strike Global Offensive,purchase,1.0
12183827.0,Dead Island Epidemic,purchase,1.0
60579110.0,Counter-Strike Global Offensive,purchase,1.0
86050992.0,Dota 2,play,5.6
71597307.0,Call of Duty Black Ops,purchase,1.0
2370634558.0,Warframe,purchase,1.0
88581889.0,Dead Island Epidemic,purchase,3.2
16493595.0,Half-Life 2 Deathmatch Source,purchase,1.0
87599578.0,Call of Duty Black Ops,purchase,4.3
10787778.0,The Bridge,purchase,1.0
38648065.0,Defiance,purchase,1.0
32776940.0,Football Manager 2013,purchase,1.2
10360187.0,Counter-Strike Condition Zero,purchase,1.0
54675288.0,Call of Duty Black Ops II - Multiplayer,purchase,1.0
156915242.0,Deathmatch Classic,purchase,1.0
82930992.0,Counter-Strike Source,play,17.8
119662058.0,The Elder Scrolls V Skyrim,purchase,1.1
90779373.0,Braid,purchase,1.0
83947992.0,Dead Island Epidemic,purchase,1.0
48475861.0,Counter-Strike Global Offensive,play,1.0
109839087.0,Unturned,purchase,1.0
169560253.0,Defiance,play,8.5
13706424.0,Counter-Strike Source,purchase,10.1
125896128.0,Half-Life 2 Episode One,play,1.0
1675687823.0,Dota 2,purchase,1.0
43924779.0,Garry's Mod,purchase,1.5
6014560.0,The Elder Scrolls V Skyrim,play,1.0
476424288.0,The Elder Scrolls V Skyrim,purchase,1.0
18123769.0,Counter-Strike Source,purchase,1.0
75918578.0,Half-Life 2 Deathmatch,purchase,1.0
80775992.0,Dota 2,purchase,14.4
17641676.0,Left 4 Dead 2,purchase,1.0
142207897.0,Rocket League,purchase,1.0
27402666.0,Garry's Mod,play,1.0
156910373.0,Counter-Strike Condition Zero,play,1.0
1023764.0,Dota 2,purchase,102.0
44556852.0,Half-Life 2,purchase,1.0
59515578.0,Half-Life 2 Episode One,purchase,0.6
55849484.0,Dead Island Epidemic,play,1.0
88865266.0,Counter-Strike,purchase,12.8
7893878.0,Firestorm,purchase,1.0
205840897.0,Counter-Strike Source,purchase,85.0
96579484.0,Half-Life 2 Deathmatch,play,1.0
25665560.0,Warframe,purchase,1.0
