Name,Gender,Count,Probability
Loni,F,140101.0,0.0
Adhithya,M,112045.0,0.0
Emmory,M,2619.0,7e-05
Makenya,F,703.0,0.0
Berenize,F,20.0,0.0
Rilee,F,2088.0,0.0
Jamee,F,213329.0,0.0
Jovietta,F,1423.0,0.0
Gurdeep,M,1120.0,0.0
Roshon,M,3184.0,0.0
Sian,F,220918.0,0.0
Elihu,M,20892.0,0.0
Janah,F,3520.0,0.0
Ervin,M,180105.0,0.0
Alizah,F,20037.0,0.0
Crescenzio,M,1120.0,0.0
Alexander,M,106772.0,0.0
Shahnawaz,F,2.0,0.0
Jamere,M,106537.0,0.0
Rylan,M,72449.0,0.0
Naiy,F,3456.0,0.0
Rupinder,F,170183.0,0.0
Cid,M,240104.0,1e-05
Lul,F,20.0,0.0
Jevanta,M,730.0,0.0
Nethuja,F,1821.0,0.0
Shazmin,F,106829.0,0.0
Aisah,F,20203.0,0.0
Leenah,F,1120.0,0.0
Arshita,F,1.0,0.0
Aulina,F,1426.0,0.0
Dereck,M,10.0,0.0
Gwenette,F,2158.0,0.0
Lelaine,F,40289.0,0.0
Dannial,F,109422.0,0.0
Amaliah,F,35354.0,9e-05
Sadelyn,F,141526.0,0.0
Abhiram,M,1125.0,0.0
Miguel,M,102819.0,0.0
Ozzie,M,3200.0,0.0
Aneesha,F,1039.0,0.0
Lily,F,145901.0,0.0
Gisell,M,71664.0,0.0
Shaely,F,1730.0,0.0
Rana,F,738.0,0.0
Eilen,F,1488.0,0.0
Vashaun,M,1416.0,0.0
Jacy,M,719.0,0.0
Gert,M,140105.0,0.0
Kyelle,F,1120.0,0.0
Kayleah,F,36738.0,0.0
Dabney,F,3190.0,0.0
Srikraj,M,3.0,0.0
Emmalissa,F,1125.0,0.0
Zaiden,F,209413.0,0.0
Ayn,F,37969.0,0.0
Ernie,F,54047.0,5e-05
Kimberlin,F,148878.0,0.0
Joni,M,152350.0,4e-05
Jaydenlee,M,2068.0,0.0
Aliza,F,74088.0,0.0
Josh,M,112323.0,0.0
Alberico,M,7881.0,0.0
Rheanna,F,113869.0,0.0
Nithu,M,244800.0,0.0
Muhaima,F,467.0,0.0
Alva,F,74908.0,1e-05
Darryle,M,144581.0,0.0
Nyanath,F,170380.0,0.0
Celine,F,262701.0,0.0
Terry,F,1106851.0,0.0
Kambria,F,726.0,0.0
Haddox,M,2269.0,0.0
James,M,209724.0,0.0
Jazavier,M,134400.0,0.0
Amaree,F,166973.0,4e-05
Vassiliki,F,113733.0,0.0
Avah,F,71704.0,0.0
Gerald,M,712983.0,0.0
Leandro,M,727.0,0.0
Amaria,F,72399.0,1e-05
Jaymie,F,3122.0,0.0
Jule,M,21088.0,0.0
Kyle,M,70445.0,0.0
Rauni,M,1066.0,0.0
Faredan,M,71904.0,0.0
Kyeanna,F,2598.0,0.0
Tiana,F,61831.0,0.0
Angelique,F,106044.0,0.0
Kari,M,1060.0,0.0
Shabazz,M,1125.0,0.0
Arwin,M,70400.0,0.0
Dannie,F,72406.0,0.0
Tiyanna,F,181739.0,0.0
Anjol,M,208056.0,0.0
Ziyana,F,3710.0,0.0
Kyeon,M,367.0,0.0
Anastasia,F,57399.0,0.0
Wrennyn,M,6.0,0.00017
Rami,M,182289.0,0.0
Jeneen,F,7961.0,1e-05
Rohanan,M,719.0,0.0
Ayaana,F,1423.0,0.0
Naliah,F,72414.0,0.0
Brooke,M,141913.0,0.0
Makenlyse,F,71401.0,0.0
Jose,M,1007440.0,0.0
Jaelani,F,2128.0,0.0
Lakhvi,F,1120.0,0.0
Don,M,72414.0,0.0
Dajsha,F,769.0,0.0
Ervin,M,142902.0,0.0
Edward,M,146904.0,0.0
Savy,M,54841.0,0.0
Marley,F,55459.0,0.00015
Jameal,M,3102.0,0.0
Nick,M,612576.0,0.0
Raymond,M,112855.0,0.0
Shona,F,206921.0,0.0
Kishon,M,20023.0,0.0
Leovanni,M,1408632.0,0.0
Amaelyn,F,200.0,0.0
Lacey,M,76684.0,0.0
Eulalio,M,1037.0,0.0
Rheyn,F,3758.0,0.0
Darr,M,20203.0,0.0
Kaitly,F,6850.0,0.0
Jovian,M,273045.0,0.0
Trenity,F,1120.0,0.0
Janette,F,649936.0,0.0
Mckensley,F,1401.0,0.0
Tyshun,M,6.0,0.0
Alexandra,F,180328.0,0.0
Jaxx,M,1039.0,0.0
Jacob,M,623881.0,0.0
Dequan,M,1470.0,0.0
Rene,F,112314.0,0.0
Asharra,F,3168.0,0.0
Gisela,F,310534.0,0.0
Mony,F,959.0,0.0
Alanna,F,3184.0,0.0
Karmella,F,1120.0,0.0
Zayleah,F,153764.0,0.0
Bailley,F,1598.0,0.0
Jaycion,M,1023.0,0.0
Khyree,M,1069.0,0.0
Andrew,M,317538.0,0.0
Alia,F,107537.0,0.0
Mina,F,72328.0,0.0
Yoh,M,1120.0,0.0
Aysa,F,1577.0,0.0
Porsha,F,1125.0,0.0
Elain,M,2574.0,0.0
Gudil,M,70401.0,0.0
Tait,F,204050.0,0.0
Buela,F,180189.0,0.0
Kaitlyn,F,61141.0,0.0
Jazmin,F,1701.0,0.0
John,M,91581.0,0.0
Kyeong,M,219534.0,0.0
Charnice,F,739.0,2e-05
Kaid,M,31009.0,0.0
Kailahna,F,21664.0,0.0
Rolf,M,332518.0,0.0
Francisco,M,106941.0,0.0
Tyshawn,M,282317.0,0.0
Wes,M,112020.0,0.0
Darryl,M,72383.0,0.0
Jayden,M,111875.0,0.0
Yaxzandria,F,120728.0,0.0
Domenique,F,147030.0,0.0
Kyeanne,F,20.0,0.0
Darlen,M,769.0,0.0
Lilliana,F,111841.0,0.0
Arnesh,M,1740.0,0.0
Nastasha,F,903.0,0.0
Metta,F,74616.0,0.0
Nethaniel,M,1120.0,0.0
Jolee,F,3684.0,0.0
Deryck,M,1401.0,0.0
Lani,F,104588.0,0.0
Adrienne,F,1049892.0,0.0
Christof,M,56906.0,0.0
Jaxen,M,213318.0,0.0
Shaughnessy,M,1069.0,0.0
Jonathon,M,205214.0,0.0
Saffiere,F,1066.0,0.0
Deonte,M,719.0,0.0
Luisa,F,110119.0,0.0
Pernita,F,734.0,0.0
Cazden,M,40.0,0.0
Xzavius,M,17010.0,0.0
Yolandi,F,1120.0,0.0
Alizae,F,74318.0,0.0
Kaleya,F,1415.0,0.0
Zaccory,M,2195.0,0.0
Maryluc,F,71823.0,0.0
Shari,F,1475.0,0.0
Bimla,F,1496.0,0.0
Aree,F,3526.0,0.0
Jaxstyn,F,104524.0,0.0
Tyquavious,M,775.0,0.0
Muhaddisa,M,71233.0,0.0
Elianah,F,21694.0,0.0
Aulani,F,1096.0,0.00029
Carlesia,F,22091.0,0.0
Nadelyn,F,703.0,0.0
Nick,M,184528.0,0.0
Mark,M,72732.0,0.0
Alesis,F,3781.0,0.0
Carole,F,186427.0,0.0
Ester,M,107952.0,0.0
Johnathon,M,140119.0,0.0
Zaylah,F,186601.0,0.0
Anjelica,F,3200.0,0.0
Anurudhbh,F,1120.0,0.0
Emely,M,1407.0,0.0
Tiahna,F,2036.0,0.0
Marilou,F,209650.0,0.0
Lirio,M,3103.0,0.0
Aaryanna,F,208323.0,0.0
Lareen,F,2060.0,0.0
Ade,F,109631.0,0.0
Keeslyn,F,10018.0,0.0
Adelynn,F,71919.0,0.0
Tyler,M,84424.0,0.00022
Aunika,F,2104.0,0.0
Taysheem,M,281237.0,0.0
Moustapha,M,1401.0,0.0
Jhayveon,M,19.0,0.0
Ngozi,F,2173.0,0.0
Kianna,F,6926.0,0.0
Lacey,Favour,72404.0,0.0
Aaliyah,F,20891.0,0.0
Eliezer,M,1475.0,0.0
Jaxavier,M,2176.0,0.0
Janita,F,172904.0,0.0
Kealie,F,1426.0,0.0
Denniel,M,219538.0,0.0
Zendy,M,728.0,0.0
Nihara,F,71514.0,0.0
Cody,M,112733.0,0.0
Kael,M,3105.0,0.0
Dushawn,F,3185.0,0.0
Zackary,M,92930.0,0.0
Saje,F,203800.0,0.0
Kayla,F,286417.0,0.0
Rufino,M,101894.0,0.0
Khiyen,F,2.0,0.0
Karyn,F,719043.0,2e-05
Jameel,M,71140.0,0.0
Sarah,F,1006208.0,0.0
Melvie,F,731.0,0.0
Mckynli,F,20041.0,0.0
Dylann,M,195517.0,5e-05
Sherrell,F,619042.0,0.0
Kailen,M,170128.0,0.0
Srikant,M,1003.0,0.0
Bimlesh,M,2136.0,0.0
Alyssa,F,112318.0,0.0
Nectarius,M,7024.0,0.0
Aynslee,F,1494.0,0.0
Kristin,F,141833.0,0.0
Zaki,M,1085.0,0.0
Kaleesha,F,140104.0,0.0
Mckayla,F,102070.0,0.0
Jonnie,M,112523.0,0.0
Ixchel,F,7.0,0.0
Jhonathan,M,20034.0,0.0
Dajohn,M,719.0,0.0
Mccartney,M,17.0,0.0
Jena,F,214714.0,0.0
Rylee,M,203912.0,0.0
Tynette,F,2405.0,0.0
Nalani,F,15363601.0,4e-05
Elisabethe,M,56921.0,0.0
Jazmine,F,14981.0,0.0
Shauna,F,200368.0,0.0
Alida,F,102568.0,0.0
Zachery,M,210211.0,0.0
Karmonie,F,3240.0,0.0
Anastasia,F,2174.0,0.0
Vane,F,1447.0,0.0
Saje,F,106791.0,0.0
Jose,M,172384.0,0.0
Kayln,F,190868.0,0.0
Trenton,M,708564.0,0.0
Ed,M,170864.0,0.0
Kaleigh,F,71942.0,0.0
James,M,172761.0,0.0
Harl,M,373735.0,1e-05
Laretha,F,22061.0,0.0
Jacob,M,170773.0,0.0
Tyisha,F,210112.0,0.0
Zandie,F,74900.0,2e-05
Sager,M,744.0,0.0
Juel,M,259941.0,0.0
Aunna,F,56996.0,1e-05
Donnie,M,40574.0,0.0
Leif,M,202512.0,0.0
Arha,F,744.0,0.0
Jax,M,3992.0,0.00062
Adrianna,F,202539.0,0.0
Tykir,M,723.0,0.0
Aniruddha,F,270040.0,0.0
Aalina,F,11175.0,0.0
Alyssa,F,3783.0,0.0
Marlene,F,181543.0,0.0
Rylen,M,200480.0,0.0
Rosalynn,F,112301.0,0.0
Rael,M,1039.0,0.0
Darr,M,219045.0,0.0
Rayburn,M,71577.0,0.0
Joanna,F,218924.0,0.0
Yerucham,M,2048.0,0.0
Kailyn,F,142835.0,0.0
Asha-Rose,F,1.0,0.0
Alonda,F,112326.0,0.0
Joanne,F,418413.0,0.0
Kalyah,F,1738.0,0.0
Elsie,F,209722.0,0.0
Shernita,F,1120.0,0.0
Michaela,M,112319.0,0.0
Erynn,M,724.0,0.0
Sajid,M,1803.0,0.0
Fred,M,102530.0,0.0
Mary,F,274580.0,0.0
Zayla,F,40444.0,0.0
Marielle,F,1401092.0,0.0
Marcey,F,71479.0,1e-05
Dwayne,M,217742.0,0.0
Brittney,M,1505714.0,0.0
Cecil,M,203374.0,0.0
Kaiden,M,2592176.0,0.0
Derece,F,14499.0,0.0
Kahlia,F,71902.0,0.0
Christian,M,7191929.0,0.0
Jhayce,F,1424.0,0.0
Shafeeq,M,1239.0,0.0
Frank,M,71922.0,0.0
Tanish,M,218741.0,0.0
Wilbert,M,147772.0,0.0
Tanishka,F,2201.0,0.0
Emy,F,739.0,0.00012
Marlene,F,291029.0,0.0
Vadir,M,717.0,0.0
Maxxim,M,108968.0,0.0
Keelin,M,1467.0,0.0
Darryl,M,301599.0,0.0
Hunter,M,319034.0,0.0
is Trent,M,145517.0,0.0
Kav,M,140214.0,0.0
Taziah,F,3166.0,0.0
Lillyan,M,1409.0,0.0
Nihith,F,1120.0,0.0
Shengyuan,F,1.0,0.0
Avyona,F,54738.0,0.0
Lani,F,202366.0,0.0
Anjelita,F,5.0,0.0
Israq,M,1422.0,0.0
Jaelin,M,717.0,0.0
Leland,M,1125.0,0.0
Jale,M,112045.0,0.0
Tanyika,F,105935.0,0.0
Zeph,M,1488.0,0.0
Makenzie,F,2047.0,0.0
Tania,F,143300.0,0.0
Darlie,F,2905.0,0.0
Brayden,M,170126.0,0.0
Almer,M,79029.0,1e-05
Jamy,M,14881.0,0.0
Julema,F,2133.0,0.0
Johnnie,M,112098.0,0.0
Keishawn,M,152029.0,0.0
Carina,F,1801063.0,0.0
D'Wayne,M,7069.0,0.0
Tyshay,F,1.0,0.0
Deneane,F,714.0,0.0
Angela,F,399517.0,0.0
Janniyah,F,283450.0,0.0
Gennaro,M,102511.0,0.0
Sathina,F,357020.0,1e-05
Naloni,F,182310.0,0.0
Chase,M,141828.0,0.0
Derynn,F,10.0,0.0
Adrien,M,215841.0,0.0
Aneesha,F,213901.0,0.0
Llew,M,20069.0,0.0
Gorgios,M,14984.0,0.0
Clarence,M,203628.0,0.0
Daelan,M,112319.0,0.0
Nattie,F,1713.0,0.0
Herbert,M,368428.0,0.0
Gyan,F,10.0,0.0
Elbert,M,210219.0,0.0
Cody,M,111914.0,0.0
Jovahni,F,1818.0,0.0
Kristine,F,140103.0,0.0
Janell,F,112040.0,0.0
Johnathan,M,102324.0,0.0
Kael,M,112077.0,0.0
Dereon,M,11101.0,0.0
Ramey,F,71618.0,0.0
Roshad,M,11064.0,0.0
Givanna,F,1120.0,0.0
Adriana,F,145904.0,0.0
Irah,F,1336.0,0.0
Shatika,F,27091.0,0.0
Rosita,F,6346701.0,0.0
Maryann,F,78801.0,0.0
Raimond,M,182344.0,0.0
Zaylon,M,2028.0,0.0
Grant,M,122856.0,3e-05
Azaiah,M,1023.0,0.0
Zekiya,F,19736.0,0.0
Kayla,F,1.12316,0.0
Jaidin,M,1866.0,0.0
Karyn,M,144092.0,0.0
Marisa,F,77832.0,0.0
Tia,F,209848.0,0.0
Kyree,M,71512.0,0.0
George,M,206743.0,0.0
Kajuana,F,10.0,0.0
Johnathon,M,121594.0,0.0
Kynzlee,F,105555.0,0.0
Leanne,F,1010123.0,0.0
Jayse,M,183651.0,0.0
Gyniel,M,1402.0,0.0
Juanita,M,743110.0,0.0
Deandra,F,79628.0,0.0
Alex,M,112314.0,0.0
Domingos,M,2094.0,0.0
Kailynne,F,72738.0,0.0
Jyari,M,142915.0,0.0
Lillie-Anne,F,2109.0,0.0
Kaylon,F,172906.0,0.0
Nyeemah,F,1120.0,0.0
Celine,F,77101.0,0.0
Jacky,M,52716.0,0.00014
Ethel,F,70428.0,0.0
Dallan,F,71901.0,0.0
Aamir,M,10.0,0.0
Danyale,F,70499.0,0.0
Jarmari,M,207849.0,0.0
Kadin,M,149826.0,0.0
Alyssa,F,276855.0,0.0
Tylen,M,2309.0,0.0
Jaedyn,M,111744.0,0.0
Laron,M,40289.0,1e-05
Marley,F,71913.0,0.0
Sharielle,F,58.0,0.0
Lorna,F,197757.0,0.0
Kamron,M,112345.0,0.0
Elora,F,102909.0,0.0
Daryann,F,181823.0,0.0
Trennon,M,2088.0,0.0
Kelly,F,1059096.0,0.0
Ray,M,14077264.0,0.0
Julee,M,71602.0,0.0
Yashita,F,1714.0,0.0
Jaxson,M,111208.0,0.0
Jaydelyn,F,1123.0,0.0
Jayden,M,146427.0,0.0
Manuel,M,31084.0,0.0
Sajid,M,741.0,0.0
Cornelio,M,60413.0,0.0
Alyssa,F,78801.0,0.0
Lenny,F,72400.0,0.0
Jayden,M,143029.0,0.0
Jayd,M,78835.0,0.0
Brisha,F,1401861.0,0.0
Abdirizak,M,3722.0,0.0
James,M,292553.0,0.0
Shontell,F,36106.0,1e-05
Dushon,M,732.0,0.0
Alyssa-Louise,F,37170.0,1e-05
Laiton,M,1466.0,0.0
Mckye,M,1058.0,0.0
Carla,F,104827.0,0.0
Kye,M,2203.0,0.0
Ailene,F,5.0,0.0
Leona,F,1489.0,0.0
Rachael,F,112514.0,0.0
Lexxie,F,1438.0,0.0
Jeri,F,112037.0,0.0
Sherese,F,1.0,0.0
Darielle,F,141073.0,0.0
Akshawn,M,3108.0,0.0
Dari,M,14545.0,0.0
Elizabet,F,1025.0,0.0
Lekayla,F,3539.0,0.0
Eamon,M,210219.0,0.0
Hovhannes,M,716.0,0.0
Imano,M,107066.0,0.0
Cylen,M,183611.0,0.0
Xavier,M,142328.0,0.0
Phelisha,F,1.0,0.0
Joanne,F,7282874.0,0.0
Robbi,M,103476.0,0.0
Mya,F,112050.0,0.0
Shatina,F,1813.0,0.0
Kynlee,F,719.0,1e-05
Jai-Lee,M,1.36837e-08,0.0
Arliyah,F,2175.0,0.0
Nhial,M,1120.0,0.0
Saffire,F,2569.0,0.0
Danyle,F,102542.0,0.0
Alana,F,111031.0,0.0
Ryle,M,102525.0,0.0
Jameel,M,725.0,0.0
Jazari,M,71701.0,0.0
Felicity,F,211904.0,0.0
Lameer,M,2185.0,0.0
Cengiz,M,1.0,7e-05
Alexander,M,123423.0,0.0
Aaryn,F,108545.0,0.0
Rene,F,172624.0,0.0
Kaya,F,109375.0,0.0
Anasya,F,102534.0,0.0
Dannette,F,112051.0,0.0
Shontae,F,3534.0,0.0
Sama,F,2166.0,0.0
Paitlyn,F,36776.0,0.0
Marlun,M,108085.0,0.0
Leilani,M,6733.0,0.0
Alana,F,2192.0,0.0
Bradley,M,357926.0,0.0
Erynn,F,1120.0,0.0
Eme,M,217044.0,0.0
Eileena,F,11243.0,0.0
Jamee,F,1008050.0,0.0
Jurney,M,2130.0,0.0
Jazlynn,F,744.0,0.0
Baxlee,F,10.0,0.0
Iraj,M,211025.0,0.0
Doniel,M,69053.0,0.0
Tamekia,F,2055.0,0.0
Kiyoshi,M,182800.0,0.0
Tashan,M,1526.0,0.0
Elishiah,M,3108.0,0.0
Jaiylah,F,140111.0,0.0
Derril,F,71635.0,0.0
Elio,M,1120.0,0.0
Jazabelle,F,3708.0,1e-05
Sheri,F,215619.0,0.0
Rian,M,71169.0,0.0
Jerrie,M,73892.0,0.0
Arpasia,F,102546.0,0.0
Trenton,M,383735.0,0.0
Travyn,M,20044.0,0.0
Tashan,M,1093.0,0.0
Mikhaela,F,752.0,1e-05
Rayvon,M,317534.0,0.0
Melinda,F,72694.0,1e-05
Mary,F,217947.0,0.0
Khalis,M,724.0,0.0
Niyara,F,51543.0,0.0
Charles,M,159826.0,0.0
Amdai,M,703.0,0.0
Kahlil,M,71229.0,0.0
Alesia,F,703.0,0.0
Cory,M,271857.0,0.0
Ernesto,M,416699.0,1e-05
Marcell,M,37105.0,1e-05
Chantell,F,251436.0,0.0
Jodi,F,215858.0,0.0
Dhanush,M,2140.0,0.0
Maela,F,1425.0,0.0
Huyen-Kane,F,1.0,0.0
Avan,F,711.0,0.0
Adrien,M,1401054.0,0.0
William,M,102523.0,0.0
Kynzys,M,3392.0,0.0
Demari,M,73909.0,0.0
Bich,M,141220.0,0.0
Jhosua,M,2105.0,0.0
Adrienne,F,71401.0,0.0
Diamante,M,112314.0,0.0
Emelina,F,4775.0,2e-05
Jai,M,142348.0,0.0
Tawnna,F,744.0,0.0
Kamech,M,2215.0,0.0
Justyn,M,71413.0,0.0
Jaide,M,4.0,0.0
Hervin,F,714.0,0.0
Eliza,M,736.0,0.0
Jaquavious,M,715.0,0.0
Alex,M,144025.0,0.0
Anoop,M,110070.0,0.0
Anastasia,F,282881.0,0.0
Brent,M,102831.0,0.0
Annalee,F,3815.0,0.0
Iman,M,202375.0,0.0
Jerome,M,363715.0,1e-05
Kaela,F,214066.0,0.0
Deryle,F,72701.0,2e-05
John,M,106499.0,0.0
Deneisha,F,28.0,0.0
Lourdes,F,72636.0,1e-05
Ryan,M,732425.0,0.0
Delmore,M,742.0,0.0
Aylani,F,1498.0,0.0
Ela,F,69292.0,0.00019
Anjelina,F,1.0,0.0
Nai,M,112318.0,0.0
Taeja,F,488.0,0.0
Rave,M,102218.0,0.0
Anar,M,144027.0,0.0
Abdulgale,M,1401.0,0.0
Lillynn,F,726.0,0.0
Kayla,F,150089.0,0.0
Sujeet,F,19133.0,0.0
Darsh,M,1448.0,0.0
Nastassia,F,1494.0,0.0
Ashiran,F,72400.0,0.0
Gertrude,F,112311.0,0.0
Katelyn,M,141457.0,0.0
Joseph,M,77853.0,0.0
Colby,M,104067.0,0.0
Gertis,M,103740.0,0.0
Jamareon,M,71458.0,0.0
Jovina,F,102544.0,0.0
Vimal,F,1120.0,0.0
Lillian,F,72467.0,0.0
Tionna,F,1807.0,0.0
Yannakate,F,724.0,0.0
Shavonda,F,3669.0,0.0
Jaden,M,72057.0,0.0
Shaina,F,226906.0,0.0
Noah,M,214075.0,0.0
Saje,F,769.0,0.0
Anna,F,18242484.0,0.0
Doral,M,1412.0,0.0
Eloise,F,706944.0,0.0
Lillian,F,200784.0,0.0
Ralyn,F,1816.0,0.0
Vashti,F,738.0,0.0
Kael,M,140423.0,0.0
Yuliani,F,1829.0,0.0
Jair,M,112033.0,0.0
Elton,M,172344.0,0.0
Nore,F,203385.0,0.0
Janell,F,104513.0,0.0
Karolina,F,218719.0,0.0
Gennia,F,3201.0,0.0
Zuwaan,M,1120.0,0.0
Mary,F,209988.0,0.0
Tyona,F,14604.0,0.0
Kavir,M,724.0,0.0
Tyniece,F,102823.0,0.0
Kaitlyn,F,170112.0,0.0
Aadhira,F,232814.0,0.0
Jeremy,M,71935.0,0.0
Rael,M,136781.0,0.0
Carlena,F,112345.0,0.0
Khaleed,M,1680.0,0.0
Areeyana,F,1120.0,0.0
Darcus,M,210738.0,0.0
Jared,M,92227.0,0.0
Delvin,M,19010.0,0.0
Shonta,F,170119.0,0.0
Jameal,M,72404.0,0.0
Jayde,M,20064.0,0.0
Harlie,F,76946.0,0.0
Dajh,M,1036.0,0.0
Adrien,M,350160.0,0.0
Carlos,M,210129.0,0.0
Jenea,F,142288.0,0.0
Baily,F,1069.0,0.0
Fazia,F,112038.0,0.0
Daryell,M,71926.0,0.0
Elgie,M,76629.0,0.0
Teneesha,F,5.0,0.0
Evelina,F,147824.0,0.0
Jhayden,M,140103.0,0.0
Tynsley,F,2210.0,0.0
Rachal,M,22498.0,0.0
Gennette,F,174725.0,0.0
Eliahs,M,2093.0,0.0
Christian,M,182314.0,0.0
Tysheka,F,14083.0,0.0
Jose,M,381017.0,0.0
Aleighna,F,72476.0,0.0
Darryl,M,312329.0,0.0
Angelina,F,70660.0,0.0
Darryl,M,2839.0,0.0
Jasmaine,F,19106.0,0.0
Nastacia,F,719.0,0.0
Tyzhawn,M,37901.0,0.0
Oluwadamayomi,M,2026.0,0.0
Jareth,M,109733.0,0.0
Zane,M,27055.0,0.0
Nadeem,M,101761.0,0.0
Kavien,M,52119.0,0.0
Daisy,F,173701.0,0.0
Vassili,F,106633.0,0.0
Adolphus,M,72499.0,0.0
Annabella,F,145903.0,0.0
Cara,F,252586.0,0.0
Kaleem,M,1120.0,0.0
Yishara,M,20.0,0.0
Mylma,M,4669.0,0.0
Kishina,F,2169.0,0.0
Jovon,M,152529.0,0.0
Marley,F,71899.0,0.0
Teya,F,1009.0,0.0
Dezire,M,1123.0,0.0
Zikar,M,1120.0,0.0
Kristi,F,149611.0,0.0
Alixandria,F,3716.0,0.0
Tania,F,1406926.0,0.0
Kayden,F,76951.0,0.0
Leesa-Rose,F,1120.0,0.0
Tashyia,F,1120.0,0.0
Averi,F,36717.0,0.0
Jadarius,M,3153.0,0.0
Nylea,F,2097.0,0.0
Jan,M,111902.0,0.0
Vianne,F,72327.0,0.0
Kian,M,112541.0,0.0
Jhordis,M,7032.0,0.0
Jeryd,M,145950.0,0.0
Taima,F,71917.0,0.0
Jami,F,21847.0,0.0
Adilah,F,3904.0,1e-05
Maxx,M,19355.0,0.0
Arlean,F,61857.0,0.00018
Ollie,M,216904.0,0.0
Kye,M,2071.0,0.0
Tym,M,141703.0,0.0
Jameel,M,40688.0,0.0
Jodi,F,76923.0,0.0
Carri,F,112314.0,0.0
Kinslee,F,1068.0,0.0
Faiya,F,1125.0,0.0
Aneila,F,3164.0,0.0
Elianah,F,76629.0,0.0
Adeo,M,3100.0,0.0
Jamee,M,205883.0,0.0
Xinyu,F,1123.0,0.0
Tyshane,M,1368.0,0.0
Anh,M,1.0,0.0
Aydin,M,20881.0,0.0
Jaius,M,1398.0,0.0
Amaya,F,70968.0,0.0
Lea,F,292370.0,0.0
Douglas,M,89627.0,0.00023
Michaelangelo,M,140128.0,0.0
Trent,M,1003187.0,0.0
Anjel,M,407036.0,0.0
Jayme,M,144824.0,0.0
Leilani,M,739.0,0.0
Jay,M,71491.0,0.0
Arie,F,799.0,0.0
Isobella,F,703.0,0.0
Dolly,F,171037.0,0.0
Danyl,M,140155.0,0.0
Landon,M,112049.0,0.0
Kavish,M,716.0,0.0
Yasmir,M,18042.0,0.0
Darian,M,70529.0,0.0
Donyell,M,1359.0,0.0
Abisaid,M,1704.0,0.0
Kav,M,767.0,0.0
Shaniya,F,7222223.0,0.0
Jarmar,M,112301.0,0.0
Jazell,F,2166.0,0.0
Ashaan,M,217899.0,0.0
Marlena,F,102637.0,0.0
Sajada,F,2133.0,0.0
Kamron,M,96732.0,0.0
Raffaella,F,71235.0,0.0
Rishima,F,10081.0,0.0
Aneesha,F,711.0,0.0
Zhenzhen,F,1120.0,0.0
Emmily,F,74473.0,0.0
Boyd,M,71905.0,0.0
Jamez,M,741.0,0.0
Shaniah,F,36829.0,0.01037
Kamaury,M,1430.0,0.0
Julian,M,278847.0,0.0
Candie,F,204523.0,0.0
Rhe,M,1123.0,0.0
Ernie,M,167060.0,0.0
Elie,M,212894.0,0.0
Kayleen,F,20047.0,0.0
Darlinda,F,112301.0,0.0
Isabella-Kate,F,1120.0,0.0
Savy,M,72.0,0.0
Zakeia,F,2.0,0.0
Eliahna,F,1096.0,0.0
Leila,F,282056.0,0.0
Meegan,F,180103.0,0.0
Lendell,M,70802.0,0.0
Fredrick,M,202523.0,0.0
Jashaun,M,380742.0,0.0
Bradly,M,112048.0,0.0
Jack,M,102368.0,0.0
Makenzie,F,141028.0,0.0
Ronda,F,180735.0,0.0
Jaedan,F,147427.0,0.0
Christen,F,142051.0,0.0
Billie,F,145092.0,0.0
Jamay,M,1120.0,0.0
Rosana,F,7063.0,0.0
Cassy,F,724.0,0.0
Delainee,F,213739.0,0.0
Tiarrah,F,108955.0,0.0
Jadison,M,104544.0,0.0
Carrilea,F,153614.0,0.0
Marylou,F,142391.0,0.0
Janette,F,140111.0,0.0
Tylah,F,1033.0,0.0
Saryan,M,252029.0,0.0
Wilia,F,377521.0,0.0
Dontrail,M,131708.0,0.0
Nick,M,74988.0,1e-05
Yalisa,F,2088.0,0.0
Jamarion,M,733.0,0.0
Marcellas,M,3684.0,0.0
Ava-Marie,F,1120.0,0.0
Kynleigh,F,3168.0,0.0
Adelene,F,38123.0,0.0
Victor,M,71926.0,0.0
Phillip,M,772426.0,0.0
Elan,M,316969.0,0.0
Evelin,M,112033.0,0.0
Isobel,M,17010.0,0.0
Fred,M,102930.0,0.0
Lynsey,F,171453.0,0.0
Gurbani,M,202583.0,0.0
Brenton,M,219611.0,1e-05
Haseem,M,2868.0,0.0
Isamari,M,74400.0,0.0
Aylin,F,72429.0,0.0
Kerry,F,221334.0,0.0
Jovonne,M,108925.0,0.0
Isaiah,M,112033.0,0.0
Jamiyah,F,112318.0,0.0
Kiea,M,140191.0,0.0
Kimberley,F,387865.0,0.0
Marice,F,113056.0,0.0
Kaidra,F,112037.0,0.0
Kyriah,F,140119.0,0.0
Pheonia,F,724.0,0.0
Teylor,F,35392.0,0.0
Deven,M,72600.0,0.0
Elisheba,F,319811.0,0.0
Kajuana,F,1125.0,0.0
Denea,F,38070.0,0.0
Jahmar,M,1440.0,0.0
Jayceon,M,130136.0,0.0
Jhonathan,M,1312.0,0.0
Shane,M,36975.0,0.0
Lajuana,F,1069.0,0.0
Terrence,M,102916.0,0.0
Jatavious,M,729.0,0.0
Deesha,F,61645.0,0.0
Irelene,F,705.0,0.0
Rufus,M,6042.0,1e-05
Siponta,F,719.0,0.0
Waleed,M,7014.0,0.0
Kaitlyne,F,72300.0,0.0
Wilmot,M,218511.0,0.0
Lona,F,72338.0,0.0
Arlin,M,102572.0,0.0
Chantall,F,71601.0,0.0
Harsh,M,72300.0,0.0
Alyssah,F,18092.0,0.0
Jann,M,181172.0,0.0
Jocar,M,723.0,0.0
Lola-Rae,F,1401.0,0.0
Henry,M,102301.0,0.0
Kaleia,F,1429.0,0.0
Amareo,M,3168.0,0.0
Keane,F,131807.0,0.0
Alex,F,213512.0,0.0
Jeffrey,M,213569.0,0.0
Dushon,M,141447.0,0.0
Annaliese,F,1415.0,0.0
Markeia,F,20731.0,0.0
Yliss,F,1022.0,0.0
Travail,M,1811.0,0.0
Jaxsyn,M,154317.0,0.0
Marykathleen,F,200494.0,0.0
Elanna,F,73400.0,0.0
Julie,F,709966.0,0.0
Eliza-Rose,F,211902.0,0.0
Cionna,F,724.0,0.0
Bambi,F,729.0,0.0
Kavion,M,62945.0,0.0
Jeraldine,F,59435.0,1e-05
Viany,F,1410.0,0.0
Chizara,F,11284.0,0.0
Jannifer,F,20069.0,0.0
Demarcus,M,730.0,0.0
Dezmyn,M,2528.0,0.0
Kiawanna,F,623.0,0.0
Jamier,M,2220.0,0.0
Mary,F,1125944.0,0.0
Adrienne,M,183498.0,0.0
Keerthi,F,7881.0,0.0
Lola,F,142817.0,0.0
Kaylee,F,344835.0,0.0
Aarionna,F,1501.0,0.0
Norene,F,2.0,0.0
Jaydeen,F,112088.0,0.0
Ayden,M,141473.0,0.0
Kia,F,70761.0,0.0
Dailen,M,34648.0,0.0
Nyzere,M,2214.0,0.0
Elainie,F,216038.0,0.0
Myleah,F,2039.0,0.0
Dylas,F,2171.0,0.0
Lucille,F,113851.0,0.0
Elisam,M,114067.0,0.0
Leilah,F,441.0,0.0
Jamey,F,2080.0,0.0
Phebe,M,142300.0,0.0
Tynie,F,112045.0,0.0
Lourdes,F,1118.0,0.0
Nhial,M,181831.0,0.0
Jodeci,F,14082.0,0.0
Alana,F,218411.0,0.0
Kyeleb,M,40598.0,0.0
Katelynn,F,52610.0,0.0
Jhonathan,M,213724.0,0.0
Nana,F,145550.0,0.0
Leo,M,72223.0,0.0
Torene,F,200.0,0.0
Aydrian,F,200.0,0.0
Brayden,M,211436.0,0.0
Leonta,M,73464.0,0.0
Zainab,M,1.36837e-08,0.0
Gennar,M,406813.0,0.0
Elsie,F,1401509.0,0.0
Aysen,F,2216.0,0.0
Alyce,F,143280.0,0.0
Kaleesha,F,11141.0,0.0
Elvina,F,1768.0,0.0
Kayleigh,F,20893.0,0.0
Angelica,F,112534.0,0.0
Aashvi,F,152031.0,0.0
Kiahna,F,74418.0,0.0
Yurika,F,208033.0,0.0
Aaronda,F,112070.0,0.0
Manuel,M,143983.0,0.0
Leesa,F,171838.0,0.0
Kanyah,F,219534.0,0.0
Marice,F,312539.0,0.0
Ray,M,102535.0,0.0
Alayiah,F,190005.0,0.0
Lenny,M,70203.0,0.0
Adriann,F,2170.0,0.0
Jaxin,M,140115.0,0.0
Dary,F,111543.0,0.0
Rosalie,F,70958.0,9e-05
Brielee,F,10.0,0.0
Sharniah,F,547.0,0.0
Kiawanna,F,669.0,0.0
Nalai,M,5.0,0.0
Leland,M,52724.0,0.0
Jadar,M,7434.0,0.0
Anjae,F,10.0,0.0
Mait,M,112314.0,0.0
Kaela,F,14513.0,0.0
Danya,F,206432.0,0.0
Leanna,F,72857.0,0.0
Tia-Rose,F,202664.0,0.0
Prentice,M,71774.0,0.0
Darcel,M,140422.0,0.0
Kinsley,M,1120.0,0.0
Aashia,F,1120.0,0.0
Jazmene,F,1025.0,0.0
Gary,M,1403344.0,0.0
Alexie,F,107029.0,0.0
Jamee-Lee,F,1.0,0.0
Kelson,M,1123.0,0.0
Chrystine,F,11080.0,0.0
Alana,F,108928.0,0.0
Naija,F,2173.0,0.0
Hildre,F,2158.0,0.0
Arbrix,M,1467.0,0.0
Tykea,F,594.0,1e-05
Jaymee,M,3999.0,0.0
Kiyoshi,M,100534.0,0.0
Jodie,F,20991.0,0.0
Ralaya,F,2175.0,0.0
Jhavier,M,112048.0,0.0
Jamirah,M,741.0,0.0
Cimarron,F,1120.0,0.0
Kimberlee,F,82373.0,0.0
Alana,F,112068.0,0.0
Robert,M,46844.0,1e-05
Travya,F,60947.0,0.0
Kaitlin,F,1701.0,0.0
Arieana,F,41088.0,0.00114
Daphone,F,142312.0,0.0
Rene,M,221556.0,0.0
Arzjon,M,140112.0,0.0
