bytes_in,bytes_out,creation_time,end_time,src_ip,src_ip_country_code,protocol,response.code,dst_port,dst_ip,rule_names,observation_name,source.meta,source.name,time,detection_types
11248.0,4488.0,2024-04-26T09:40:00Z,2024-04-26T10:00:00Z,136.226.67.101,CA,HTTPS,200.0,443.0,10.138.69.97,Suspicious Web Traffic,Adversary Infrastructure Interaction,AWS_VPC_Flow,prod_webserver,2024-04-26T09:50:00Z,waf_rule
28362.0,11444.0,2024-04-26T01:30:00Z,2024-04-26T01:30:00Z,136.226.67.101,AT,HTTPS,200.0,443.0,10.138.69.97,Suspicious Web Traffic,Adversary Infrastructure Interaction,AWS_VPC_Flow,prod_webserver,2024-04-26T01:40:00Z,waf_rule
3114.0,3240.0,2024-04-26T00:40:00Z,2024-04-26T00:40:00Z,165.225.209.4,DE,HTTPS,200.0,443.0,10.138.69.97,Suspicious Web Traffic,Adversary Infrastructure Interaction,AWS_VPC_Flow,prod_webserver,2024-04-26T00:40:00Z,waf_rule
18482.0,29690.0,2024-04-26T09:10:00Z,2024-04-26T09:20:00Z,136.226.67.101,US,HTTPS,200.0,443.0,10.138.69.97,Suspicious Web Traffic,Adversary Infrastructure Interaction,AWS_VPC_Flow,prod_webserver,2024-04-26T09:20:00Z,waf_rule
15570.0,11404.0,2024-04-26T09:50:00Z,2024-04-26T09:30:00Z,136.226.67.101,IL,HTTPS,200.0,443.0,10.138.69.97,Suspicious Web Traffic,Adversary Infrastructure Interaction,AWS_VPC_Flow,prod_webserver,2024-04-26T09:50:00Z,waf_rule
6528.0,11034.0,2024-04-26T00:00:10Z,2024-04-26T00:00:00Z,165.225.209.4,US,HTTPS,200.0,443.0,10.138.69.97,Suspicious Web Traffic,Adversary Infrastructure Interaction,AWS_VPC_Flow,prod_webserver,2024-04-26T00:00:00Z,waf_rule
11486.0,11490.0,2024-04-26T00:10:00Z,2024-04-26T00:20:00Z,165.225.26.101,NL,HTTPS,200.0,443.0,10.138.69.97,Suspicious Web Traffic,Adversary Infrastructure Interaction,AWS_VPC_Flow,prod_webserver,2024-04-26T00:10:00Z,waf_rule
10240.0,3904.0,2024-04-26T01:00:00Z,2024-04-26T02:00:00Z,165.225.40.56,CA,HTTPS,200.0,443.0,10.138.69.97,Suspicious Web Traffic,Adversary Infrastructure Interaction,AWS_VPC_Flow,prod_webserver,2024-04-26T01:10:00Z,waf_rule
16674.0,10240.0,2024-04-26T00:30:00Z,2024-04-26T00:20:00Z,165.225.209.4,CA,HTTPS,200.0,443.0,10.138.69.97,Suspicious Web Traffic,Adversary Infrastructure Interaction,AWS_VPC_Flow,prod_webserver,2024-04-26T00:20:00Z,waf_rule
13306.0,2926.0,2024-04-26T08:40:00Z,2024-04-26T08:40:00Z,136.226.77.103,CA,HTTPS,200.0,443.0,10.138.69.97,Suspicious Web Traffic,Adversary Infrastructure Interaction,AWS_VPC_Flow,prod_webserver,2024-04-26T08:40:00Z,waf_rule
3074.0,11674.0,2024-04-26T00:20:00Z,2024-04-26T00:20:00Z,136.226.77.103,CA,HTTPS,200.0,443.0,10.138.69.97,Suspicious Web Traffic,Adversary Infrastructure Interaction,AWS_VPC_Flow,prod_webserver,2024-04-26T00:20:00Z,waf_rule
11348.0,11188.0,2024-04-26T00:20:00Z,2024-04-26T00:20:00Z,165.225.8.79,US,HTTPS,200.0,443.0,10.138.69.97,Suspicious Web Traffic,Adversary Infrastructure Interaction,AWS_VPC_Flow,prod_webserver,2024-04-26T00:10:00Z,waf_rule
3078.0,28078.0,2024-04-26T08:50:00Z,2024-04-26T08:50:00Z,165.225.212.255,CA,HTTPS,200.0,443.0,10.138.69.97,Suspicious Web Traffic,Adversary Infrastructure Interaction,AWS_VPC_Flow,prod_webserver,2024-04-26T08:50:00Z,waf_rule
3240.0,2920.0,2024-04-25T23:40:00Z,2024-04-25T23:30:00Z,165.225.240.79,US,HTTPS,200.0,443.0,10.138.69.97,Suspicious Web Traffic,Adversary Infrastructure Interaction,AWS_VPC_Flow,prod_webserver,2024-04-25T23:30:00Z,waf_rule
11578.0,14010.0,2024-04-26T01:10:00Z,2024-04-26T01:30:00Z,99.188.248.74,IL,HTTPS,200.0,443.0,10.138.69.97,Suspicious Web Traffic,Adversary Infrastructure Interaction,AWS_VPC_Flow,prod_webserver,2024-04-26T01:20:00Z,waf_rule
4738.0,526.0,2024-04-26T00:00:00Z,2024-04-26T00:00:00Z,165.225.212.79,US,HTTPS,200.0,443.0,10.138.69.97,Suspicious Web Traffic,Adversary Infrastructure Interaction,AWS_VPC_Flow,prod_webserver,2024-04-26T00:00:00Z,waf_rule
24656.0,13778.0,2024-04-26T09:00:00Z,2024-04-26T09:00:00Z,165.225.240.79,CA,HTTPS,200.0,443.0,10.138.69.97,Suspicious Web Traffic,Adversary Infrastructure Interaction,AWS_VPC_Flow,prod_webserver,2024-04-26T09:00:00Z,waf_rule
3840.0,3738.0,2024-04-26T01:40:00Z,2024-04-26T01:50:00Z,136.226.64.114,US,HTTPS,200.0,443.0,10.138.69.97,Suspicious Web Traffic,Adversary Infrastructure Interaction,AWS_VPC_Flow,prod_webserver,2024-04-26T01:40:00Z,waf_rule
11674.0,6010.0,2024-04-26T01:20:00Z,2024-04-26T01:30:00Z,147.161.131.1,US,HTTPS,200.0,443.0,10.138.69.97,Suspicious Web Traffic,Adversary Infrastructure Interaction,AWS_VPC_Flow,prod_webserver,2024-04-26T01:20:00Z,waf_rule
15114.0,10240.0,2024-04-26T08:10:00Z,2024-04-26T08:30:00Z,165.225.213.6,US,HTTPS,200.0,443.0,10.138.69.97,Suspicious Web Traffic,Adversary Infrastructure Interaction,AWS_VPC_Flow,prod_webserver,2024-04-26T08:20:00Z,waf_rule
28010.0,16580.0,2024-04-25T23:30:00Z,2024-04-25T23:40:00Z,147.161.131.1,NL,HTTPS,200.0,443.0,10.138.69.97,Suspicious Web Traffic,Adversary Infrastructure Interaction,AWS_VPC_VPC_Flow,prod_webserver,2024-04-25T23:30:00Z,waf_rule
11366.0,4474.0,2024-04-26T08:00:00Z,2024-04-26T08:10:00Z,165.225.40.6,US,HTTPS,200.0,443.0,10.138.69.97,Suspicious Web Traffic,Adversary Infrastructure Interaction,AWS_VPC_Flow,prod_webserver,2024-04-26T08:00:00Z,waf_rule
6138.0,15518.0,2024-04-26T01:40:00Z,2024-04-26T01:50:00Z,147.161.161.82,US,HTTPS,200.0,443.0,10.138.69.97,Suspicious Web Traffic,Adversary Infrastructure Interaction,AWS_VPC_Flow,prod_webserver,2024-04-26T01:50:00Z,waf_rule
33288.0,57960.0,2024-04-26T00:50:00Z,2024-04-26T00:50:00Z,136.226.64.114,DE,HTTPS,200.0,443.0,10.138.69.97,Suspicious Web Traffic,Adversary Infrastructure Interaction,AWS_VPC_Flow,prod_webserver,2024-04-26T00:50:00Z,waf_rule
13288.0,5840.0,2024-04-25T23:40:00Z,2024-04-25T23:30:00Z,165.225.26.101,US,HTTPS,200.0,443.0,10.138.69.97,Suspicious Web Traffic,Adversary Infrastructure Interaction,AWS_VPC_Flow,prod_webserver,2024-04-25T23:50:00Z,waf_rule
418826.0,5996.0,2024-04-26T01:40:00Z,2024-04-26T01:50:00Z,165.225.209.4,US,HTTPS,200.0,443.0,10.138.69.97,Suspicious Web Traffic,Adversary Infrastructure Interaction,AWS_VPC_Flow,prod_webserver,2024-04-26T01:40:00Z,waf_rule
11506.0,11506.0,2024-04-26T01:50:00Z,2024-04-26T01:50:00Z,136.226.77.103,CA,HTTPS,200.0,443.0,10.138.69.97,Suspicious Web Traffic,Adversary Infrastructure Interaction,AWS_VPC_Flow,prod_webserver,2024-04-26T01:50:00Z,waf_rule
6490.0,15698.0,2024-04-25T23:10:00Z,2024-04-25T23:10:00Z,165.225.240.79,US,HTTPS,200.0,443.0,10.138.69.97,Suspicious Web Traffic,Adversary Infrastructure Interaction,AWS_VPC_Flow,prod_webserver,2024-04-25T23:00:00Z,waf_rule
11754.0,13209.0,2024-04-25T23:10:00Z,2024-04-25T23:20:00Z,165.225.209.4,US,HTTPS,200.0,443.0,10.138.69.97,Suspicious Web Traffic,Adversary Infrastructure Interaction,AWS_VPC_Flow,prod_webserver,2024-04-25T23:10:00Z,waf_rule
3208.0,4248.0,2024-04-25T23:00:00Z,2024-04-25T23:00:00Z,165.225.213.7,NL,HTTPS,200.0,443.0,10.138.69.97,Suspicious Web Traffic,Adversary Infrastructure Interaction,AWS_VPC_Flow,prod_webserver,2024-04-25T23:00:00Z,waf_rule
1378.0,2840.0,2024-04-26T09:50:00Z,2024-04-26T09:50:00Z,165.225.240.79,AT,HTTPS,200.0,443.0,10.138.69.97,Suspicious Web Traffic,Adversary Infrastructure Interaction,AWS_VPC_Flow,prod_webserver,2024-04-26T09:50:00Z,waf_rule
14726.0,13674.0,2024-04-26T08:10:00Z,2024-04-26T08:10:00Z,165.225.26.101,US,HTTPS,200.0,443.0,10.138.69.97,Suspicious Web Traffic,Adversary Infrastructure Interaction,AWS_VPC_Flow,prod_webserver,2024-04-26T08:10:00Z,waf_rule
14248.0,30698.0,2024-04-26T01:50:00Z,2024-04-26T01:50:00Z,136.226.67.101,US,HTTPS,200.0,443.0,10.138.69.97,Suspicious Web Traffic,Adversary Infrastructure Interaction,AWS_VPC_Flow,prod_webserver,2024-04-26T01:50:00Z,waf_rule
13794.0,5996.0,2024-04-26T00:40:00Z,2024-04-26T00:40:00Z,165.225.226.67,CA,HTTPS,200.0,443.0,10.138.69.97,Suspicious Web Traffic,Adversary Infrastructure Interaction,AWS_VPC_Flow,prod_webserver,2024-04-26T00:40:00Z,waf_rule
9414.0,11584.0,2024-04-26T00:00:00Z,2024-04-26T00:00:00Z,147.161.131.1,CA,HTTPS,200.0,443.0,10.138.69.97,Suspicious Web Traffic,Adversary Infrastructure Interaction,AWS_VPC_Flow,prod_webserver,2024-04-26T01:00:00Z,waf_rule
4240.0,14745.0,2024-04-25T23:50:00Z,2024-04-25T23:50:00Z,136.226.67.101,US,HTTPS,200.0,443.0,10.138.69.97,Suspicious Web Traffic,Adversary Infrastructure Interaction,AWS_VPC_Flow,prod_webserver,2024-04-25T23:50:00Z,waf_rule
28213.0,7666.0,2024-04-26T00:20:00Z,2024-04-26T00:30,136.226.80.97,NL,HTTPS,200.0,443.0,10.138.69.97,Suspicious Web Traffic,Adversary Infrastructure Interaction,AWS_VPC_Flow,prod_webserver,2024-04-26T00:20:00Z,waf_rule
14728.0,14578.0,2024-04-26T08:30:00Z,2024-04-26T08:30:00Z,165.225.209.4,DE,HTTPS,200.0,443.0,10.138.69.97,Suspicious Web Traffic,Adversary Infrastructure Interaction,AWS_VPC_Flow,prod_webserver,2024-04-26T08:30:00Z,waf_rule
12114.0,4458.0,2024-04-26T01:40:00Z,2024-04-26T01:50:00Z,165.225.26.101,US,HTTPS,200.0,443.0,10.138.69.97,Suspicious Web Traffic,Adversary Infrastructure Interaction,AWS_VPC_Flow,prod_webserver,2024-04-26T01:40:00Z,waf_rule
5482.0,5238.0,2024-04-26T01:10:00Z,2024-04-26T01:20:00Z,136.226.67.101,CA,HTTPS,200.0,443.0,10.138.69.97,Suspicious Web Traffic,Adversary Infrastructure Interaction,AWS_VPC_Flow,prod_webserver,2024-04-26T01:10:00Z,waf_rule
5490.0,5710.0,2024-04-26T08:10:00Z,2024-04-26T08:10:00Z,165.225.240.79,CA,HTTPS,200.0,443.0,10.138.69.97,Suspicious Web Traffic,Adversary Infrastructure Interaction,AWS_VPC_Flow,prod_webserver,2024-04-26T08:10:00Z,waf_rule
2890.0,5188.0,2024-04-26T08:20:00Z,2024-04-26T08:10:00Z,136.226.67.101,US,HTTPS,200.0,443.0,10.138.69.97,Suspicious Web Traffic,Adversary Infrastructure Interaction,AWS_VPC_Flow,prod_webserver,2024-04-26T08:20:00Z,waf_rule
28672.0,4666.0,2024-04-26T01:10:00Z,2024-04-26T01:20:00Z,147.161.131.1,NL,HTTPS,200.0,443.0,10.138.69.97,Suspicious Web Traffic,Adversary Infrastructure Interaction,AWS_VPC_Flow,prod_webserver,2024-04-26T01:10:00Z,waf_rule
2944.0,13474.0,2024-04-26T09:50:00Z,2024-04-26T09:50:00Z,165.225.240.79,CA,HTTPS,200.0,443.0,10.138.69.97,Suspicious Web Traffic,Adversary Infrastructure Interaction,AWS_VPC_Flow,prod_webserver,2024-04-26T09:50:00Z,waf_rule
3996.0,12674.0,2024-04-26T00:10:00Z,2024-04-26T00:00:00Z,165.225.26.101,CA,HTTPS,200.0,443.0,10.138.69.97,Suspicious Web Traffic,Adversary Infrastructure Interaction,AWS_VPC_Flow,prod_webserver,2024-04-26T00:00:00Z,waf_rule
4776.0,9584.0,2024-04-26T01:40:00Z,2024-04-26T01:40:00Z,136.226.67.101,CA,HTTPS,200.0,443.0,10.138.69.97,Suspicious Web Traffic,Adversary Infrastructure Interaction,AWS_VPC_Flow,prod_webserver,2024-04-26T01:40:00Z,waf_rule
818.0,11674.0,2024-04-26T08:00:00Z,2024-04-26T09:00:00Z,165.225.209.4,US,HTTPS,200.0,443.0,10.138.69.97,Suspicious Web Traffic,Adversary Infrastructure Interaction,AWS_VPC_Flow,prod_webserver,2024-04-26T08:00:00Z,waf_rule
24656.0,12338.0,2024-04-26T01:30:00Z,2024-04-26T01:30:00Z,165.225.240.79,CA,HTTPS,200.0,443.0,10.138.69.97,Suspicious Web Traffic,Adversary Infrastructure Interaction,AWS_VPC_Flow,prod_webserver,2024-04-26T01:30:00Z,waf_rule
5226.0,11166.0,2024-04-26T08:50:00Z,2024-04-26T08:50:00Z,165.225.33.6,CA,HTTPS,200.0,443.0,10.138.69.97,Suspicious Web Traffic,Adversary Infrastructure Interaction,AWS_VPC_Flow,prod_webserver,2024-04-26T08:50:00Z,waf_rule
8348.0,4348.0,2024-04-25T23:50:00Z,2024-04-25T23:50:00Z,136.226.67.101,AT,HTTPS,200.0,443.0,10.138.69.97,Suspicious Web Traffic,Adversary Infrastructure Interaction,AWS_VPC_Flow,prod_webserver,2024-04-25T23:50:00Z,waf_rule
13644.0,4288.0,2024-04-26T08:50:00Z,2024-04-26T09:00:00Z,165.225.26.101,CA,HTTPS,200.0,443.0,10.138.69.97,Suspicious Web Traffic,Adversary Infrastructure Interaction,AWS_VPC_Flow,prod_webserver,2024-04-26T09:00:00Z,waf_rule
4896.0,4412.0,2024-04-25T23:00:00Z,2024-04-25T23:10:00Z,165.225.213.4,CA,HTTPS,200.0,443.0,10.138.69.97,Suspicious Web Traffic,Adversary Infrastructure Interaction,AWS_VPC_Flow,prod_webserver,2024-04-25T23:00:00Z,waf_rule
14238.0,29376.0,2024-04-26T01:00:00Z,2024-04-26T02:00:00Z,136.226.77.103,US,HTTPS,200.0,443.0,10.138.69.97,Suspicious Web Traffic,Adversary Infrastructure Interaction,AWS_VPC_Flow,prod_webserver,2024-04-26T01:00:00Z,waf_rule
28376.0,29656.0,2024-04-26T00:40:00Z,2024-04-26T00:50:00Z,165.225.26.101,DE,HTTPS,200.0,443.0,10.138.69.97,Suspicious Web Traffic,Adversary Infrastructure Interaction,AWS_VPC_Flow,prod_webserver,2024-04-26T00:40:00Z,waf_rule
4272.0,11666.0,2024-04-26T08:50:00Z,2024-04-26T08:50:00Z,136.226.80.97,DE,HTTPS,200.0,443.0,10.138.69.97,Suspicious Web Traffic,Adversary Infrastructure Interaction,AWS_VPC_Flow,prod_webserver,2024-04-26T08:50:00Z,waf_rule
6180.0,3255.0,2024-04-26T00:00:00Z,2024-04-26T00:00:00Z,165.225.212.255,AE,HTTPS,200.0,443.0,10.138.69.97,Suspicious Web Traffic,Adversary Infrastructure Interaction,AWS_VPC_Flow,prod_webserver,2024-04-26T00:00:00Z,waf_rule
15209.0,18674.0,2024-04-26T08:50:00Z,2024-04-26T09:00:00Z,165.225.209.4,CA,HTTPS,200.0,443.0,10.138.69.97,Suspicious Web Traffic,Adversary Infrastructure Interaction,AWS_VPC_Flow,prod_webserver,2024-04-26T08:50:00Z,waf_rule
8178.0,28656.0,2024-04-26T00:50:00Z,2024-04-26T00:50:00Z,136.226.64.103,AT,HTTPS,200.0,443.0,10.138.69.97,Suspicious Web Traffic,Adversary Infrastructure Interaction,AWS_VPC_Flow,prod_webserver,2024-04-26T00:50:00Z,waf_rule
28240.0,18656.0,2024-04-25T23:40:00Z,2024-04-25T23:50:00Z,165.225.240.79,US,HTTPS,200.0,443.0,10.138.69.97,Suspicious Web Traffic,Adversary Infrastructure Interaction,AWS_VPC_Flow,prod_webserver,2024-04-25T23:40:00Z,waf_rule
28506.0,3238.0,2024-04-26T08:10:00Z,2024-04-26T08:00:00Z,94.188.248.74,US,HTTPS,200.0,443.0,10.138.69.97,Suspicious Web Traffic,Adversary Infrastructure Interaction,AWS_VPC_Flow,prod_webserver,2024-04-26T08:00:00Z,waf_rule
9936.0,29138.0,2024-04-26T00:30:00Z,2024-04-26T00:30:00Z,165.225.33.6,US,HTTPS,200.0,443.0,10.138.69.97,Suspicious Web Traffic,Adversary Infrastructure Interaction,AWS_VPC_Flow,prod_webserver,2024-04-26T00:30:00Z,waf_rule
7222.0,12778.0,2024-04-26T01:40:00Z,2024-04-26T01:40:00Z,165.225.26.101,US,HTTPS,200.0,443.0,10.138.69.97,Suspicious Web Traffic,Adversary Infrastructure Interaction,AWS_VPC_Flow,prod_webserver,2024-04-26T01:40:00Z,waf_rule
2870.0,13240.0,2024-04-26T09:40:00Z,2024-04-26T09:40:00Z,136.226.67.101,US,HTTPS,200.0,443.0,10.138.69.97,Suspicious Web Traffic,Adversary Infrastructure Interaction,AWS_VPC_Flow,prod_webserver,2024-04-26T09:40:00Z,waf_rule
3144.0,10674.0,2024-04-26T00:00:00Z,2024-04-26T00:10:00Z,136.226.64.101,DE,HTTPS,200.0,443.0,10.138.69.97,Suspicious Web Traffic,Adversary Infrastructure Interaction,AWS_VPC_Flow,prod_webserver,2024-04-26T00:00:00Z,waf_rule
3686.0,3276.0,2024-04-25T23:30:00Z,2024-04-25T23:40:00Z,136.226.80.97,US,HTTPS,200.0,443.0,10.138.69.97,Suspicious Web Traffic,Adversary Infrastructure Interaction,AWS_VPC_Flow,prod_webserver,2024-04-25T23:30:00Z,waf_rule
2908.0,4288.0,2024-04-26T01:00:00Z,2024-04-26T01:10:00Z,165.225.4.97,US,HTTPS,200.0,443.0,10.138.69.97,Suspicious Web Traffic,Adversary Infrastructure Interaction,AWS_VPC_Flow,prod_webserver,2024-04-26T01:00:00Z,waf_rule
6273.0,5778.0,2024-04-26T00:30:00Z,2024-04-26T00:40:00Z,159.91.45.242,NL,HTTPS,200.0,443.0,10.138.69.97,Suspicious Web Traffic,Adversary Infrastructure Interaction,AWS_VPC_Flow,prod_webserver,2024-04-26T00:30:00Z,waf_rule
14238.0,4778.0,2024-04-26T01:10:00Z,2024-04-26T01:20:00Z,94.188.248.74,US,HTTPS,200.0,443.0,10.138.69.97,Suspicious Web Traffic,Adversary Infrastructure Interaction,AWS_VPC_Flow,prod_webserver,2024-04-26T01:10:00Z,waf_rule
9420.0,6488.0,2024-04-26T09:30:00Z,2024-04-26T09:30:00Z,165.225.212.255,US,HTTPS,200.0,443.0,10.138.69.97,Suspicious Web Traffic,Adversary Infrastructure Interaction,AWS_VPC_Flow,prod_webserver,2024-04-26T09:30:00Z,waf_rule
29096.0,4060.0,2024-04-26T09:40:00Z,2024-04-26T09:50:00Z,155.91.45.242,US,HTTPS,200.0,443.0,10.138.69.97,Suspicious Web Traffic,Adversary Infrastructure Interaction,AWS_VPC_Flow,prod_webserver,2024-04-26T09:40:00Z,waf_rule
5474.0,28508.0,2024-04-26T01:50:00Z,2024-04-26T01:50:00Z,165.225.33.6,US,HTTPS,200.0,443.0,10.138.69.97,Suspicious Web Traffic,Adversary Infrastructure Interaction,AWS_VPC_Flow,prod_webserver,2024-04-26T01:50:00Z,waf_rule
467.0,5678.0,2024-04-26T00:10:00Z,2024-04-26T00:20:00Z,155.91.45.242,US,HTTPS,200.0,443.0,10.138.69.97,Suspicious Web Traffic,Adversary Infrastructure Interaction,AWS_VPC_Flow,prod_webserver,2024-04-26T00:30:00Z,waf_rule
54852.0,29240.0,2024-04-25T23:30:00Z,2024-04-26T08:40:00Z,165.225.212.255,CA,HTTPS,200.0,443.0,10.138.69.97,Suspicious Web Traffic,Adversary Infrastructure Interaction,AWS_VPC_Flow,prod_webserver,2024-04-25T23:30:00Z,waf_rule
18114.0,26362.0,2024-04-26T09:40:00Z,2024-04-26T09:50:00Z,155.91.45.242,CA,HTTPS,200.0,443.0,10.138.69.97,Suspicious Web Traffic,Adversary Infrastructure Interaction,AWS_VPC_Flow,prod_webserver,2024-04-26T09:30:00Z,waf_rule
14209.0,2806.0,2024-04-26T09:20:00Z,2024-04-26T09:20:00Z,136.226.67.101,AT,HTTPS,200.0,443.0,10.138.69.97,Suspicious Web Traffic,Adversary Infrastructure Interaction,AWS_VPC_Flow,prod_webserver,2024-04-26T09:20:00Z,waf_rule
7272.0,4330.0,2024-04-26T08:00:00Z,2024-04-26T08:00:00Z,165.225.26.101,CA,HTTPS,200.0,443.0,10.138.69.97,Suspicious Web Traffic,Adversary Infrastructure Interaction,AWS_VPC_Flow,prod_webserver,2024-04-26T00:50:00Z,waf_rule
6138.0,11366.0,2024-04-26T09:30:00Z,2024-04-26T09:30:00Z,136.226.38.97,NL,HTTPS,200.0,443.0,10.138.69.97,Suspicious Web Traffic,Adversary Infrastructure Interaction,AWS_VPC_Flow,prod_webserver,2024-04-26T09:30:00Z,waf_rule
2870.0,2479.0,2024-04-26T09:30:00Z,2024-04-26T09:50:00Z,136.226.77.103,US,HTTPS,200.0,443.0,10.138.69.97,Suspicious Web Traffic,Adversary Infrastructure Interaction,AWS_VPC_Flow,prod_webserver,2024-04-26T09:40:00Z,waf_rule
6549.0,16276.0,2024-04-26T08:20:00Z,2024-04-26T08:20:00Z,165.225.213.7,US,HTTPS,200.0,443.0,10.138.69.97,Suspicious Web Traffic,Adversary Infrastructure Interaction,AWS_VPC_Flow,prod_webserver,2024-04-26T08:00:00Z,waf_rule
29238.0,12138.0,2024-04-26T01:00:00Z,2024-04-26T01:10:00Z,147.161.161.82,CA,HTTPS,200.0,443.0,10.138.69.97,Suspicious Web Traffic,Adversary Infrastructure Interaction,AWS_VPC_Flow,prod_webserver,2024-04-26T01:00:00Z,waf_rule
29138.0,11568.0,2024-04-26T00:10:00Z,2024-04-26T00:10:00Z,136.226.77.103,CA,HTTPS,200.0,443.0,10.138.69.97,Suspicious Web Traffic,Adversary Infrastructure Interaction,AWS_VPC_Flow,prod_webserver,2024-04-26T00:20:00Z,waf_rule
16560.0,10778.0,2024-04-26T09:30:00Z,2024-04-26T09:30:00Z,165.225.33.7,US,HTTPS,200.0,443.0,10.138.69.97,Suspicious Web Traffic,Adversary Infrastructure Interaction,AWS_VPC_Flow,prod_webserver,2024-04-26T09:30:00Z,waf_rule
14780.0,13488.0,2024-04-26T09:20:00Z,2024-04-26T09:20:00Z,165.225.33.6,AT,HTTPS,200.0,443.0,10.138.69.97,Suspicious Web Traffic,Adversary Infrastructure Interaction,AWS_VPC_Flow,prod_webserver,2024-04-26T09:10:00Z,waf_rule
626.0,28248.0,2024-04-26T00:20:00Z,2024-04-26T00:30:00Z,165.225.209.4,CA,HTTPS,200.0,443.0,10.138.69.97,Suspicious Web Traffic,Adversary Infrastructure Interaction,AWS_VPC_Flow,prod_webserver,2024-04-26T00:20:00Z,waf_rule
4488.0,11896.0,2024-04-25T23:30:00Z,2024-04-25T23:40:00Z,165.225.240.79,US,HTTPS,200.0,443.0,10.138.69.97,Suspicious Web Traffic,Adversary Infrastructure Interaction,AWS_VPC_Flow,prod_webserver,2024-04-25T23:30:00Z,waf_rule
3060.0,3114.0,2024-04-26T00:40:00Z,2024-04-26T00:50:00Z,165.225.33.6,US,HTTPS,200.0,443.0,10.138.69.97,Suspicious Web Traffic,Adversary Infrastructure Interaction,AWS_VPC_Flow,prod_webserver,2024-04-26T00:50:00Z,waf_rule
13620.0,16408.0,2024-04-26T01:40:00Z,2024-04-26T01:50:00Z,165.225.212.255,IL,HTTPS,200.0,443.0,10.138.69.97,Suspicious Web Traffic,Adversary Infrastructure Interaction,AWS_VPC_Flow,prod_webserver,2024-04-26T01:50:00Z,waf_rule
4248.0,3664.0,2024-04-26T00:10:00Z,2024-04-26T00:20:00Z,165.225.240.79,US,HTTPS,200.0,443.0,10.138.69.97,Suspicious Web Traffic,Adversary Infrastructure Interaction,AWS_VPC_Flow,prod_webserver,2024-04-26T00:10:00Z,waf_rule
1808.0,11016.0,2024-04-26T01:20:00Z,2024-04-26T01:50:00Z,165.225.33.6,US,HTTPS,200.0,443.0,10.138.69.97,Suspicious Web Traffic,Adversary Infrastructure Interaction,AWS_VPC_Flow,prod_webserver,2024-04-26T01:20:00Z,waf_rule
2820.0,2820.0,2024-04-26T08:40:00Z,2024-04-26T08:50:00Z,165.225.26.101,CA,HTTPS,200.0,443.0,10.138.69.97,Suspicious Web Traffic,Adversary Infrastructure Interaction,AWS_VPC_Flow,prod_webserver,2024-04-26T08:40:00Z,waf_rule
14764.0,6376.0,2024-04-26T10:00:00Z,2024-04-26T09:20:00Z,165.225.24.101,US,HTTPS,200.0,443.0,10.138.69.97,Suspicious Web Traffic,Adversary Infrastructure Interaction,AWS_VPC_Flow,prod_webserver,2024-04-26T09:00:00Z,waf_rule
484.0,14760.0,2024-04-26T01:00:00Z,2024-04-26T01:00:00Z,165.225.8.79,DE,HTTPS,200.0,443.0,10.138.69.97,Suspicious Web Traffic,Adversary Infrastructure Interaction,AWS_VPC_Flow,prod_webserver,2024-04-26T01:10:00Z,waf_rule
3836.0,6397.0,2024-04-26T09:40:00Z,2024-04-26T09:50:00Z,136.226.77.103,US,HTTPS,200.0,443.0,10.138.69.97,Suspicious Web Traffic,Adversary Infrastructure Interaction,AWS_VPC_Flow,prod_webserver,2024-04-26T09:40:00Z,waf_rule
14778.0,9586.0,2024-04-26T00:40:00Z,2024-04-26T00:50:00Z,155.91.45.242,US,HTTPS,200.0,443.0,10.138.69.97,Suspicious Web Traffic,Adversary Infrastructure Interaction,AWS_VPC_Flow,prod_webserver,2024-04-26T00:40:00Z,waf_rule
12474.0,11752.0,2024-04-26T01:40:00Z,2024-04-26T01:50:00Z,155.91.45.242,US,HTTPS,200.0,443.0,10.138.69.97,Suspicious Web Traffic,Adversary Infrastructure Interaction,AWS_VPC_Flow,prod_webserver,2024-04-26T01:50:00Z,waf_rule
5778.0,4986.0,2024-04-26T09:10:00Z,2024-04-26T09:00:00Z,165.225.33.7,US,HTTPS,200.0,443.0,10.138.69.97,Suspicious Web Traffic,Adversary Infrastructure Interaction,AWS_VPC_Flow,prod_webserver,2024-04-26T09:00:00Z,waf_rule
11488.0,11362.0,2024-04-26T00:00:00Z,2024-04-26T00:00:00Z,136.226.80.97,US,HTTPS,200.0,443.0,10.138.69.97,Suspicious Web Traffic,Adversary Infrastructure Interaction,AWS_VPC_Flow,prod_webserver,2024-04-26T00:00:00Z,waf_rule
28260.0,15570.0,2024-04-26T08:00:00Z,2024-04-26T08:00:00Z,136.226.64.114,CA,HTTPS,200.0,443.0,10.138.69.97,Suspicious Web Traffic,Adversary Infrastructure Interaction,AWS_VPC_Flow,prod_webserver,2024-04-26T08:00:00Z,waf_rule
7240.0,5498.0,2024-04-25T23:00:00Z,2024-04-25T23:30:00Z,165.225.209.4,US,HTTPS,301.0,443.0,10.138.69.97,Suspicious Web Traffic,Adversary Infrastructure Interaction,AWS_VPC_Flow,prod_webserver,2024-04-25T23:01:00Z,waf_rule
4701.0,6178.0,2024-04-26T08:00:00Z,2024-04-26T08:10:00Z,165.225.26.101,US,HTTPS,200.0,443.0,10.138.69.97,Suspicious Web Traffic,Adversary Infrastructure Interaction,AWS_VPC_Flow,prod_webserver,2024-04-26T08:00:00Z,waf_rule
6666.0,18096.0,2024-04-26T01:10:00Z,2024-04-26T01:10:00Z,147.161.131.1,AT,HTTPS,200.0,443.0,10.138.69.97,Suspicious Web Traffic,Adversary Infrastructure Interaction,AWS_VPC_Flow,prod_webserver,2024-04-26T01:10:00Z,waf_rule
28952.0,39086.0,2024-04-25T23:20:00Z,2024-04-25T23:20:00Z,65.49.1.26,US,HTTPS,200.0,443.0,10.138.69.97,Suspicious Web Traffic,Adversary Infrastructure Interaction,AWS_VPC_Flow,prod_webserver,2024-04-25T23:20:00Z,waf_rule
2898.0,11674.0,2024-04-26T08:40:00Z,2024-04-26T08:50:00Z,165.225.213.4,US,HTTPS,200.0,443.0,10.138.69.97,Suspicious Web Traffic,Adversary Infrastructure Interaction,AWS_VPC_Flow,prod_webserver,2024-04-26T08:40:00Z,waf_rule
2858.0,5209.0,2024-04-25T23:40:00Z,2024-04-25T23:50:00Z,155.91.45.242,DE,HTTPS,200.0,443.0,10.138.69.97,Suspicious Web Traffic,Adversary Infrastructure Interaction,AWS_VPC_Flow,prod_webserver,2024-04-25T23:40:00Z,waf_rule
9686.0,11776.0,2024-04-26T00:30:00Z,2024-04-26T00:30:00Z,147.161.131.1,CA,HTTPS,200.0,443.0,10.138.69.97,Suspicious Web Traffic,Adversary Infrastructure Interaction,AWS_VPC_Flow,prod_webserver,2024-04-26T00:30:00Z,waf_rule
6996.0,15240.0,2024-04-26T01:20:00Z,2024-04-26T01:20:00Z,165.225.26.101,US,HTTPS,200.0,443.0,10.138.69.97,Suspicious Web Traffic,Adversary Infrastructure Interaction,AWS_VPC_Flow,prod_webserver,2024-04-26T01:10:00Z,waf_rule
5644.0,11138.0,2024-04-26T01:20:00Z,2024-04-26T01:30:00Z,165.225.209.4,IL,HTTPS,200.0,443.0,10.138.69.97,Suspicious Web Traffic,Adversary Infrastructure Interaction,AWS_VPC_Flow,prod_webserver,2024-04-26T01:20:00Z,waf_rule
10666.0,18052.0,2024-04-26T08:10:00Z,2024-04-26T08:10:00Z,155.91.45.242,CA,HTTPS,200.0,443.0,10.138.69.97,Suspicious Web Traffic,Adversary Infrastructure Interaction,AWS_VPC_Flow,prod_webserver,2024-04-26T08:10:00Z,waf_rule
11778.0,24138.0,2024-04-26T00:00:00Z,2024-04-26T00:10:00Z,136.226.33.114,US,HTTPS,200.0,443.0,10.138.69.97,Suspicious Web Traffic,Adversary Infrastructure Interaction,AWS_VPC_Flow,prod_webserver,2024-04-26T00:00:00Z,waf_rule
10240.0,13242.0,2024-04-26T23:20:00Z,2024-04-26T23:30:00Z,165.225.209.4,US,HTTPS,200.0,443.0,10.138.69.97,Suspicious Web Traffic,Adversary Infrastructure Interaction,AWS_VPC_Flow,prod_webserver,2024-04-26T23:30:00Z,waf_rule
11506.0,5525.0,2024-04-25T23:10:00Z,2024-04-25T23:10:00Z,165.225.8.79,AE,HTTPS,200.0,443.0,10.138.69.97,Suspicious Web Traffic,Adversary Infrastructure Interaction,AWS_VPC_Flow,prod_webserver,2024-04-25T23:10:00Z,waf_rule
5778.0,11674.0,2024-04-25T23:20:00Z,2024-04-25T23:20:00Z,165.225.209.4,US,HTTPS,200.0,443.0,10.138.69.97,Suspicious Web Traffic,Adversary Infrastructure Interaction,AWS_VPC_Flow,prod_webserver,2024-04-25T23:20:00Z,waf_rule
13474.0,29222.0,2024-04-26T09:50:00Z,2024-04-26T09:50:00Z,147.161.161.82,US,HTTPS,200.0,443.0,10.138.69.97,Suspicious Web Traffic,Adversary Infrastructure Interaction,AWS_VPC_Flow,prod_webserver,2024-04-26T09:50:00Z,waf_rule
23506.0,4686.0,2024-04-25T23:20:00Z,2024-04-25T23:30:00Z,165.225.213.7,US,HTTPS,200.0,443.0,10.138.69.97,Suspicious Web Traffic,Adversary Infrastructure Interaction,AWS_VPC_Flow,prod_webserver,2024-04-25T23:20:00Z,waf_rule
4238.0,14114.0,2024-04-26T01:50:00Z,2024-04-26T01:40:00Z,136.226.67.101,AE,HTTPS,200.0,443.0,10.138.69.97,Suspicious Web Traffic,Adversary Infrastructure Interaction,AWS_VPC_Flow,prod_webserver,2024-04-26T01:50:00Z,waf_rule
11786.0,26240.0,2024-04-26T01:10:00Z,2024-04-26T01:20:00Z,165.226.64.114,CA,HTTPS,200.0,443.0,10.138.69.97,Suspicious Web Traffic,Adversary Infrastructure Interaction,AWS_VPC_Flow,prod_webserver,2024-04-26T01:10:00Z,waf_rule
11778.0,6014.0,2024-04-26T01:50:00Z,2024-04-26T01:50:00Z,136.226.77.103,CA,HTTPS,200.0,443.0,10.138.69.97,Suspicious Web Traffic,Adversary Infrastructure Interaction,AWS_VPC_Flow,prod_webserver,2024-04-26T01:50:00Z,waf_rule
11564.0,8276.0,2024-04-26T00:10:00Z,2024-04-26T00:30:00Z,136.226.67.101,CA,HTTPS,200.0,443.0,10.138.69.97,Suspicious Web Traffic,Adversary Infrastructure Interaction,AWS_VPC_Flow,prod_webserver,2024-04-26T00:20:00Z,waf_rule
2926.0,15540.0,2024-04-26T00:00:00Z,2024-04-26T00:00:00Z,165.225.240.79,CA,HTTPS,200.0,443.0,10.138.69.97,Suspicious Web Traffic,Adversary Infrastructure Interaction,AWS_VPC_Flow,prod_webserver,2024-04-26T00:00:00Z,waf_rule
536.0,3730.0,2024-04-26T09:00:00Z,2024-04-26T09:10:00Z,165.225.240.79,CA,HTTPS,200.0,443.0,10.138.69.97,Suspicious Web Traffic,Adversary Infrastructure Interaction,AWS_VPC_Flow,prod_webserver,2024-04-26T09:10:00Z,waf_rule
9480.0,13376.0,2024-04-26T01:00:00Z,2024-04-26T01:10:00Z,136.226.80.97,DE,HTTPS,200.0,443.0,10.138.69.97,Suspicious Web Traffic,Adversary Infrastructure Interaction,AWS_VPC_Flow,prod_webserver,2024-04-26T01:00:00Z,waf_rule
2470.0,576.0,2024-04-26T09:10:00Z,2024-04-26T09:30:00Z,149.91.45.242,DE,HTTPS,200.0,443.0,10.138.69.97,Suspicious Web Traffic,Adversary Infrastructure Interaction,AWS_VPC_Flow,prod_webserver,2024-04-26T09:00:00Z,waf_rule
4778.0,6644.0,2024-04-26T09:30:00Z,2024-04-26T09:20:00Z,136.226.67.101,US,HTTPS,200.0,443.0,10.138.69.97,Suspicious Web Traffic,Adversary Infrastructure Interaction,AWS_VPC_Flow,prod_webserver,2024-04-26T09:30:00Z,waf_rule
5288.0,12996.0,2024-04-26T09:00:00Z,2024-04-26T09:00:00Z,165.225.212.255,US,HTTPS,200.0,443.0,10.138.69.97,Suspicious Web Traffic,Adversary Infrastructure Interaction,AWS_VPC_Flow,prod_webserver,2024-04-26T09:00:00Z,waf_rule
5294.0,2890.0,2024-04-26T00:00:00Z,2024-04-26T00:10:00Z,136.226.80.97,CA,HTTPS,200.0,443.0,10.138.69.97,Suspicious Web Traffic,Adversary Infrastructure Interaction,AWS_VPC_Flow,prod_webserver,2024-04-26T00:00:00Z,waf_rule
14656.0,11652.0,2024-04-26T09:10:00Z,2024-04-26T09:10:00Z,165.225.26.101,US,HTTPS,200.0,443.0,10.138.69.97,Suspicious Web Traffic,Adversary Infrastructure Interaction,AWS_VPC_Flow,prod_webserver,2024-04-26T09:10:00Z,waf_rule
4710.0,11776.0,2024-04-26T09:30:00Z,2024-04-26T09:30:00Z,136.226.80.97,US,HTTPS,200.0,443.0,10.138.69.97,Suspicious Web Traffic,Adversary Infrastructure Interaction,AWS_VPC_Flow,prod_webserver,2024-04-26T09:30:00Z,waf_rule
476.0,11362.0,2024-04-26T01:20:00Z,2024-04-26T01:40:00Z,155.91.45.242,AT,HTTPS,200.0,443.0,10.138.69.97,Suspicious Web Traffic,Adversary Infrastructure Interaction,AWS_VPC_Flow,prod_webserver,2024-04-26T01:10:00Z,waf_rule
28161.0,9046.0,2024-04-26T01:40:00Z,2024-04-26T01:50:00Z,136.226.67.101,US,HTTPS,200.0,443.0,10.138.69.97,Suspicious Web Traffic,Adversary Infrastructure Interaction,AWS_VPC_Flow,prod_webserver,2024-04-26T01:40:00Z,waf_rule
9460.0,14260.0,2024-04-26T00:00:00Z,2024-04-26T00:00:00Z,133.161.131.1,CA,HTTPS,200.0,443.0,10.138.69.97,Suspicious Web Traffic,Adversary Infrastructure Interaction,AWS_VPC_Flow,prod_webserver,2024-04-26T00:00:00Z,waf_rule
6114.0,4778.0,2024-04-26T00:30:00Z,2024-04-26T00:40:00Z,165.225.240.79,US,HTTPS,200.0,443.0,10.138.69.97,Suspicious Web Traffic,Adversary Infrastructure Interaction,AWS_VPC_Flow,prod_webserver,2024-04-26T00:30:00Z,waf_rule
11682.0,5188.0,2024-04-26T09:30:00Z,2024-04-26T09:30:00Z,136.226.64.114,US,HTTPS,200.0,443.0,10.138.69.97,Suspicious Web Traffic,Adversary Infrastructure Interaction,AWS_VPC_Flow,prod_webserver,2024-04-26T09:30:00Z,waf_rule
5718.0,11778.0,2024-04-26T09:10:00Z,2024-04-26T09:20:00Z,165.225.212.255,CA,HTTPS,200.0,443.0,10.138.69.97,Suspicious Web Traffic,Adversary Infrastructure Interaction,AWS_VPC_Flow,prod_webserver,2024-04-26T09:20:00Z,waf_rule
1326.0,4656.0,2024-04-25T09:30:00Z,2024-04-26T09:40:00Z,165.225.26.101,CA,HTTPS,200.0,443.0,10.138.69.97,Suspicious Web Traffic,Adversary Infrastructure Interaction,AWS_VPC_Flow,prod_webserver,2024-04-25T09:30:00Z,waf_rule
40242.0,13209.0,2024-04-25T23:20:00Z,2024-04-25T23:20:00Z,165.225.26.101,US,HTTPS,200.0,443.0,10.138.69.97,Suspicious Web Traffic,Adversary Infrastructure Interaction,AWS_VPC_Flow,prod_webserver,2024-04-25T23:10:00Z,waf_rule
18386.0,18138.0,2024-04-26T09:00:00Z,2024-04-26T08:00:00Z,165.225.26.101,CA,HTTPS,200.0,443.0,10.138.69.97,Suspicious Web Traffic,Adversary Infrastructure Interaction,AWS_VPC_Flow,prod_webserver,2024-04-26T08:00:00Z,waf_rule
4674.0,4780.0,2024-04-26T09:50:00Z,2024-04-26T09:50:00Z,136.226.67.101,US,HTTPS,200.0,443.0,10.138.69.97,Suspicious Web Traffic,Adversary Infrastructure Interaction,AWS_VPC_Flow,prod_webserver,2024-04-26T09:50:00Z,waf_rule
6052.0,18778.0,2024-04-26T09:50:00Z,2024-04-26T09:50:00Z,165.225.209.4,US,HTTPS,200.0,443.0,10.138.69.97,Suspicious Web Traffic,Adversary Infrastructure Interaction,AWS_VPC_Flow,prod_webserver,2024-04-26T09:40:00Z,waf_rule
677.0,26778.0,2024-04-25T23:50:00Z,2024-04-25T23:50:00Z,165.225.240.79,US,HTTPS,200.0,443.0,10.138.69.97,Suspicious Web Traffic,Adversary Infrastructure Interaction,AWS_VPC_Flow,prod_webserver,2024-04-25T23:50:00Z,waf_rule
11778.0,11684.0,2024-04-26T08:20:00Z,2024-04-26T08:30:00Z,165.225.33.6,CA,HTTPS,200.0,443.0,10.138.69.97,Suspicious Web Traffic,Adversary Infrastructure Interaction,AWS_VPC_Flow,prod_webserver,2024-04-26T08:20:00Z,waf_rule
11674.0,2979.0,2024-04-26T08:10:00Z,2024-04-26T09:00:00Z,136.226.77.103,US,HTTPS,200.0,443.0,10.138.69.97,Suspicious Web Traffic,Adversary Infrastructure Interaction,AWS_VPC_Flow,prod_webserver,2024-04-26T08:10:00Z,waf_rule
3644.0,1809.0,2024-04-26T01:30:00Z,2024-04-26T01:30:00Z,136.226.80.97,US,HTTPS,200.0,443.0,10.138.69.97,Suspicious Web Traffic,Adversary Infrastructure Interaction,AWS_VPC_Flow,prod_webserver,2024-04-26T01:30:00Z,waf_rule
29132.0,11376.0,2024-04-26T09:50:00Z,2024-04-26T09:45:00Z,165.225.26.101,NL,HTTPS,200.0,443.0,10.138.69.97,Suspicious Web Traffic,Adversary Infrastructure Interaction,AWS_VPC_Flow,prod_webserver,2024-04-26T09:50:00Z,waf_rule
3979.0,1410.0,2024-04-25T23:20:00Z,2024-04-25T23:30:00Z,136.226.80.97,AE,HTTPS,200.0,443.0,10.138.69.97,Suspicious Web Traffic,Adversary Infrastructure Interaction,AWS_VPC_Flow,prod_webserver,2024-04-25T23:20:00Z,waf_rule
2804.0,5838.0,2024-04-26T01:00:00Z,2024-04-26T01:00:00Z,165.225.33.6,US,HTTPS,200.0,443.0,10.138.69.97,Suspicious Web Traffic,Adversary Infrastructure Interaction,AWS_VPC_Flow,prod_webserver,2024-04-26T01:10:00Z,waf_rule
2918.0,25786.0,2024-04-25T23:19:00Z,2024-04-25T23:30:00Z,165.225.212.255,CA,HTTPS,200.0,443.0,10.138.69.97,Suspicious Web Traffic,Adversary Infrastructure Interaction,AWS_VPC_Flow,prod_webserver,2024-04-25T23:19:00Z,waf_rule
37131.0,29209.0,2024-04-26T09:00:00Z,2024-04-26T09:00:00Z,136.226.77.103,US,HTTPS,200.0,443.0,10.138.69.97,Suspicious Web Traffic,Adversary Infrastructure Interaction,AWS_VPC_Flow,prod_webserver,2024-04-26T09:00:00Z,waf_rule
3044.0,23238.0,2024-04-26T00:30:00Z,2024-04-26T00:40:00Z,165.225.209.4,US,HTTPS,200.0,443.0,10.138.69.97,Suspicious Web Traffic,Adversary Infrastructure Interaction,AWS_VPC_Flow,prod_webserver,2024-04-26T00:30:00Z,waf_rule
486.0,6161.0,2024-04-26T00:40:00Z,2024-04-26T00:30:00Z,165.225.209.4,US,HTTPS,200.0,443.0,10.138.69.97,Suspicious Web Traffic,Adversary Infrastructure Interaction,AWS_VPC_Flow,prod_webserver,2024-04-26T00:40:00Z,waf_rule
11656.0,3114.0,2024-04-26T00:00:00Z,2024-04-26T00:00:00Z,165.225.26.101,CA,HTTPS,200.0,443.0,10.138.69.97,Suspicious Web Traffic,Adversary Infrastructure Interaction,AWS_VPC_Flow,prod_webserver,2024-04-26T00:00:00Z,waf_rule
5777860.0,16565.0,2024-04-26T00:00:00Z,2024-04-26T00:10:00Z,165.225.26.101,US,HTTPS,200.0,443.0,10.138.69.97,Suspicious Web Traffic,Adversary Infrastructure Interaction,AWS_VPC_Flow,prod_webserver,2024-04-26T00:00:00Z,waf_rule
1344.0,14272.0,2024-04-26T09:10:00Z,2024-04-26T09:20:00Z,165.225.26.101,IL,HTTPS,200.0,443.0,10.138.69.97,Suspicious Web Traffic,Adversary Infrastructure Interaction,AWS_VPC_Flow,prod_webserver,2024-04-26T09:10:00Z,waf_rule
14298.0,14238.0,2024-04-26T01:20:00Z,2024-04-26T01:20:00Z,165.225.209.4,US,HTTPS,200.0,443.0,10.138.69.97,Suspicious Web Traffic,Adversary Infrastructure Interaction,AWS_VPC_Flow,prod_webserver,2024-04-26T01:20:00Z,waf_rule
13138.0,11362.0,2024-04-25T23:30:00Z,2024-04-25T23:30:00Z,165.225.26.101,CA,HTTPS,200.0,443.0,10.138.69.97,Suspicious Web Traffic,Adversary Infrastructure Interaction,AWS_VPC_Flow,prod_webserver,2024-04-25T23:30:00Z,waf_rule
9778.0,4882.0,2024-04-26T01:10:00Z,2024-04-26T01:20:00Z,165.225.209.4,US,HTTPS,200.0,443.0,10.138.69.97,Suspicious Web Traffic,Adversary Infrastructure Interaction,AWS_VPC_Flow,prod_webserver,2024-04-26T01:00:00Z,waf_rule
18114.0,5742.0,2024-04-26T00:30:00Z,2024-04-26T00:40:00Z,165.225.209.4,CA,HTTPS,200.0,443.0,10.138.69.97,Suspicious Web Traffic,Adversary Infrastructure Interaction,AWS_VPC_Flow,prod_webserver,2024-04-26T00:40:00Z,waf_rule
4348.0,9908.0,2024-04-26T01:00:00Z,2024-04-26T01:10:00Z,165.225.209.4,US,HTTPS,200.0,443.0,10.138.69.97,Suspicious Web Traffic,Adversary Infrastructure Interaction,AWS_VPC_Flow,prod_webserver,2024-04-26T01:00:00Z,waf_rule
11386.0,3618.0,2024-04-26T09:10:00Z,2024-04-26T09:10:00Z,165.225.213.7,CA,HTTPS,200.0,443.0,10.138.69.97,Suspicious Web Traffic,Adversary Infrastructure Interaction,AWS_VPC_Flow,prod_webserver,2024-04-26T09:00:00Z,waf_rule
4686.0,11778.0,2024-04-26T09:20:00Z,2024-04-26T09:30:00Z,147.161.131.1,AT,HTTPS,200.0,443.0,10.138.69.97,Suspicious Web Traffic,Adversary Infrastructure Interaction,AWS_VPC_Flow,prod_webserver,2024-04-26T09:20:00Z,waf_rule
279.0,18188.0,2024-04-26T08:40:00Z,2024-04-26T08:40:00Z,147.161.161.82,US,HTTPS,200.0,443.0,10.138.69.97,Suspicious Web Traffic,Adversary Infrastructure Interaction,AWS_VPC_Flow,prod_webserver,2024-04-26T08:40:00Z,waf_rule
3208.0,11652.0,2024-04-25T23:10:00Z,2024-04-25T23:20:00Z,155.91.45.242,US,HTTPS,200.0,443.0,10.138.69.97,Suspicious Web Traffic,Adversary Infrastructure Interaction,AWS_VPC_Flow,prod_webserver,2024-04-25T23:10:00Z,waf_rule
111862.0,26698.0,2024-04-26T00:10:00Z,2024-04-26T00:20:00Z,165.225.209.4,NL,HTTPS,200.0,443.0,10.138.69.97,Suspicious Web Traffic,Adversary Infrastructure Interaction,AWS_VPC_Flow,prod_webserver,2024-04-26T00:10:00Z,waf_rule
5238.0,10294.0,2024-04-26T00:30:00Z,2024-04-26T00:40:00Z,165.225.209.4,US,HTTPS,200.0,443.0,10.138.69.97,Suspicious Web Traffic,Adversary Infrastructure Interaction,AWS_VPC_Flow,prod_webserver,2024-04-26T00:30:00Z,waf_rule
6060.0,12686.0,2024-04-26T09:40:00Z,2024-04-26T09:50:00Z,165.225.209.4,US,HTTPS,200.0,443.0,10.138.69.97,Suspicious Web Traffic,Adversary Infrastructure Interaction,AWS_VPC_Flow,prod_webserver,2024-04-26T09:40:00Z,waf_rule
2908.0,3908.0,2024-04-26T01:10:00Z,2024-04-26T01:10:00Z,165.225.209.4,US,HTTPS,200.0,443.0,10.138.69.97,Suspicious Web Traffic,Adversary Infrastructure Interaction,AWS_VPC_Flow,prod_webserver,2024-04-26T01:10:00Z,waf_rule
12288.0,3038.0,2024-04-26T01:10:00Z,2024-04-26T01:20:00Z,136.226.67.101,US,HTTPS,200.0,443.0,10.138.69.97,Suspicious Web Traffic,Adversary Infrastructure Interaction,AWS_VPC_Flow,prod_webserver,2024-04-26T01:10:00Z,waf_rule
5528.0,11674.0,2024-04-26T09:00:00Z,2024-04-26T09:00:00Z,165.225.240.45,AT,HTTPS,200.0,443.0,10.138.69.97,Suspicious Web Traffic,Adversary Infrastructure Interaction,AWS_VPC_Flow,prod_webserver,2024-04-26T09:00:00Z,waf_rule
13680.0,11568.0,2024-04-26T00:40:00Z,2024-04-26T00:50:00Z,165.225.209.4,US,HTTPS,200.0,443.0,10.138.69.97,Suspicious Web Traffic,Adversary Infrastructure Interaction,AWS_VPC_Flow,prod_webserver,2024-04-26T00:40:00Z,waf_rule
18506.0,16536.0,2024-04-26T08:00:00Z,2024-04-26T08:10:00Z,165.225.209.4,US,HTTPS,200.0,443.0,10.138.69.97,Suspicious Web Traffic,Adversary Infrastructure Interaction,AWS_VPC_Flow,prod_webserver,2024-04-26T08:00:00Z,waf_rule
7294.0,11492.0,2024-04-26T09:50:00Z,2024-04-26T09:00:00Z,165.225.212.255,US,HTTPS,200.0,443.0,10.138.69.97,Suspicious Web Traffic,Adversary Infrastructure Interaction,AWS_VPC_Flow,prod_webserver,2024-04-26T09:50:00Z,waf_rule
4644.0,4460.0,2024-04-26T01:20:00Z,2024-04-26T01:30:00Z,136.226.64.114,US,HTTPS,200.0,443.0,10.138.69.97,Suspicious Web Traffic,Adversary Infrastructure Interaction,AWS_VPC_Flow,prod_webserver,2024-04-26T01:40:00Z,waf_rule
11674.0,5674.0,2024-04-26T09:30:00Z,2024-04-26T09:40:00Z,155.91.45.242,DE,HTTPS,200.0,443.0,10.138.69.97,Suspicious Web Traffic,Adversary Infrastructure Interaction,AWS_VPC_Flow,prod_webserver,2024-04-26T09:30:00Z,waf_rule
29018.0,11882.0,2024-04-26T09:00:00Z,2024-04-26T09:10:00Z,155.91.45.242,US,HTTPS,200.0,443.0,10.138.69.97,Suspicious Web Traffic,Adversary Infrastructure Interaction,AWS_VPC_Flow,prod_webserver,2024-04-26T09:00:00Z,waf_rule
13238.0,7490.0,2024-04-26T00:40:00Z,2024-04-26T00:40:00Z,155.91.45.242,CA,HTTPS,200.0,443.0,10.138.69.97,Suspicious Web Traffic,Adversary Infrastructure Interaction,AWS_VPC_Flow,prod_webserver,2024-04-26T00:30:00Z,waf_rule
5736.0,23188.0,2024-04-26T00:40:00Z,2024-04-26T00:50:00Z,165.225.26.101,US,HTTPS,200.0,443.0,10.138.69.97,Suspicious Web Traffic,Adversary Infrastructure Interaction,AWS_VPC_Flow,prod_webserver,2024-04-26T00:40:00Z,waf_rule
6068.0,11568.0,2024-04-26T00:10:00Z,2024-04-26T00:10:00Z,165.225.209.4,CA,HTTPS,200.0,443.0,10.138.69.97,Suspicious Web Traffic,Adversary Infrastructure Interaction,AWS_VPC_Flow,prod_webserver,2024-04-26T00:00:00Z,waf_rule
11754.0,28596.0,2024-04-26T01:10:00Z,2024-04-26T01:25:00Z,136.226.77.103,IL,HTTPS,200.0,443.0,10.138.69.97,Suspicious Web Traffic,Adversary Infrastructure Interaction,AWS_VPC_Flow,prod_webserver,2024-04-26T01:10:00Z,waf_rule
40240.0,14754.0,2024-04-26T08:40:00Z,2024-04-26T08:45:00Z,165.225.79.97,CA,HTTPS,200.0,443.0,10.138.69.97,Suspicious Web Traffic,Adversary Infrastructure Interaction,AWS_VPC_Flow,prod_webserver,2024-04-26T08:40:00Z,waf_rule
14768.0,3980.0,2024-04-26T00:40:00Z,2024-04-26T00:40:00Z,155.91.45.242,CA,HTTPS,200.0,443.0,10.138.69.97,Suspicious Web Traffic,Adversary Infrastructure Interaction,AWS_VPC_Flow,prod_webserver,2024-04-26T00:40:00Z,waf_rule
4238.0,11492.0,2024-04-26T01:20:00Z,2024-04-26T01:30:00Z,155.91.45.242,NL,HTTPS,200.0,443.0,10.138.69.97,Suspicious Web Traffic,Adversary Infrastructure Interaction,AWS_VPC_Flow,prod_webserver,2024-04-26T01:20:00Z,waf_rule
11666.0,147248.0,2024-04-26T01:30:00Z,2024-04-26T01:50:00Z,165.225.213.7,US,HTTPS,200.0,443.0,10.138.69.97,Suspicious Web Traffic,Adversary Infrastructure Interaction,AWS_VPC_Flow,prod_webserver,2024-04-26T01:40:00Z,waf_rule
4488.0,8644.0,2024-04-25T23:50:00Z,2024-04-25T23:50:00Z,155.91.45.242,CA,HTTPS,200.0,443.0,10.138.69.97,Suspicious Web Traffic,Adversary Infrastructure Interaction,AWS_VPC_Flow,prod_webserver,2024-04-25T23:50:00Z,waf_rule
59760.0,54210.0,2024-04-26T00:20:00Z,2024-04-26T00:30:00Z,165.225.33.6,AT,HTTPS,200.0,443.0,10.138.69.97,Suspicious Web Traffic,Adversary Infrastructure Interaction,AWS_VPC_Flow,prod_webserver,2024-04-26T00:20:00Z,waf_rule
13382.0,23752.0,2024-04-25T23:30:00Z,2024-04-26T00:00:00Z,155.91.45.242,US,HTTPS,200.0,443.0,10.138.69.97,Suspicious Web Traffic,Adversary Infrastructure Interaction,AWS_VPC_Flow,prod_webserver,2024-04-25T23:30:00Z,waf_rule
6046.0,12674.0,2024-04-26T00:00:00Z,2024-04-26T00:10:00Z,165.225.209.4,US,HTTPS,200.0,443.0,10.138.69.97,Suspicious Web Traffic,Adversary Infrastructure Interaction,AWS_VPC_Flow,prod_webserver,2024-04-26T00:00:00Z,waf_rule
4348.0,9946.0,2024-04-26T09:10:00Z,2024-04-26T09:00:00Z,165.225.212.255,CA,HTTPS,200.0,443.0,10.138.69.97,Suspicious Web Traffic,Adversary Infrastructure Interaction,AWS_VPC_Flow,prod_webserver,2024-04-26T09:00:00Z,waf_rule
3638.0,2426.0,2024-04-26T08:50:00Z,2024-04-26T08:50:00Z,165.225.33.6,DE,HTTPS,200.0,443.0,10.138.69.97,Suspicious Web Traffic,Adversary Infrastructure Interaction,AWS_VPC_Flow,prod_webserver,2024-04-26T08:50:00Z,waf_rule
3490.0,94.0,2024-04-26T09:10:00Z,2024-04-26T09:20:00Z,165.225.26.101,US,HTTPS,200.0,443.0,US,Suspicious Web Traffic,Adversary Infrastructure Interaction,AWS_VPC_Flow,prod_webserver,2024-04-26T09:00:00Z,waf_rule
476.0,4444.0,2024-04-26T08:30:00Z,2024-04-26T09:00:00Z,165.225.74.101,US,HTTPS,200.0,443.0,10.138.69.97,Suspicious Web Traffic,Adversary Infrastructure Interaction,AWS_VPC_Flow,prod_webserver,2024-04-26T08:30:00Z,waf_rule
5644.0,26010.0,2024-04-25T23:30:00Z,2024-04-25T23:30:00Z,165.225.209.4,IL,HTTPS,200.0,443.0,10.138.69.97,Suspicious Web Traffic,Adversary Infrastructure Interaction,AWS_VPC_Flow,prod_webserver,2024-04-25T23:30:00Z,waf_rule
5778.0,29161.0,2024-04-26T09:30:00Z,2024-04-26T09:50:00Z,165.225.240.79,CA,HTTPS,200.0,443.0,10.138.69.97,Suspicious Web Traffic,Adversary Infrastructure Interaction,AWS_VPC_Flow,prod_webserver,2024-04-26T09:30:00Z,waf_rule
4882.0,908.0,2024-04-26T01:00:00Z,2024-04-26T01:00:00Z,136.226.67.101,NL,HTTPS,200.0,443.0,10.138.69.97,Suspicious Web Traffic,Adversary Infrastructure Interaction,AWS_VPC_Flow,prod_webserver,2024-04-26T01:10:00Z,waf_rule
16778.0,11986.0,2024-04-26T00:00:00Z,2024-04-26T00:00:00Z,155.91.45.242,CA,HTTPS,200.0,443.0,10.138.69.97,Suspicious Web Traffic,Adversary Infrastructure Interaction,AWS_VPC_Flow,prod_webserver,2024-04-26T00:00:00Z,waf_rule
4778.0,9240.0,2024-04-25T23:20:00Z,2024-04-25T23:20:00Z,165.225.6.101,NL,HTTPS,200.0,443.0,10.138.69.97,Suspicious Web Traffic,Adversary Infrastructure Interaction,AWS_VPC_Flow,prod_webserver,2024-04-25T23:10:00Z,waf_rule
180412.0,8388.0,2024-04-26T09:30:00Z,2024-04-26T09:40:00Z,165.225.209.4,US,HTTPS,200.0,443.0,10.138.69.97,Suspicious Web Traffic,Adversary Infrastructure Interaction,AWS_VPC_Flow,prod_webserver,2024-04-26T09:30:00Z,waf_rule
29240.0,10488.0,2024-04-26T01:20:00Z,2024-04-26T00:00:00Z,155.91.45.242,US,HTTPS,200.0,443.0,10.138.69.97,Suspicious Web Traffic,Adversary Infrastructure Interaction,AWS_VPC_Flow,prod_webserver,2024-04-26T01:20:00Z,waf_rule
11276.0,14114.0,2024-04-26T01:00:00Z,2024-04-26T01:00:00Z,94.188.248.74,NL,HTTPS,200.0,443.0,10.138.69.97,Suspicious Web Traffic,Adversary Infrastructure Interaction,AWS_VPC_Flow,prod_webserver,2024-04-26T01:00:00Z,waf_rule
11752.0,28666.0,2024-04-26T09:40:00Z,2024-04-26T09:50:00Z,165.225.213.1,US,HTTPS,200.0,443.0,10.138.69.97,Suspicious Web Traffic,Adversary Infrastructure Interaction,AWS_VPC_Flow,prod_webserver,2024-04-26T09:50:00Z,waf_rule
11674.0,26606.0,2024-04-26T08:40:00Z,2024-04-26T09:00:00Z,165.225.26.101,CA,HTTPS,200.0,443.0,10.138.69.97,Suspicious Web Traffic,Adversary Infrastructure Interaction,AWS_VPC_Flow,prod_webserver,2024-04-26T08:40:00Z,waf_rule
6080.0,13614.0,2024-04-26T08:50:00Z,2024-04-26T08:50:00Z,165.225.209.4,US,HTTPS,200.0,443.0,10.138.69.97,Suspicious Web Traffic,Adversary Infrastructure Interaction,AWS_VPC_Flow,prod_webserver,2024-04-26T08:50:00Z,waf_rule
542.0,11794.0,2024-04-26T01:50:00Z,2024-04-26T01:50:00Z,165.225.26.101,CA,HTTPS,200.0,443.0,10.138.69.97,Suspicious Web Traffic,Adversary Infrastructure Interaction,AWS_VPC_Flow,prod_webserver,2024-04-26T01:50:00Z,waf_rule
1808.0,10586.0,2024-04-26T09:20:00Z,2024-04-26T09:20:00Z,136.226.80.97,CA,HTTPS,200.0,443.0,10.138.69.97,Suspicious Web Traffic,Adversary Infrastructure Interaction,AWS_VPC_Flow,prod_webserver,2024-04-26T09:20:00Z,waf_rule
979.0,11674.0,2024-04-26T01:20:00Z,2024-04-26T01:20:00Z,165.225.209.4,DE,HTTPS,200.0,443.0,10.138.69.97,Suspicious Web Traffic,Adversary Infrastructure Interaction,AWS_VPC_Flow,prod_webserver,2024-04-26T01:20:00Z,waf_rule
3239.0,26144.0,2024-04-26T00:10:00Z,2024-04-26T00:20:00Z,136.226.77.103,NL,HTTPS,200.0,443.0,10.138.69.97,Suspicious Web Traffic,Adversary Infrastructure Interaction,AWS_VPC_Flow,prod_webserver,2024-04-26T00:10:00Z,waf_rule
4778.0,14726.0,2024-04-26T00:30:00Z,2024-04-26T00:40:00Z,165.225.212.255,CA,HTTPS,200.0,443.0,10.138.69.97,Suspicious Web Traffic,Adversary Infrastructure Interaction,AWS_VPC_Flow,prod_webserver,2024-04-26T00:30:00Z,waf_rule
9656.0,11778.0,2024-04-26T01:20:00Z,2024-04-26T01:30:00Z,136.226.67.1,AE,HTTPS,200.0,443.0,10.138.69.97,Suspicious Web Traffic,Adversary Infrastructure Interaction,AWS_VPC_Flow,prod_webserver,2024-04-26T01:20:00Z,waf_rule
4080.0,10442.0,2024-04-26T01:00:00Z,2024-04-26T01:00:00Z,165.225.33.7,IL,HTTPS,200.0,443.0,10.138.69.97,Suspicious Web Traffic,Adversary Infrastructure Interaction,AWS_VPC_Flow,prod_webserver,2024-04-26T01:00:00Z,waf_rule
3818.0,1110.0,2024-04-26T00:40:00Z,2024-04-26T00:50:00Z,165.225.23.103,US,HTTPS,200.0,443.0,10.138.69.97,Suspicious Web Traffic,Adversary Infrastructure Interaction,AWS_VPC_Flow,prod_webserver,2024-04-26T00:40:00Z,waf_rule
5820.0,11488.0,2024-04-26T01:00:00Z,2024-04-26T01:10:00Z,165.225.209.4,DE,HTTPS,200.0,443.0,10.138.69.97,Suspicious Web Traffic,Adversary Infrastructure Interaction,AWS_VPC_Flow,prod_webserver,2024-04-26T01:00:00Z,waf_rule
4470.0,11882.0,2024-04-26T09:30:00Z,2024-04-26T09:40:00Z,165.225.240.79,US,HTTPS,200.0,443.0,10.138.69.97,Suspicious Web Traffic,Adversary Infrastructure Interaction,AWS_VPC_Flow,prod_webserver,2024-04-26T09:30:00Z,waf_rule
14161.0,14710.0,2024-04-26T09:00:00Z,2024-04-26T09:10:00Z,94.188.248.74,CA,HTTPS,200.0,443.0,10.138.69.97,Suspicious Web Traffic,Adversary Infrastructure Interaction,AWS_VPC_Flow,prod_webserver,2024-04-26T09:10:00Z,waf_rule
10242.0,11114.0,2024-04-26T08:40:00Z,2024-04-26T08:40:00Z,147.161.131.1,US,HTTPS,200.0,443.0,10.138.69.97,Suspicious Web Traffic,Adversary Infrastructure Interaction,AWS_VPC_Flow,prod_webserver,2024-04-26T08:50:00Z,waf_rule
4882.0,4492.0,2024-04-26T09:30:00Z,2024-04-26T09:40:00Z,136.226.64.114,CA,HTTPS,200.0,443.0,10.138.69.97,Suspicious Web Traffic,Adversary Infrastructure Interaction,AWS_VPC_Flow,prod_webserver,2024-04-26T09:30:00Z,waf_rule
5492.0,29260.0,2024-04-26T01:00:00Z,2024-04-26T01:00:00Z,165.225.26.101,CA,HTTPS,200.0,443.0,10.138.69.97,Suspicious Web Traffic,Adversary Infrastructure Interaction,AWS_VPC_Flow,prod_webserver,2024-04-26T01:00:00Z,waf_rule
11382.0,25752.0,2024-04-26T00:50:00Z,2024-04-26T00:50:00Z,136.226.67.101,DE,HTTPS,200.0,443.0,10.138.69.97,Suspicious Web Traffic,Adversary Infrastructure Interaction,AWS_VPC_Flow,prod_webserver,2024-04-26T00:50:00Z,waf_rule
7674.0,11656.0,2024-04-26T09:50:00Z,2024-04-26T09:50:00Z,165.225.212.255,US,HTTPS,200.0,443.0,10.138.69.97,Suspicious Web Traffic,Adversary Infrastructure Interaction,AWS_VPC_Flow,prod_webserver,2024-04-26T09:50:00Z,waf_rule
13624.0,18018.0,2024-04-26T01:00:00Z,2024-04-26T01:00:00Z,165.225.212.255,US,HTTPS,200.0,443.0,10.138.69.97,Suspicious Web Traffic,Adversary Infrastructure Interaction,AWS_VPC_Flow,prod_webserver,2024-04-26T01:00:00Z,waf_rule
11016.0,24188.0,2024-04-26T09:00:00Z,2024-04-26T09:00:00Z,165.225.26.101,US,HTTPS,200.0,443.0,10.138.69.97,Suspicious Web Traffic,Adversary Infrastructure Interaction,AWS_VPC_Flow,prod_webserver,2024-04-26T09:10:00Z,waf_rule
13386.0,4686.0,2024-04-26T00:30:00Z,2024-04-26T00:40:00Z,147.161.131.1,AT,HTTPS,200.0,443.0,10.138.69.97,Suspicious Web Traffic,Adversary Infrastructure Interaction,AWS_VPC_Flow,prod_webserver,2024-04-26T00:30:00Z,waf_rule
18674.0,9460.0,2024-04-26T00:30:00Z,2024-04-26T00:20:00Z,147.161.131.1,DE,HTTPS,200.0,443.0,10.138.69.97,Suspicious Web Traffic,Adversary Infrastructure Interaction,AWS_VPC_Flow,prod_webserver,2024-04-26T00:20:00Z,waf_rule
13188.0,18238.0,2024-04-26T00:50:00Z,2024-04-26T00:30:00Z,165.225.212.255,US,HTTPS,200.0,443.0,10.138.69.97,Suspicious Web Traffic,Adversary Infrastructure Interaction,AWS_VPC_Flow,prod_webserver,2024-04-26T00:50:00Z,waf_rule
8666.0,5488.0,2024-04-26T09:10:00Z,2024-04-26T09:10:00Z,165.225.209.4,US,HTTPS,200.0,443.0,10.138.69.97,Suspicious Web Traffic,Adversary Infrastructure Interaction,AWS_VPC_Flow,prod_webserver,2024-04-26T09:10:00Z,waf_rule
28408.0,576.0,2024-04-26T08:40:00Z,2024-04-26T08:50:00Z,136.226.77.138,US,HTTPS,200.0,443.0,10.138.69.97,Suspicious Web Traffic,Adversary Infrastructure Interaction,AWS_VPC_Flow,prod_webserver,2024-04-26T08:50:00Z,waf_rule
7366.0,4350.0,2024-04-26T09:00:00Z,2024-04-26T09:10:00Z,165.225.26.101,CA,HTTPS,200.0,443.0,10.138.69.97,Suspicious Web Traffic,Adversary Infrastructure Interaction,AWS_VPC_Flow,prod_webserver,2024-04-26T09:00:00Z,waf_rule
14768.0,5492.0,2024-04-25T23:30:00Z,2024-04-25T23:40:00Z,136.226.77.103,CA,HTTPS,200.0,443.0,10.138.69.97,Suspicious Web Traffic,Adversary Infrastructure Interaction,AWS_VPC_Flow,prod_webserver,2024-04-25T23:30:00Z,waf_rule
14672.0,11674.0,2024-04-26T09:00:00Z,2024-04-26T09:00:00Z,136.226.67.101,DE,HTTPS,200.0,443.0,10.138.69.97,Suspicious Web Traffic,Adversary Infrastructure Interaction,AWS_VPC_Flow,prod_webserver,2024-04-26T09:00:00Z,waf_rule
40666.0,5776.0,2024-04-26T08:20:00Z,2024-04-26T09:20:00Z,165.225.4.101,DE,HTTPS,200.0,443.0,10.138.69.97,Suspicious Web Traffic,Adversary Infrastructure Interaction,AWS_VPC_Flow,prod_webserver,2024-04-26T08:10:00Z,waf_rule
11542.0,5248.0,2024-04-26T09:10:00Z,2024-04-26T09:10:00Z,165.225.33,CA,HTTPS,200.0,443.0,10.138.69.97,Suspicious Web Traffic,Adversary Infrastructure Interaction,AWS_VPC_Flow,prod_webserver,2024-04-26T09:10:00Z,waf_rule
4690.0,13882.0,2024-04-26T08:20:50Z,2024-04-26T08:30:00Z,165.225.240.79,CA,HTTPS,200.0,443.0,10.138.69.97,Suspicious Web Traffic,Adversary Infrastructure Interaction,AWS_VPC_Flow,prod_webserver,2024-04-26T08:20:50Z,waf_rule
598.0,3612.0,2024-04-26T08:50:00Z,2024-04-26T09:00:00Z,155.91.45.242,CA,HTTPS,200.0,443.0,10.138.69.97,Suspicious Web Traffic,Adversary Infrastructure Interaction,AWS_VPC_Flow,prod_webserver,2024-04-26T08:50:00Z,waf_rule
11346.0,18114.0,2024-04-26T00:30:00Z,2024-04-26T00:30:00Z,147.161.161.82,DE,HTTPS,200.0,443.0,10.138.69.97,Suspicious Web Traffic,Adversary Infrastructure Interaction,AWS_VPC_Flow,prod_webserver,2024-04-26T00:30:00Z,waf_rule
4114.0,7408.0,2024-04-26T01:40:00Z,2024-04-26T01:50:00Z,136.226.80.97,US,HTTPS,200.0,443.0,10.138.69.97,Suspicious Web Traffic,Adversary Infrastructure Interaction,AWS_VPC_Flow,prod_webserver,2024-04-26T01:40:00Z,waf_rule
2890.0,29114.0,2024-04-26T23:00:00Z,2024-04-26T23:10:00Z,165.225.240.79,IL,HTTPS,200.0,443.0,10.138.69.97,Suspicious Web Traffic,Adversary Infrastructure Interaction,AWS_VPC_Flow,prod_webserver,2024-04-26T23:00:00Z,waf_rule
11386.0,11386.0,2024-04-26T09:50:00Z,2024-04-26T09:50:00Z,155.91.45.242,AT,HTTPS,200.0,443.0,10.138.69.97,Suspicious Web Traffic,Adversary Infrastructure Interaction,AWS_VPC_Flow,prod_webserver,2024-04-26T09:50:00Z,waf_rule
2930.0,12288.0,2024-04-26T00:20:00Z,2024-04-26T00:20:00Z,165.225.209.4,US,HTTPS,200.0,443.0,10.138.69.97,Suspicious Web Traffic,Adversary Infrastructure Interaction,AWS_VPC_Flow,prod_webserver,2024-04-26T00:20:00Z,waf_rule
4778.0,11458.0,2024-04-26T01:20:00Z,2024-04-26T01:30:00Z,165.225.209.4,US,HTTPS,200.0,443.0,10.138.69.97,Suspicious Web Traffic,Adversary Infrastructure Interaction,AWS_VPC_Flow,prod_webserver,2024-04-26T01:20:00Z,waf_rule
28996.0,11674.0,2024-04-25T23:30:00Z,2024-04-26T00:50:00Z,136.226.67.101,US,HTTPS,200.0,443.0,10.138.69.97,Suspicious Web Traffic,Adversary Infrastructure Interaction,AWS_VPC_Flow,prod_webserver,2024-04-25T23:30:00Z,waf_rule
47408.0,29408.0,2024-04-26T00:50:00Z,2024-04-26T00:50:00Z,136.226.67.101,CA,HTTPS,200.0,443.0,10.138.69.97,Suspicious Web Traffic,Adversary Infrastructure Interaction,AWS_VPC_Flow,prod_webserver,2024-04-26T00:50:00Z,waf_rule
11778.0,3976.0,2024-04-25T23:50:00Z,2024-04-25T23:40:00Z,192.226.80.97,US,HTTPS,200.0,443.0,10.138.69.97,Suspicious Web Traffic,Adversary Infrastructure Interaction,AWS_VPC_Flow,prod_webserver,2024-04-25T23:40:00Z,waf_rule
65.0,7474.0,2024-04-26T01:00:00Z,2024-04-26T01:10:00Z,165.225.33.7,US,HTTPS,200.0,443.0,10.138.69.97,Suspicious Web Traffic,Adversary Infrastructure Interaction,AWS_VPC_Flow,prod_webserver,2024-04-26T01:00:00Z,waf_rule
5606.0,4824.0,2024-04-26T08:20:00Z,2024-04-26T08:10:00Z,165.225.209.4,CA,HTTPS,200.0,443.0,10.138.69.97,Suspicious Web Traffic,Adversary Infrastructure Interaction,AWS_VPC_Flow,prod_webserver,2024-04-26T08:20:00Z,waf_rule
2830.0,11674.0,2024-04-26T08:10:00Z,2024-04-26T09:00:00Z,136.226.33.6,AE,HTTPS,200.0,443.0,10.138.69.97,Suspicious Web Traffic,Adversary Infrastructure Interaction,AWS_VPC_Flow,prod_webserver,2024-04-26T08:00:00Z,waf_rule
3644.0,5720.0,2024-04-25T23:00:00Z,2024-04-25T23:10:00Z,165.225.26.101,CA,HTTPS,200.0,443.0,10.138.69.97,Suspicious Web Traffic,Adversary Infrastructure Interaction,AWS_VPC_Flow,prod_webserver,2024-04-25T23:00:00Z,waf_rule
4780.0,16570.0,2024-04-26T08:00:00Z,2024-04-26T08:10:00Z,165.225.33.101,US,HTTPS,200.0,443.0,10.138.69.97,Suspicious Web Traffic,Adversary Infrastructure Interaction,AWS_VPC_Flow,prod_webserver,2024-04-26T08:00:00Z,waf_rule
10586.0,4578.0,2024-04-25T23:50:00Z,2024-04-26T01:50:00Z,136.226.64.114,CA,HTTPS,200.0,443.0,10.138.69.97,Suspicious Web Traffic,Adversary Infrastructure Interaction,AWS_VPC_Flow,prod_webserver,2024-04-25T23:50:00Z,waf_rule
2610.0,2810.0,2024-04-25T23:30:00Z,2024-04-25T23:40:00Z,165.225.209.4,AT,HTTPS,200.0,443.0,10.138.69.97,Suspicious Web Traffic,Adversary Infrastructure Interaction,AWS_VPC_Flow,prod_webserver,2024-04-25T23:30:00Z,waf_rule
4488.0,23698.0,2024-04-26T08:10:00Z,2024-04-26T08:20:00Z,165.225.7.76,CA,HTTPS,200.0,443.0,10.138.69.97,Suspicious Web Traffic,Adversary Infrastructure Interaction,AWS_VPC_Flow,prod_webserver,2024-04-26T08:10:00Z,waf_rule
11797.0,2642.0,2024-04-26T09:20:00Z,2024-04-26T09:30:00Z,147.161.161.82,US,HTTPS,200.0,443.0,10.138.69.97,Suspicious Web Traffic,Adversary Infrastructure Interaction,AWS_VPC_Flow,prod_webserver,2024-04-26T09:20:00Z,waf_rule
44.0,3938.0,2024-04-26T09:00:00Z,2024-04-26T09:00:00Z,165.225.240.79,US,HTTPS,200.0,443.0,10.138.69.97,Suspicious Web Traffic,Adversary Infrastructure Interaction,AWS_VPC_Flow,prod_webserver,2024-04-26T09:00:00Z,waf_rule
11488.0,11492.0,2024-04-25T23:40:00Z,2024-04-25T23:40:00Z,155.91.45.242,NL,HTTPS,200.0,443.0,10.138.69.97,Suspicious Web Traffic,Adversary Infrastructure Interaction,AWS_VPC_Flow,prod_webserver,2024-04-25T23:30:00Z,waf_rule
4882.0,11038.0,2024-04-26T00:30:00Z,2024-04-26T00:30:00Z,136.226.64.114,US,HTTPS,200.0,443.0,10.138.69.97,Suspicious Web Traffic,Adversary Infrastructure Interaction,AWS_VPC_Flow,prod_webserver,2024-04-26T00:40:00Z,waf_rule
11068.0,28656.0,2024-04-25T23:20:00Z,2024-04-26T00:00:00Z,10.138.69.97,US,HTTPS,200.0,443.0,10.138.69.97,Suspicious Web Traffic,Adversary Infrastructure Interaction,AWS_VPC_Flow,prod_webserver,2024-04-25T23:20:00Z,waf_rule
39858.0,2908.0,2024-04-26T08:50:00Z,2024-04-26T08:50:00Z,165.225.26.101,US,HTTPS,200.0,443.0,10.138.69.97,Suspicious Web Traffic,Adversary Infrastructure Interaction,AWS_VPC_Flow,prod_webserver,2024-04-26T08:50:00Z,waf_rule
11674.0,4238.0,2024-04-26T01:00:00Z,2024-04-26T01:00:00Z,155.91.45.242,US,HTTPS,200.0,443.0,10.138.69.97,Suspicious Web Traffic,Adversary Infrastructure Interaction,AWS_VPC_Flow,prod_webserver,2024-04-26T01:00:00Z,waf_rule
29280.0,11778.0,2024-04-26T00:40:00Z,2024-04-26T00:50:00Z,165.225.209.4,US,HTTPS,200.0,443.0,10.138.69.97,Suspicious Web Traffic,Adversary Infrastructure Interaction,AWS_VPC_Flow,prod_webserver,2024-04-26T00:40:00Z,waf_rule
4644.0,11674.0,2024-04-25T23:40:00Z,2024-04-25T23:50:00Z,155.91.45.242,US,HTTPS,200.0,443.0,10.138.69.97,Suspicious Web Traffic,Adversary Infrastructure Interaction,AWS_VPC_Flow,prod_webserver,2024-04-25T23:40:00Z,waf_rule
3878.0,4800.0,2024-04-26T01:30:00Z,2024-04-26T01:40:00Z,136.226.67.101,US,HTTPS,200.0,443.0,10.138.69.97,Suspicious Web Traffic,Adversary Infrastructure Interaction,AWS_VPC_Flow,prod_webserver,2024-04-26T01:30:00Z,waf_rule
6524.0,9468.0,2024-04-26T09:00:00Z,2024-04-26T09:00:00Z,165.225.212.255,US,HTTPS,200.0,443.0,10.138.69.97,Suspicious Web Traffic,Adversary Infrastructure Interaction,AWS_VPC_Flow,prod_webserver,2024-04-26T09:00:00Z,waf_rule
5882.0,25213.0,2024-04-26T09:50:00Z,2024-04-26T10:00:00Z,165.225.209.4,US,HTTPS,200.0,443.0,10.138.69.97,Suspicious Web Traffic,Adversary Infrastructure Interaction,AWS_VPC_Flow,prod_webserver,2024-04-26T09:50:00Z,waf_rule
3326.0,12666.0,2024-04-26T01:20:00Z,2024-04-26T01:30:00Z,147.161.131.1,CA,HTTPS,200.0,443.0,10.138.69.97,Suspicious Web Traffic,Adversary Infrastructure Interaction,AWS_VPC_Flow,prod_webserver,2024-04-26T01:20:00Z,waf_rule
8348.0,11354.0,2024-04-26T08:10:00Z,2024-04-26T08:20:00Z,147.161.131.1,CA,HTTPS,200.0,443.0,10.138.69.97,Suspicious Web Traffic,Adversary Infrastructure Interaction,AWS_VPC_Flow,prod_webserver,2024-04-26T08:10:00Z,waf_rule
28240.0,11776.0,2024-04-26T00:10:00Z,2024-04-26T01:00:00Z,136.226.67.114,DE,HTTPS,200.0,443.0,10.138.69.97,Suspicious Web Traffic,Adversary Infrastructure Interaction,AWS_VPC_Flow,prod_webserver,2024-04-26T00:20:00Z,waf_rule
6528.0,18014.0,2024-04-26T09:40:00Z,2024-04-26T10:00:00Z,165.225.33.6,CA,HTTPS,200.0,443.0,10.138.69.97,Suspicious Web Traffic,Adversary Infrastructure Interaction,AWS_VPC_Flow,prod_webserver,2024-04-26T09:40:00Z,waf_rule
4060.0,6114.0,2024-04-26T01:40:00Z,2024-04-26T01:50:00Z,147.161.161.82,US,HTTPS,200.0,443.0,10.138.69.97,Suspicious Web Traffic,Adversary Infrastructure Interaction,AWS_VPC_Flow,prod_webserver,2024-04-26T01:40:00Z,waf_rule
5474.0,6520.0,2024-04-25T23:30:00Z,2024-04-25T23:40:00Z,165.225.209.4,US,HTTPS,200.0,443.0,10.138.69.97,Suspicious Web Traffic,Adversary Infrastructure Interaction,AWS_VPC_Flow,prod_webserver,2024-04-25T23:30:00Z,waf_rule
474.0,11366.0,2024-04-26T09:00:00Z,2024-04-26T09:10:00Z,136.226.77,CA,HTTPS,200.0,443.0,10.138.69.97,Suspicious Web Traffic,Adversary Infrastructure Interaction,AWS_VPC_Flow,prod_webserver,2024-04-26T09:00:00Z,waf_rule
29002.0,4360.0,2024-04-26T09:50:00Z,2024-04-26T09:50:00Z,165.225.212.255,CA,HTTPS,200.0,443.0,10.138.69.97,Suspicious Web Traffic,Adversary Infrastructure Interaction,AWS_VPC_Flow,prod_webserver,2024-04-26T09:50:00Z,waf_rule
2908.0,3610.0,2024-04-26T09:50:00Z,2024-04-26T09:40:00Z,165.225.26.101,US,HTTPS,200.0,443.0,10.138.69.97,Suspicious Web Traffic,Adversary Infrastructure Interaction,AWS_VPC_Flow,prod_webserver,2024-04-26T09:50:00Z,waf_rule
28188.0,11490.0,2024-04-26T00:40:00Z,2024-04-26T00:00:00Z,165.225.33.6,US,HTTPS,200.0,443.0,10.138.69.97,Suspicious Web Traffic,Adversary Infrastructure Interaction,AWS_VPC_Flow,prod_webserver,2024-04-26T00:40:00Z,waf_rule
5890.0,8474.0,2024-04-26T08:50:00Z,2024-04-26T09:40:00Z,165.225.212.255,US,HTTPS,200.0,443.0,10.138.69.97,Suspicious Web Traffic,Adversary Infrastructure Interaction,AWS_VPC_Flow,prod_webserver,2024-04-26T08:50:00Z,waf_rule
2824.0,2830.0,2024-04-26T00:40:00Z,2024-04-26T00:30:00Z,165.225.209.4,US,HTTPS,200.0,443.0,10.138.69.97,Suspicious Web Traffic,Adversary Infrastructure Interaction,AWS_VPC_Flow,prod_webserver,2024-04-26T00:30:00Z,waf_rule
4492.0,7386.0,2024-04-26T09:00:00Z,2024-04-26T10:00:00Z,136.226.67.101,US,HTTPS,200.0,443.0,10.138.69.97,Suspicious Web Traffic,Adversary Infrastructure Interaction,AWS_VPC_Flow,prod_webserver,2024-04-26T09:00:00Z,waf_rule
9778.0,576.0,2024-04-26T08:00:00Z,2024-04-26T08:20:00Z,165.225.212.255,US,HTTPS,200.0,443.0,10.138.69.97,Suspicious Web Traffic,Adversary Infrastructure Interaction,AWS_VPC_Flow,prod_webserver,2024-04-26T08:00:00Z,waf_rule
2586.0,18386.0,2024-04-26T09:30:00Z,2024-04-26T10:00:00Z,165.225.26.101,CA,HTTPS,200.0,443.0,10.138.69.97,Suspicious Web Traffic,Adversary Infrastructure Interaction,AWS_VPC_Flow,prod_webserver,2024-04-26T09:20:00Z,waf_rule
3284.0,11068.0,2024-04-26T00:20:00Z,2024-04-26T00:30:00Z,165.225.240.79,DE,HTTPS,200.0,443.0,10.138.69.97,Suspicious Web Traffic,Adversary Infrastructure Interaction,AWS_VPC_Flow,prod_webserver,2024-04-26T00:30:00Z,waf_rule
14288.0,4360.0,2024-04-26T09:50:00Z,2024-04-26T10:00:00Z,165.225.26.101,CA,HTTPS,200.0,443.0,10.138.69.97,Suspicious Web Traffic,Adversary Infrastructure Interaction,AWS_VPC_Flow,prod_webserver,2024-04-26T09:40:00Z,waf_rule
38264.0,29308.0,2024-04-26T00:20:00Z,2024-04-26T00:20:00Z,165.225.26.101,CA,HTTPS,200.0,443.0,10.138.69.97,Suspicious Web Traffic,Adversary Infrastructure Interaction,AWS_VPC_Flow,prod_webserver,2024-04-26T00:20:00Z,waf_rule
4596.0,18408.0,2024-04-25T23:20:00Z,2024-04-25T23:20:00Z,147.161.161.82,CA,HTTPS,200.0,443.0,10.138.69.97,Suspicious Web Traffic,Adversary Infrastructure Interaction,AWS_VPC_Flow,prod_webserver,2024-04-25T23:20:00Z,waf_rule
18240.0,94.0,2024-04-25T23:50:00Z,2024-04-25T23:50:00Z,165.225.209.4,NL,HTTPS,200.0,443.0,10.138.69.97,Suspicious Web Traffic,Adversary Infrastructure Interaction,AWS_VPC_Flow,prod_webserver,2024-04-25T23:50:00Z,waf_rule
11010.0,15488.0,2024-04-26T08:00:00Z,2024-04-26T08:10:00Z,165.225.209.4,CA,HTTPS,200.0,443.0,10.138.69.97,Suspicious Web Traffic,Adversary Infrastructure Interaction,AWS_VPC_Flow,prod_webserver,2024-04-26T08:00:00Z,waf_rule
23990.0,13674.0,2024-04-25T23:20:00Z,2024-04-25T23:20:00Z,136.226.77.103,CA,HTTPS,200.0,443.0,10.138.69.97,Suspicious Web Traffic,Adversary Infrastructure Interaction,AWS_VPC_Flow,prod_webserver,2024-04-25T23:10:00Z,waf_rule
10270.0,4026.0,2024-04-26T01:00:00Z,2024-04-26T01:20:00Z,155.91.45.242,CA,HTTPS,200.0,443.0,10.138.69.97,Suspicious Web Traffic,Adversary Infrastructure Interaction,AWS_VPC_Flow,prod_webserver,2024-04-26T01:10:00Z,waf_rule
