date,Usage_kWh,Lagging_Current_Reactive.Power_kVarh,Leading_Current_Reactive_Power_kVarh,CO2(tCO2),Lagging_Current_Power_Factor,Leading_Current_Power_Factor,NSM,WeekStatus,Day_of_week,Load_Type
05/06/2018 02:30,62.77,69.72,0.0,0.0,99.79,99.96,15300.0,Weekend,Sunday,Light_Load
29/04/2018 09:00,2.46,5.16,0.0,0.0,54.01,100.0,33300.0,Weekday,Thursday,Light_Load
07/06/2018 00:00,3.95,44.81,0.0,0.0,100.0,100.0,81900.0,Weekday,Thursday,Light_Load
04/10/2018 12:30,46.3,0.0,18.02,0.02,88.18,100.0,52200.0,Weekend,Sunday,Medium_Load
13/11/2018 19:00,3.77,4.82,0.0,0.03,100.0,30.29,53700.0,Weekday,Thursday,Medium_Load
07/03/2018 05:30,3.11,6.42,0.0,0.01,100.0,22.32,76500.0,Weekday,Monday,Medium_Load
28/03/2018 10:00,3.64,0.0,5.25,0.0,83.62,100.0,11700.0,Weekend,Saturday,Light_Load
11/04/2018 15:15,2.94,5.0,0.0,0.0,70.57,100.0,82800.0,Weekday,Tuesday,Light_Load
20/01/2018 12:00,3.7,0.0,4.73,0.0,68.32,100.0,52200.0,Weekday,Thursday,Light_Load
25/11/2018 14:00,4.18,5.11,0.0,0.01,81.0,100.0,48600.0,Weekday,Thursday,Medium_Load
11/10/2018 19:15,2.18,3.53,0.0,0.0,100.0,18.84,77400.0,Weekday,Friday,Light_Load
10/10/2018 12:15,52.68,34.64,0.0,0.02,90.82,100.0,70200.0,Weekday,Monday,Medium_Load
16/04/2018 11:45,2.95,4.84,0.0,0.0,47.4,100.0,84600.0,Weekday,Monday,Light_Load
19/06/2018 13:00,3.64,4.64,0.0,0.03,80.98,100.0,27900.0,Weekday,Tuesday,Light_Load
12/09/2018 04:15,3.67,0.0,0.0,0.0,48.13,100.0,67500.0,Weekday,Tuesday,Light_Load
02/08/2018 17:15,2.75,0.0,14.79,0.0,59.14,100.0,72900.0,Weekend,Sunday,Medium_Load
17/10/2018 22:30,2.66,0.0,3.64,0.0,100.0,19.99,7200.0,Weekday,Thursday,Medium_Load
25/05/2018 19:00,3.64,4.63,0.0,0.02,68.11,100.0,55300.0,Weekend,Sunday,Light_Load
04/07/2018 03:00,117.4,41.79,0.0,0.0,90.0,100.0,77100.0,Weekday,Monday,Medium_Load
24/11/2018 07:15,3.71,3.71,0.0,0.0,63.02,100.0,12600.0,Weekday,Tuesday,Light_Load
18/12/2018 21:45,2.56,5.13,0.0,0.0,100.0,19.15,74700.0,Weekend,Saturday,Maximum_Load
07/05/2018 22:45,2.96,5.03,0.0,0.0,92.13,100.0,69400.0,Weekday,Wednesday,Maximum_Load
22/09/2018 08:00,2.72,4.04,0.0,0.0,100.0,18.93,18000.0,Weekend,Saturday,Light_Load
14/10/2018 14:30,3.75,0.0,0.0,0.0,71.64,100.0,67500.0,Weekend,Sunday,Light_Load
05/03/2018 00:45,2.83,5.53,0.0,0.0,72.84,100.0,23400.0,Weekday,Monday,Maximum_Load
05/08/2018 16:30,3.6,5.17,0.0,0.0,48.02,100.0,77400.0,Weekday,Wednesday,Light_Load
10/03/2018 14:30,3.5,0.0,30.93,0.01,100.0,24.4,47700.0,Weekday,Monday,Maximum_Load
07/10/2018 19:15,3.88,4.21,0.0,0.0,82.63,100.0,61200.0,Weekday,Monday,Light_Load
07/08/2018 13:45,2.63,0.0,0.0,0.0,62.7,100.0,1800.0,Weekend,Sunday,Light_Load
20/09/2018 15:30,2.74,3.73,0.0,0.0,36.67,100.0,2700.0,Weekday,Thursday,Light_Load
24/08/2018 14:45,3.77,6.7,0.0,0.0,100.0,100.0,53100.0,Weekday,Thursday,Light_Load
30/08/2018 14:15,62.81,3.74,0.0,0.0,100.0,100.0,46900.0,Weekday,Friday,Light_Load
27/12/2018 18:45,61.8,5.23,0.0,0.0,88.99,100.0,63900.0,Weekday,Tuesday,Maximum_Load
23/02/2018 02:15,54.81,0.0,0.0,0.0,100.0,100.0,81100.0,Weekend,Saturday,Medium_Load
07/12/2018 04:45,4.03,4.74,0.0,0.0,100.0,100.0,62100.0,Weekday,Wednesday,Maximum_Load
28/12/2018 15:30,58.85,0.0,25.51,0.0,86.46,100.0,76500.0,Weekday,Wednesday,Light_Load
30/07/2018 07:45,4.72,0.0,17.11,0.0,100.0,16.66,65800.0,Weekday,Thursday,Maximum_Load
16/05/2018 21:15,69.14,4.18,0.0,0.03,82.03,100.0,3600.0,Weekend,Saturday,Maximum_Load
18/09/2018 00:45,3.4,5.03,0.0,0.0,51.29,100.0,12600.0,Weekday,Thursday,Light_Load
14/09/2018 02:15,3.56,3.46,0.0,0.03,46.06,100.0,58500.0,Weekday,Thursday,Medium_Load
24/04/2018 01:45,3.73,4.11,0.0,0.0,100.0,43.54,35100.0,Weekday,Monday,Medium_Load
22/07/2018 22:00,3.74,3.82,0.0,0.03,59.79,100.0,84600.0,Weekend,Saturday,Light_Load
20/03/2018 07:00,3.06,3.26,0.0,0.0,52.36,100.0,36000.0,Weekday,Tuesday,Light_Load
17/10/2018 20:45,2.56,11.12,0.0,0.04,82.61,100.0,61200.0,Weekday,Friday,Light_Load
08/04/2018 03:15,2.81,0.0,20.17,0.0,49.61,100.0,62800.0,Weekday,Friday,Light_Load
20/02/2018 18:45,2.36,5.24,0.0,0.03,54.02,100.0,68400.0,Weekday,Wednesday,Light_Load
24/02/2018 11:30,2.74,0.0,18.92,0.0,91.91,100.0,68400.0,Weekday,Thursday,Light_Load
07/10/2018 00:15,3.92,3.67,0.0,0.0,91.96,100.0,28800.0,Weekend,Saturday,Medium_Load
27/08/2018 08:45,2.72,4.66,0.0,0.0,100.0,99.93,56700.0,Weekday,Monday,Light_Load
24/05/2018 03:30,2.81,5.61,0.0,0.0,56.03,100.0,40500.0,Weekday,Tuesday,Medium_Load
15/06/2018 15:45,45.56,5.66,0.0,0.0,100.0,100.0,71100.0,Weekday,Wednesday,Maximum_Load
10/02/2018 16:00,58.92,0.0,16.62,0.03,98.34,100.0,61200.0,Weekend,Sunday,Light_Load
22/08/09/2018 17:45,2.95,5.84,0.0,0.0,50.44,100.0,60300.0,Weekday,Friday,Medium_Load
16/02/2018 23:15,3.88,4.25,0.0,0.0,100.0,24.02,63900.0,Weekday,Wednesday,Light_Load
02/05/2018 00:30,3.28,4.93,0.0,0.0,70.34,100.0,36000.0,Weekday,Friday,Light_Load
09/09/2018 17:00,4.56,0.0,15.66,0.0,100.0,21.0,2700.0,Weekday,Tuesday,Light_Load
29/10/2018 18:00,50.17,39.31,0.0,0.0,100.0,28.02,71100.0,Weekday,Thursday,Medium_Load
11/03/2018 08:00,2.95,2.57,0.0,0.0,58.79,100.0,8100.0,Weekday,Friday,Medium_Load
12/04/2018 19:15,3.0,17.21,0.0,0.0,100.0,17.54,24300.0,Weekend,Sunday,Light_Load
04/11/2018 05:30,3.56,6.4,0.0,0.0,100.0,18.29,84600.0,Weekday,Friday,Light_Load
27/04/2018 08:00,3.56,4.92,0.0,0.0,100.0,20.18,60300.0,Weekday,Monday,Maximum_Load
13/07/2018 23:45,49.13,0.0,0.0,0.0,78.57,100.0,32400.0,Weekday,Tuesday,Maximum_Load
05/06/2018 07:30,3.64,2.64,0.0,0.0,49.34,100.0,44100.0,Weekend,Saturday,Maximum_Load
10/01/2018 13:00,4.28,4.0,0.0,0.0,100.0,21.17,33300.0,Weekday,Friday,Maximum_Load
04/02/2018 07:45,3.74,4.36,0.0,0.01,100.0,25.77,57900.0,Weekday,Friday,Medium_Load
05/12/2018 02:30,3.0,4.75,0.0,0.0,100.0,29.66,36900.0,Weekday,Wednesday,Medium_Load
03/05/2018 19:00,4.84,4.18,0.0,0.0,99.79,99.77,8200.0,Weekday,Thursday,Light_Load
19/10/2018 04:00,3.67,5.0,0.0,0.02,56.46,100.0,71100.0,Weekday,Friday,Light_Load
05/01/2018 09:30,2.88,0.0,17.36,0.0,90.46,100.0,6300.0,Weekday,Wednesday,Light_Load
30/03/2018 19:45,36.4,16.12,0.0,0.0,91.32,100.0,6300.0,Weekday,Wednesday,Medium_Load
07/08/2018 00:15,41.88,22.5,0.0,0.0,100.0,18.21,78300.0,Weekend,Sunday,Medium_Load
17/06/2018 14:45,3.66,4.1,0.0,0.0,100.0,100.0,78300.0,Weekday,Monday,Medium_Load
19/03/2018 19:00,2.97,3.64,0.0,0.0,57.26,100.0,49500.0,Weekday,Thursday,Light_Load
21/03/2018 21:15,76.82,5.7,0.0,0.05,89.99,100.0,42300.0,Weekday,Tuesday,Medium_Load
23/10/2018 17:15,3.97,4.35,0.0,0.02,79.57,100.0,69300.0,Weekday,Wednesday,Maximum_Load
04/01/2018 05:30,2.35,4.15,0.0,0.0,100.0,18.28,4500.0,Weekday,Thursday,Medium_Load
23/11/2018 19:15,2.88,9.17,0.0,0.0,100.0,18.9,76500.0,Weekday,Monday,Light_Load
23/06/2018 09:45,2.92,3.64,0.0,0.0,47.54,100.0,8100.0,Weekday,Tuesday,Maximum_Load
06/06/2018 08:45,99.8,30.04,0.0,0.0,87.6,100.0,61400.0,Weekday,Tuesday,Light_Load
04/07/2018 21:45,2.72,4.92,0.0,0.0,47.25,100.0,78400.0,Weekday,Tuesday,Medium_Load
17/05/2018 03:15,39.24,0.0,0.0,0.02,100.0,22.06,71100.0,Weekday,Wednesday,Light_Load
11/09/2018 18:30,91.74,44.24,0.0,0.02,92.32,100.0,900.0,Weekend,Sunday,Maximum_Load
25/04/2018 01:15,3.57,4.36,0.0,0.0,99.79,99.9,61200.0,Weekday,Friday,Light_Load
15/03/2018 06:30,4.92,4.9,0.0,0.0,100.0,19.38,2700.0,Weekend,Saturday,Medium_Load
02/03/2018 16:30,2.02,5.18,0.0,0.0,100.0,19.78,71100.0,Weekday,Friday,Light_Load
02/06/2018 00:00,3.74,4.22,0.0,0.0,100.0,100.0,26200.0,Weekday,Wednesday,Medium_Load
25/06/2018 06:45,2.78,5.17,0.0,0.0,91.6,100.0,20700.0,Weekend,Saturday,Medium_Load
05/02/2018 05:45,3.78,4.79,0.0,0.0,100.0,17.18,78300.0,Weekday,Tuesday,Light_Load
07/12/2018 14:45,37.86,5.0,0.0,0.0,52.12,100.0,390700.0,Weekend,Sunday,Maximum_Load
19/03/2018 02:15,101.76,58.02,0.0,0.02,86.74,100.0,78300.0,Weekday,Tuesday,Maximum_Load
26/08/2018 19:15,3.18,3.62,0.0,0.0,44.92,100.0,52200.0,Weekend,Sunday,Light_Load
25/04/2018 10:15,3.64,6.62,0.0,0.0,62.79,100.0,56700.0,Weekday,Thursday,Medium_Load
20/03/2018 22:15,40.81,0.0,23.95,0.0,100.0,20.23,7200.0,Weekday,Thursday,Light_Load
22/12/2018 20:15,2.66,0.0,11.71,0.0,100.0,18.95,80100.0,Weekday,Wednesday,Medium_Load
25/10/2018 19:45,3.56,5.24,0.0,0.02,90.71,100.0,40400.0,Weekday,Monday,Medium_Load
22/11/2018 04:30,3.17,2.64,0.0,0.0,99.13,100.0,56700.0,Weekend,Sunday,Medium_Load
25/07/2018 00:00,51.48,0.0,16.34,0.03,100.0,18.66,12600.0,Weekday,Thursday,Light_Load
10/01/2018 07:15,3.75,4.21,0.0,0.0,59.4,100.0,60300.0,Weekday,Tuesday,Light_Load
09/10/2018 06:15,3.4,3.18,0.0,0.0,100.0,17.04,70200.0,Weekday,Wednesday,Light_Load
03/07/2018 21:45,3.03,4.95,0.0,0.0,100.0,23.84,36000.0,Weekend,Saturday,Light_Load
04/02/2018 10:30,4.68,4.64,0.0,0.0,48.12,100.0,56100.0,Weekday,Thursday,Light_Load
22/09/2018 15:00,2.67,5.02,0.0,0.0,57.46,100.0,78300.0,Weekday,Tuesday,Light_Load
07/10/2018 23:45,3.62,0.0,16.2,0.0,100.0,21.08,60300.0,Weekday,Friday,Light_Load
12/11/2018 02:00,3.77,4.81,0.0,0.0,100.0,21.66,47700.0,Weekday,Friday,Medium_Load
14/11/2018 08:45,2.84,59.23,0.0,0.05,97.99,100.0,39600.0,Weekday,Friday,Light_Load
02/08/2018 00:30,4.06,0.0,16.56,0.0,100.0,19.74,76500.0,Weekend,Sunday,Light_Load
04/04/2018 23:30,56.1,0.0,25.96,0.0,100.0,22.3,34200.0,Weekday,Tuesday,Maximum_Load
17/11/2018 02:00,3.61,0.0,21.92,0.0,52.06,100.0,85500.0,Weekend,Sunday,Light_Load
22/05/2018 11:15,4.66,0.0,4.18,0.0,100.0,19.61,27400.0,Weekday,Thursday,Medium_Load
12/06/2018 23:30,3.0,7.5,0.0,0.0,63.4,100.0,17100.0,Weekend,Sunday,Light_Load
23/12/2018 17:30,3.02,3.67,0.0,0.02,99.03,100.0,35100.0,Weekday,Friday,Medium_Load
21/08/2018 23:15,3.28,6.08,0.0,0.0,45.61,100.0,61300.0,Weekend,Sunday,Light_Load
15/11/2018 02:45,4.56,5.66,0.0,0.0,90.49,100.0,67500.0,Weekday,Wednesday,Maximum_Load
17/10/2018 17:15,2.61,4.54,0.0,0.0,46.1,100.0,35100.0,Weekend,Sunday,Light_Load
07/07/2018 10:45,5.77,0.0,17.2,0.0,100.0,100.0,56700.0,Weekday,Monday,Medium_Load
30/06/2018 08:45,51.84,0.0,0.0,0.01,99.98,100.0,41400.0,Weekday,Wednesday,Maximum_Load
31/07/2018 19:30,4.93,4.64,0.0,0.04,91.06,100.0,69300.0,Weekend,Saturday,Maximum_Load
06/10/2018 18:15,3.68,0.0,3.21,0.0,46.32,100.0,55800.0,Weekday,Thursday,Medium_Load
18/09/2018 06:15,3.38,3.1,0.0,0.0,58.44,100.0,18900.0,Weekend,Saturday,Medium_Load
27/01/2018 20:45,51.61,24.95,0.0,0.0,100.0,97.11,84600.0,Weekday,Wednesday,Maximum_Load
24/02/2018 07:00,3.63,4.0,0.0,0.02,88.91,100.0,39600.0,WeekendStatus,Saturday,Maximum_Load
17/08/2018 10:00,2.62,4.7,0.0,0.0,100.0,22.86,50400.0,Weekend,Saturday,Light_Load
11/06/2018 08:45,36.0,0.0,24.24,0.0,88.4,100.0,62100.0,Weekday,Thursday,Maximum_Load
18/08/2018 16:00,3.56,6.26,0.04,0.0,91.66,100.0,54000.0,Weekday,Thursday,Light_Load
06/01/2018 04:00,3.2,4.17,0.0,0.0,51.8,100.0,85500.0,Weekday,Tuesday,Light_Load
09/11/2018 14:30,3.56,0.0,0.0,0.0,51.48,28.6,57600.0,Weekday,Tuesday,Medium_Load
26/01/2018 18:00,2.78,5.18,0.0,0.07,87.98,100.0,65700.0,Weekend,Sunday,Medium_Load
20/09/2018 01:30,2.68,3.64,0.0,0.0,48.28,100.0,77200.0,Weekend,Saturday,Light_Load
25/06/2018 04:45,3.93,5.11,0.0,0.0,100.0,100.0,71100.0,Weekend,Sunday,Light_Load
02/08/2018 21:00,2.64,3.18,0.0,0.0,100.0,23.15,52200.0,Weekday,Monday,Light_Load
22/02/2018 18:00,4.57,5.1,0.0,0.0,48.57,100.0,74700.0,Weekday,Monday,Light_Load
29/09/2018 07:00,3.13,5.6,0.0,0.0,48.7,100.0,1800.0,Weekday,Thursday,Medium_Load
12/07/2018 19:00,3.88,5.7,0.0,0.02,100.0,25.03,60300.0,Weekday,Thursday,Medium_Load
20/01/2018 21:45,39.79,17.28,0.0,0.06,100.0,22.38,75800.0,Weekday,Wednesday,Maximum_Load
14/08/2018 13:45,3.0,4.84,0.0,0.0,53.84,100.0,36000.0,Weekday,Thursday,Maximum_Load
19/09/2018 10:15,3.28,4.18,0.0,0.0,100.0,19.06,67500.0,Weekday,Thursday,Light_Load
01/09/2018 21:00,52.81,26.74,0.0,0.0,91.08,100.0,56700.0,Weekday,Wednesday,Maximum_Load
25/03/2018 19:30,3.92,3.85,0.0,0.0,51.0,100.0,54000.0,Weekend,Sunday,Light_Load
08/10/2018 10:45,3.92,5.23,0.0,0.0,52.7,100.0,36000.0,Weekday,Wednesday,Medium_Load
15/08/2018 14:15,75.79,6.96,0.0,0.04,92.93,19.94,77400.0,Weekday,Thursday,Light_Load
23/09/2018 04:00,2.4,4.84,0.0,0.0,47.57,100.0,78300.0,Weekday,Friday,Medium_Load
02/09/2018 06:30,2.28,5.79,0.0,0.0,48.07,100.0,15300.0,Weekday,Wednesday,Light_Load
15/07/2018 23:15,4.0,3.96,0.0,0.0,100.0,20.06,64800.0,Weekday,Tuesday,Light_Load
30/10/2018 04:45,117.9,36.8,0.0,0.0,86.26,100.0,60200.0,Weekday,Monday,Light_Load
06/01/2018 10:30,3.82,2.84,0.0,0.0,100.0,24.46,24300.0,Weekday,Wednesday,Light_Load
07/06/2018 12:30,6.4,2.71,0.0,0.0,100.0,16.61,61200.0,Weekday,Wednesday,Light_Load
05/08/2018 19:00,45.24,4.62,0.0,0.0,93.98,100.0,9000.0,Weekday,Wednesday,Maximum_Load
24/02/2018 17:45,2.56,5.17,0.0,0.02,45.64,100.0,80100.0,Weekday,Thursday,Light_Load
07/11/2018 16:15,3.56,24.84,0.0,0.0,100.0,20.28,68400.0,Weekend,Sunday,Light_Load
24/07/2018 01:15,3.56,0.0,12.25,0.0,92.64,100.0,52200.0,Weekend,Sunday,Maximum_Load
04/06/2018 09:45,4.17,0.0,21.13,0.0,100.0,100.0,69300.0,Weekday,Monday,Light_Load
30/08/2018 22:00,3.5,4.66,0.0,0.0,100.0,18.61,55800.0,Weekday,Tuesday,Maximum_Load
22/08/2018 04:15,44.46,10.11,0.0,0.02,100.0,19.93,10800.0,Weekend,Sunday,Maximum_Load
08/09/2018 11:45,2.66,43.1,0.0,0.0,100.0,25.29,52200.0,Weekday,Tuesday,Medium_Load
30/05/2018 14:45,2.91,0.0,0.0,0.02,63.14,100.0,63600.0,Weekday,Monday,Light_Load
04/02/2018 15:00,3.0,0.0,0.0,0.0,46.74,100.0,2700.0,Weekday,Tuesday,Light_Load
19/08/2018 02:15,2.0,4.92,0.0,0.0,100.0,23.13,60300.0,Weekday,Wednesday,Medium_Load
05/10/2018 18:45,61.21,30.14,0.0,0.05,82.14,100.0,74700.0,Weekday,Friday,Medium_Load
31/09/2018 15:30,6.61,0.0,11.2,0.0,82.02,100.0,30600.0,Weekday,Thursday,Light_Load
19/09/2018 15:15,3.1,4.7,0.0,0.02,74.64,100.0,80100.0,Weekday,Tuesday,Light_Load
24/05/2018 09:45,3.18,4.2,0.0,0.0,100.0,19.4,56700.0,Weekday,Friday,Medium_Load
15/05/2018 18:00,2.96,46.82,0.0,0.0,99.92,99.06,14400.0,Weekday,Monday,Maximum_Load
30/06/2018 12:15,3.92,3.08,0.0,0.05,46.93,100.0,51300.0,Weekday,Monday,Medium_Load
10/09/2018 15:15,32.3,30.14,0.0,0.02,98.84,100.0,78300.0,Weekday,Thursday,Maximum_Load
04/01/2018 22:45,3.92,6.22,0.0,0.02,100.0,18.89,100200.0,Weekday,Thursday,Light_Load
05/08/2018 20:15,3.1,5.74,0.0,0.0,100.0,99.99,77400.0,Weekend,Saturday,Medium_Load
22/02/2018 11:30,47.21,6.92,0.0,0.0,93.56,100.0,72900.0,Weekday,Monday,Maximum_Load
19/09/2018 05:45,3.92,3.93,0.0,0.0,100.0,100.0,49500.0,Weekend,Sunday,Medium_Load
14/08/2018 17:15,2.38,0.0,24.1,0.0,88.0,100.0,60300.0,Weekend,Saturday,Medium_Load
29/03/2018 23:30,3.74,0.0,26.0,0.0,52.74,100.0,28800.0,Weekday,Monday,Maximum_Load
18/05/2018 20:15,54.4,4.13,0.0,0.0,92.04,100.0,69400.0,Weekday,Sunday,Light_Load
02/01/2018 09:15,45.4,0.0,17.68,0.0,86.12,100.0,66700.0,Weekday,Monday,Light_Load
14/04/2018 13:45,3.88,0.0,4.71,0.0,80.0,100.0,25200.0,Weekend,Sunday,Light_Load
06/09/2018 01:45,2.56,3.71,0.0,0.0,93.61,100.0,59400.0,Weekday,Monday,Maximum_Load
05/07/2018 07:30,2.82,3.1,0.0,0.03,54.74,100.0,60300.0,Weekday,Tuesday,Maximum_Load
02/12/2018 22:45,2.75,31.34,0.0,0.0,83.36,100.0,8100.0,Weekend,Saturday,Medium_Load
20/12/2018 13:00,3.5,5.17,0.0,0.0,100.0,100.0,28800.0,Weekday,Thursday,Maximum_Load
03/09/2018 01:15,61.35,3.79,0.0,0.0,100.0,21.28,41400.0,Weekday,Thursday,Light_Load
19/09/2018 13:30,3.06,5.38,0.0,0.0,100.0,18.02,51300.0,Weekday,Friday,Light_Load
20/01/2018 00:00,2.71,3.21,0.0,0.0,100.0,18.98,8100.0,Weekday,Friday,Light_Load
22/11/2018 06:30,58.25,25.14,0.0,0.02,62.66,100.0,45900.0,Weekday,Thursday,Light_Load
29/06/2018 23:30,24.88,0.0,14.96,0.0,89.95,100.0,15300.0,Weekday,Tuesday,Medium_Load
23/05/2018 04:15,3.66,4.02,0.0,0.0,50.93,100.0,30600.0,Weekday,Monday,Maximum_Load
07/08/2018 02:30,3.64,5.26,0.0,0.02,71.99,100.0,78300.0,Weekday,Thursday,Maximum_Load
02/10/2018 15:30,3.83,22.85,0.0,0.0,100.0,20.84,38400.0,Weekday,Monday,Light_Load
20/01/2018 17:45,2.94,0.0,0.0,0.02,100.0,99.13,79200.0,Weekend,Sunday,Maximum_Load
21/10/2018 02:30,72.84,5.56,0.0,0.03,92.9,100.0,85500.0,Weekday,Tuesday,Medium_Load
29/06/2018 16:30,3.67,0.0,3.92,0.0,57.4,100.0,7200.0,Weekend,Sunday,Light_Load
21/06/2018 01:45,4.63,4.5,0.0,0.0,100.0,100.0,78300.0,Weekend,Sunday,Medium_Load
16/05/2018 12:00,4.76,5.26,0.0,0.0,68.64,100.0,75700.0,Weekday,Friday,Light_Load
02/07/2018 07:30,72.4,35.25,0.0,0.0,98.51,100.0,900.0,Weekday,Thursday,Medium_Load
14/11/2018 21:15,2.03,4.99,0.0,0.04,81.91,100.0,36000.0,Weekday,Friday,Light_Load
20/06/2018 14:30,60.06,4.81,0.0,0.0,90.21,100.0,25200.0,Weekday,Friday,Maximum_Load
11/06/2018 17:15,3.75,5.93,0.0,0.0,57.84,100.0,83800.0,Weekday,Friday,Light_Load
21/03/2018 18:45,34.31,14.17,0.0,0.01,91.93,100.0,71100.0,Weekend,Saturday,Maximum_Load
16/01/2018 05:15,3.53,4.82,0.0,0.0,100.0,50.57,35100.0,Weekend,Saturday,Light_Load
10/05/2018 16:00,3.54,4.14,0.0,0.0,100.0,19.54,54000.0,Weekend,Sunday,Light_Load
10/05/2018 11:45,3.17,4.68,0.0,0.0,63.46,100.0,78300.0,Weekend,Sunday,Light_Load
09/09/2018 11:15,2.28,0.0,12.57,0.02,98.57,100.0,49500.0,Weekend,Sunday,Light_Load
19/11/2018 12:30,40.44,0.0,17.54,0.0,100.0,100.0,67500.0,Weekday,Friday,Light_Load
26/11/2018 06:30,3.88,4.84,0.0,0.0,45.06,100.0,50400.0,Weekday,Wednesday,Light_Load
21/12/2018 07:30,3.42,0.0,17.96,0.0,72.54,100.0,0.0,Weekend,Sunday,Light_Load
19/12/2018 12:00,2.67,4.5,0.0,0.0,100.0,100.0,77400.0,Weekday,Thursday,Maximum_Load
18/10/2018 13:30,3.92,3.96,0.0,0.0,50.0,100.0,49500.0,Weekend,Saturday,Maximum_Load
01/06/2018 22:00,2.56,4.92,0.0,0.0,85.94,99.87,64800.0,Weekday,Thursday,Light_Load
24/11/2018 16:45,109.12,51.38,0.0,0.03,93.46,100.0,900.0,Weekend,Sunday,Light_Load
14/03/2018 21:00,2.06,4.66,0.0,0.0,47.04,100.0,1800.0,Weekend,Saturday,Light_Load
19/11/2018 00:15,3.74,0.0,0.0,0.05,51.03,100.0,56700.0,Weekend,Tuesday,Light_Load
18/10/2018 19:45,2.84,4.88,0.0,0.02,100.0,18.81,4500.0,Weekday,Wednesday,Medium_Load
18/06/2018 16:30,3.66,0.0,16.66,0.05,100.0,54.28,51300.0,Weekday,Saturday,Light_Load
25/07/2018 21:00,47.03,0.0,6.57,0.02,89.88,100.0,2700.0,Weekday,Wednesday,Medium_Load
18/12/2018 22:30,2.92,0.0,15.53,0.0,100.0,18.28,60300.0,Weekday,Wednesday,Maximum_Load
20/03/2018 23:15,3.25,5.0,0.0,0.0,97.1,100.0,34200.0,Weekend,Saturday,Medium_Load
14/09/2018 23:30,3.63,4.79,0.0,0.0,87.25,100.0,59400.0,Weekday,Friday,Light_Load
03/02/2018 19:15,3.18,4.74,0.0,0.03,88.13,100.0,69300.0,Weekday,Wednesday,Medium_Load
26/10/2018 07:15,3.81,0.0,16.14,0.0,45.44,100.0,900.0,Weekday,Tuesday,Light_Load
16/01/2018 14:45,3.7,0.0,26.02,0.0,48.46,100.0,20700.0,Weekday,Tuesday,Light_Load
20/11/2018 18:00,2.57,0.0,4.64,0.0,100.0,100.0,1800.0,Weekday,Thursday,Light_Load
18/06/2018 22:45,93.6,45.4,0.0,0.0,91.3,100.0,40700.0,Weekday,Thursday,Medium_Load
20/09/2018 14:15,59.38,36.38,0.0,0.04,92.88,100.0,78300.0,Weekend,Sunday,Maximum_Load
15/04/2018 00:00,3.71,6.01,0.0,0.03,100.0,22.65,3600.0,Weekday,Monday,Medium_Load
15/09/2018 03:30,3.18,0.0,3.15,0.0,49.7,100.0,71100.0,Weekend,Saturday,Light_Load
22/11/2018 11:15,3.24,4.25,0.0,0.0,71.1,100.0,15300.0,Weekday,Tuesday,Light_Load
27/12/2018 12:15,72.14,24.64,0.0,0.0,100.0,100.0,71100.0,Weekend,Sunday,Light_Load
20/12/2018 14:45,4.85,4.62,0.0,0.0,92.99,100.0,24300.0,Weekday,Tuesday,Maximum_Load
21/10/2018 00:30,4.56,0.0,16.36,0.0,79.53,100.0,80100.0,Weekday,Friday,Light_Load
02/07/2018 17:15,48.31,0.0,25.0,0.03,88.06,100.0,76500.0,Weekday,Friday,Maximum_Load
09/05/2018 09:00,2.93,4.64,0.0,0.0,100.0,100.0,57600.0,Weekday,Saturday,Maximum_Load
20/03/2018 19:45,3.7,3.81,0.0,0.02,54.38,100.0,2700.0,Weekend,Sunday,Light_Load
14/11/2018 21:45,2.62,16.74,0.0,0.0,89.08,100.0,40500.0,Weekday,Wednesday,Light_Load
30/07/2018 00:00,2.66,3.98,0.0,0.0,100.0,100.0,48600.0,Weekday,Monday,Light_Load
13/12/2018 23:00,7.58,5.14,0.0,0.03,88.42,100.0,45900.0,Weekend,Saturday,Maximum_Load
04/10/2018 01:45,4.93,4.96,0.0,0.0,57.35,100.0,51300.0,Weekday,Thursday,Light_Load
21/10/2018 03:30,3.92,4.14,0.0,0.0,93.36,100.0,4500.0,Weekday,Tuesday,Maximum_Load
04/08/2018 02:45,51.56,0.0,18.64,0.03,97.02,100.0,76500.0,Weekday,Wednesday,Medium_Load
12/10/2018 21:45,3.72,0.0,15.01,0.0,42.2,100.0,65800.0,Weekend,Saturday,Light_Load
15/02/2018 23:15,2.54,6.67,0.0,0.0,53.54,100.0,65700.0,Weekday,Thursday,Light_Load
07/12/2018 12:30,3.46,5.2,0.0,0.0,89.0,100.0,38700.0,Weekday,Friday,Medium_Load
04/02/2018 13:45,74.38,48.92,0.0,0.0,91.44,100.0,52200.0,Weekday,Thursday,Medium_Load
27/06/2018 05:45,3.82,23.57,0.0,0.0,100.0,22.81,56700.0,Weekday,Sunday,Maximum_Load
17/06/2018 03:00,3.02,0.0,29.85,0.02,96.6,100.0,17100.0,Weekend,Sunday,Medium_Load
04/02/2018 03:45,2.72,5.04,0.0,0.0,62.38,100.0,900.0,Weekday,Monday,Medium_Load
04/01/2018 09:15,91.66,28.02,0.0,0.02,93.46,100.0,28800.0,Weekday,Tuesday,Medium_Load
05/11/2018 00:45,3.93,7.23,0.0,0.0,100.0,18.74,80100.0,Weekend,Sunday,Light_Load
30/08/2018 07:00,2.96,0.0,16.35,0.0,100.0,100.0,5200.0,Weekend,Friday,Light_Load
18/01/2018 21:45,4.28,4.35,0.0,0.0,100.0,19.02,84600.0,Weekday,Wednesday,Maximum_Load
02/03/2018 21:30,3.26,0.0,18.94,0.0,93.03,100.0,82800.0,Weekday,Wednesday,Medium_Load
07/04/2018 07:45,3.78,4.24,0.0,0.0,67.13,100.0,7.05,Weekend,Sunday,Light_Load
14/12/2018 19:15,4.14,0.0,13.82,0.02,63.46,100.0,61200.0,Weekday,Tuesday,Maximum_Load
25/11/2018 03:45,2.4,0.0,13.56,0.0,90.61,100.0,78300.0,Weekday,Tuesday,Light_Load
11/12/2018 05:45,4.57,5.11,0.0,0.0,100.0,48.54,77400.0,Weekday,Tuesday,Medium_Load
13/02/2018 10:30,3.78,5.06,0.0,0.0,100.0,19.17,61200.0,Weekday,Wednesday,Light_Load
21/07/2018 14:00,2.56,5.92,0.0,0.0,70.38,100.0,900.0,Weekend,Saturday,Light_Load
09/05/2018 13:45,4.92,5.03,0.0,0.0,72.56,100.0,51400.0,Weekend,Saturday,Light_Load
28/03/2018 00:00,2.66,42.64,0.0,0.0,71.18,100.0,15300.0,Weekend,Sunday,Light_Load
22/04/2018 14:00,5.24,19.56,0.0,0.0,71.57,100.0,75600.0,Weekend,Sunday,Light_Load
09/04/2018 15:30,3.28,0.0,14.13,0.0,62.74,100.0,67500.0,Weekday,Friday,Light_Load
07/06/2018 15:45,2.63,3.92,0.0,0.0,59.84,100.0,76500.0,Weekday,Wednesday,Light_Load
13/01/2018 06:45,4.75,0.0,0.0,0.01,100.0,100.0,25200.0,Weekday,Thursday,Medium_Load
29/06/2018 20:15,2.72,3.21,0.0,0.0,78.25,100.0,4500.0,Weekday,Tuesday,Light_Load
30/04/2018 06:15,2.84,0.0,17.77,0.0,72.32,100.0,57600.0,Weekend,Sunday,Light_Load
20/12/2018 02:00,4.7,0.0,4.14,0.0,49.03,100.0,83700.0,Weekday,Monday,Medium_Load
14/07/2018 16:45,3.92,0.0,0.0,0.0,48.32,100.0,76500.0,Weekend,Sunday,Light_Load
04/08/2018 00:30,2.84,6.38,0.0,0.0,96.99,100.0,11700.0,Weekend,Sunday,Maximum_Load
04/03/2018 05:15,3.6,4.18,0.0,0.0,88.99,100.0,71100.0,Weekend,Sunday,Light_Load
25/07/2018 22:45,2.03,0.0,17.81,0.0,79.9,100.0,5200.0,Weekend,Saturday,Medium_Load
11/01/2018 22:30,3.03,0.0,4.62,0.0,89.17,100.0,34100.0,Weekday,Tuesday,Maximum_Load
22/03/2018 02:15,57.57,21.51,0.0,0.0,91.85,99.96,73800.0,Weekend,Sunday,Medium_Load
16/01/2018 21:30,2.68,4.79,0.0,0.0,87.13,100.0,603.0,Weekday,Thursday,Light_Load
11/03/2018 18:45,3.17,4.61,0.0,0.0,94.4,100.0,36000.0,Weekday,Monday,Maximum_Load
18/09/2018 13:00,3.53,6.6,0.0,0.0,46.24,100.0,85500.0,Weekday,Monday,Light_Load
15/06/2018 13:30,2.98,4.25,0.0,0.0,100.0,21.66,61200.0,Weekday,Thursday,Medium_Load
04/02/2018 04:15,4.9,4.25,0.0,0.0,63.8,100.0,24300.0,Weekday,Wednesday,Light_Load
06/12/2018 06:45,3.66,0.0,0.0,0.0,46.02,100.0,15300.0,Weekend,Sunday,Light_Load
19/04/2018 00:15,4.77,5.36,0.0,0.04,100.0,18.04,16200.0,Weekday,Tuesday,Light_Load
20/07/2018 10:30,5.7,0.0,0.0,0.0,100.0,22.98,70200.0,Weekday,Friday,Light_Load
07/06/2018 08:00,3.32,5.24,0.0,0.0,57.57,100.0,28800.0,Weekday,Thursday,Medium_Load
29/10/2018 09:30,36.63,20.14,0.0,0.03,82.35,100.0,900.0,Weekday,Monday,Light_Load
24/10/2018 23:45,3.64,3.66,0.0,0.0,100.0,17.66,39600.0,Weekend,Saturday,Light_Load
30/07/2018 11:30,4.62,4.62,0.0,0.0,100.0,17.04,14500.0,Weekday,Thursday,Medium_Load
10/07/2018 11:30,3.28,6.84,0.0,0.0,100.0,100.0,15300.0,Weekday,Tuesday,Light_Load
06/09/2018 21:30,2.42,4.16,0.03,0.0,63.46,100.0,6300.0,Weekday,Monday,Medium_Load
23/05/2018 12:45,3.75,0.0,21.24,0.0,70.9,100.0,27900.0,Weekday,Friday,Light_Load
25/06/2018 02:15,3.92,4.63,0.0,0.0,100.0,20.08,40500.0,Weekday,Friday,Medium_Load
15/08/2018 03:00,3.4,0.0,0.0,0.0,93.4,100.0,4500.0,Weekend,Sunday,Light_Load
18/11/2018 21:30,2.0,0.0,12.67,0.0,91.61,100.0,63900.0,Weekend,Saturday,Medium_Load
10/11/2018 10:45,109.79,22.67,0.0,0.0,100.0,93.81,35100.0,Weekday,Monday,Maximum_Load
18/05/2018 18:00,3.75,3.0,0.0,0.0,42.94,100.0,4500.0,Weekday,Friday,Medium_Load
12/07/2018 12:30,3.54,0.0,22.13,0.04,87.34,100.0,5300.0,Weekday,Wednesday,Medium_Load
29/10/2018 07:30,3.56,3.64,0.0,0.0,100.0,23.56,81900.0,Weekday,Monday,Light_Load
24/03/2018 15:30,36.66,0.0,17.46,0.0,72.6,100.0,51300.0,Weekday,Monday,Light_Load
26/10/2018 08:00,2.62,20.28,0.0,0.0,46.28,100.0,67500.0,Weekend,Saturday,Light_Load
28/10/2018 10:00,2.5,48.8,0.0,0.0,100.0,21.57,61200.0,Weekend,Saturday,Medium_Load
02/08/2018 00:15,2.74,5.34,0.0,0.0,46.74,100.0,57600.0,Weekday,Friday,Maximum_Load
05/06/2018 03:30,4.9,4.7,0.0,0.0,100.0,20.28,75500.0,Weekend,Sunday,Light_Load
01/11/2018 20:15,2.85,0.0,0.0,0.0,100.0,26.96,64500.0,Weekday,Thursday,Maximum_Load
05/02/2018 09:15,3.92,28.14,0.0,0.0,89.84,100.0,51300.0,Weekend,Sunday,Light_Load
07/04/2018 11:45,35.17,5.46,0.0,0.0,50.94,99.93,52200.0,Weekend,Sunday,Light_Load
06/08/2018 09:15,3.9,0.0,17.35,0.01,100.0,20.01,65700.0,Weekend,Sunday,Light_Load
22/03/2018 08:15,3.64,20.21,0.0,0.03,47.46,99.11,40500.0,Weekend,Saturday,Light_Load
13/09/2018 06:00,3.97,0.0,1.0,0.0,100.0,28.02,81900.0,Weekday,Wednesday,Light_Load
05/08/2018 21:00,3.56,4.25,0.0,0.02,87.3,100.0,20700.0,Weekday,Friday,Medium_Load
09/06/2018 14:30,109.38,22.78,0.0,0.0,86.32,100.0,30600.0,Weekday,Monday,Medium_Load
29/02/2018 16:30,4.63,4.13,0.0,0.02,100.0,20.71,63900.0,Weekend,Sunday,Light_Load
11/01/2018 20:45,2.96,0.0,14.36,0.02,66.6,100.0,5400.0,Weekend,Saturday,Light_Load
05/08/2018 15:45,3.96,0.0,0.0,0.0,86.0,100.0,5400.0,Weekday,Wednesday,Medium_Load
04/08/2018 14:15,2.76,6.29,0.0,0.03,47.97,100.0,1800.0,Weekday,Thursday,Light_Load
28/04/2018 00:45,2.75,0.0,25.93,0.0,100.0,54.0,39600.0,Weekday,Tuesday,Medium_Load
19/04/2018 22:00,3.64,4.93,0.05,0.0,63.82,100.0,16200.0,Weekday,Tuesday,Medium_Load
05/09/2018 16:15,3.62,0.0,20.14,0.0,70.8,100.0,60300.0,Weekday,Friday,Medium_Load
20/08/2018 20:00,3.62,36.27,0.0,0.0,89.91,99.99,68400.0,Weekday,Wednesday,Maximum_Load
22/04/2018 15:15,2.87,0.0,10.62,0.0,100.0,18.56,37800.0,Weekday,Friday,Medium_Load
15/03/2018 18:45,3.75,4.77,0.0,0.0,71.1,100.0,12600.0,Weekend,Saturday,Light_Load
27/07/2018 02:15,3.13,4.0,0.0,0.0,62.77,100.0,14400.0,Weekend,Sunday,Light_Load
06/05/2018 11:30,62.29,15.84,0.0,0.0,91.29,100.0,24300.0,Weekday,Monday,Maximum_Load
23/11/2018 19:15,52.4,19.02,0.0,0.0,96.04,100.0,57600.0,Weekday,Thursday,Medium_Load
05/04/2018 07:45,3.74,0.0,18.64,0.0,90.4,100.0,71100.0,Weekday,Tuesday,Medium_Load
23/08/2018 23:15,3.28,2.68,0.0,0.0,100.0,23.92,55800.0,Weekday,Thursday,Maximum_Load
03/07/2018 07:00,2.75,3.13,0.0,0.03,91.07,100.0,50400.0,Weekday,Wednesday,Light_Load
02/05/2018 16:15,3.84,5.7,0.0,0.05,78.64,100.0,44000.0,Weekday,Thursday,Light_Load
03/07/2018 18:30,2.64,5.44,0.0,0.02,91.56,100.0,48600.0,Weekend,Saturday,Light_Load
14/01/2018 13:45,3.0,0.0,15.61,0.0,100.0,22.18,80100.0,Weekday,Tuesday,Medium_Load
04/04/2018 00:00,2.96,0.0,17.35,0.0,54.62,100.0,65700.0,Weekday,Friday,Light_Load
04/05/2018 06:30,3.66,4.0,0.0,0.0,57.8,100.0,64800.0,Weekend,Saturday,Light_Load
24/01/2018 06:45,2.67,5.0,0.0,0.0,48.54,100.0,15300.0,Weekend,Sunday,Light_Load
23/06/2018 01:00,2.79,0.0,11.28,0.0,100.0,44.94,67500.0,Weekday,Tuesday,Light_Load
06/09/2018 08:15,2.92,4.88,0.0,0.03,63.74,100.0,15300.0,Weekday,Wednesday,Light_Load
24/04/2018 00:15,63.98,0.0,43.8,0.0,97.29,100.0,16200.0,Weekday,Friday,Light_Load
20/11/2018 00:15,4.03,4.84,0.0,0.0,64.96,100.0,73800.0,Weekend,Saturday,Light_Load
14/05/2018 00:45,3.17,4.0,0.0,0.0,86.85,100.0,51300.0,Weekend,Saturday,Maximum_Load
21/07/2018 02:30,6.36,5.26,0.0,0.0,91.74,98.02,47700.0,Weekday,Thursday,Maximum_Load
15/02/2018 14:45,5.2,0.0,16.6,0.0,50.23,100.0,2700.0,Weekend,Saturday,Medium_Load
27/03/2018 02:30,3.85,10.6,0.0,0.0,93.64,100.0,67500.0,Weekend,Sunday,Light_Load
04/05/2018 13:15,4.72,5.18,0.0,0.0,51.77,100.0,5400.0,Weekday,Friday,Maximum_Load
26/10/2018 00:15,36.3,32.75,0.0,0.0,100.0,24.77,59400.0,Weekday,Friday,Medium_Load
18/01/2018 02:15,4.28,4.88,0.0,0.0,49.58,100.0,50400.0,Weekend,Sunday,Light_Load
08/06/2018 06:00,2.64,4.82,0.0,0.0,92.82,100.0,6300.0,Weekend,Saturday,Light_Load
18/11/2018 16:15,2.81,36.56,30.66,0.03,89.25,100.0,10800.0,Weekday,Thursday,Medium_Load
04/08/2018 05:00,2.95,5.84,0.0,0.0,62.3,100.0,10700.0,Weekend,Saturday,Light_Load
10/06/2018 01:00,40.4,5.28,0.0,0.0,89.66,100.0,51300.0,Weekday,Wednesday,Light_Load
11/02/2018 22:15,3.71,3.13,0.0,0.0,100.0,48.62,65700.0,Weekend,Sunday,Light_Load
10/05/2018 13:45,3.2,0.0,0.0,0.0,45.03,100.0,6300.0,Weekday,Friday,Light_Load
13/03/2018 16:45,63.08,31.57,0.0,0.02,93.13,100.0,74700.0,Weekday,Wednesday,Medium_Load
08/07/2018 03:45,4.95,0.0,26.96,0.0,70.32,100.0,64800.0,Weekday,Thursday,Maximum_Load
01/06/2018 18:15,3.74,4.03,0.0,0.0,62.84,100.0,48600.0,Weekday,Wednesday,Light_Load
03/06/2018 17:45,4.7,4.84,0.0,0.0,100.0,23.12,16200.0,Weekday,Friday,Light_Load
23/04/2018 09:00,3.64,34.28,0.0,0.0,71.77,100.0,4500.0,Weekday,Friday,Light_Load
15/04/2018 22:15,3.56,3.66,0.0,0.0,64.74,100.0,57600.0,Weekday,Friday,Light_Load
26/09/2018 08:45,3.7,0.0,17.92,0.0,62.46,100.0,56700.0,Weekday,Thursday,Medium_Load
04/12/2018 22:00,3.92,2.57,0.0,0.0,48.9,100.0,65800.0,Weekday,Tuesday,Maximum_Load
04/09/2018 00:30,4.1,3.74,0.0,0.0,50.03,100.0,51300.0,Weekday,Friday,Light_Load
11/12/2018 16:15,3.66,4.78,0.0,0.0,91.1,100.0,67500.0,Weekday,Tuesday,Light_Load
21/01/2018 02:45,109.08,41.17,0.0,0.0,96.64,100.0,54900.0,Weekday,Thursday,Maximum_Load
04/01/2018 14:30,3.64,4.36,0.0,0.0,50.79,100.0,83700.0,Weekday,Friday,Light_Load
04/11/2018 16:15,2.72,26.81,0.0,0.03,49.26,100.0,8100.0,Weekday,Thursday,Light_Load
26/04/2018 15:45,97.66,16.74,0.0,0.03,97.85,100.0,58500.0,Weekday,Tuesday,Maximum_Load
25/08/2018 20:00,74.35,0.0,30.03,0.0,89.92,100.0,77400.0,Weekday,Friday,Maximum_Load
10/09/2018 08:30,3.74,3.96,0.0,0.03,50.06,100.0,5300.0,Weekday,Wednesday,Medium_Load
14/12/2018 21:30,2.14,5.14,0.0,0.0,59.96,100.0,81900.0,Weekday,Thursday,Light_Load
22/09/2018 04:45,59.6,3.72,0.0,0.0,100.0,100.0,53100.0,Weekday,Thursday,Medium_Load
10/07/2018 06:45,3.7,0.0,20.66,0.0,100.0,18.7,54000.0,Weekday,Monday,Light_Load
10/04/2018 19:00,3.24,2.36,0.0,0.03,47.17,100.0,25200.0,Weekend,Saturday,Light_Load
02/09/2018 15:45,4.28,4.26,0.0,0.0,50.18,100.0,11700.0,Weekday,Wednesday,Light_Load
16/06/2018 01:30,3.64,4.84,0.0,0.0,46.13,100.0,15300.0,Weekend,Sunday,Medium_Load
16/11/2018 16:30,3.13,27.34,0.0,0.0,89.46,100.0,56800.0,Weekday,Friday,Medium_Load
31/03/2018 23:00,2.0,4.64,0.0,0.0,51.62,100.0,15300.0,Weekend,Sunday,Light_Load
23/06/2018 19:15,8.42,0.0,24.19,0.0,100.0,21.1,61300.0,Weekday,Wednesday,Light_Load
25/11/2018 04:15,2.77,6.74,0.0,0.0,94.62,20.2,67500.0,Weekend,Sunday,Maximum_Load
02/12/2018 11:15,2.54,4.62,0.24,0.0,94.6,100.0,77500.0,Weekday,Monday,Medium_Load
17/04/2018 08:30,2.53,3.7,0.0,0.0,70.24,100.0,2700.0,Weekday,Tuesday,Light_Load
01/03/2018 20:00,3.17,0.0,14.86,0.0,100.0,62.24,71100.0,Weekday,Thursday,Light_Load
05/05/2018 00:45,3.78,4.93,0.0,0.0,99.98,99.61,27900.0,Weekday,Thursday,Maximum_Load
24/09/2018 03:30,73.93,58.36,0.0,0.0,93.1,100.0,61200.0,Weekday,Wednesday,Light_Load
20/01/2018 06:45,2.74,0.0,12.79,0.0,100.0,14.35,77400.0,Weekday,Tuesday,Light_Load
23/07/2018 13:45,3.46,6.56,0.0,0.02,55.92,100.0,900.0,Weekday,Monday,Light_Load
22/09/2018 22:00,2.67,0.0,21.06,0.02,91.56,100.0,57600.0,Weekend,Saturday,Maximum_Load
24/10/2018 22:15,3.56,4.17,0.0,0.0,42.13,100.0,45900.0,Weekday,Wednesday,Light_Load
18/08/2018 14:15,2.92,4.35,0.0,0.0,100.0,17.71,54100.0,Weekend,Saturday,Maximum_Load
07/11/2018 10:45,36.66,2.92,0.0,0.01,89.54,100.0,54900.0,Weekend,Sunday,Medium_Load
01/07/2018 04:30,2.88,4.13,0.0,0.0,79.61,100.0,900.0,Weekday,Thursday,Medium_Load
24/09/2018 14:00,3.81,0.0,25.66,0.0,93.46,100.0,8200.0,Weekday,Friday,Medium_Load
18/06/2018 07:00,49.18,0.0,15.13,0.0,100.0,100.0,9000.0,Weekday,Tuesday,Maximum_Load
23/07/2018 12:45,72.82,43.57,0.0,0.04,91.98,100.0,78300.0,Weekday,Friday,Light_Load
30/07/2018 21:00,3.1,4.67,0.0,0.0,44.14,100.0,80100.0,Weekend,Saturday,Light_Load
04/12/2018 08:00,44.7,44.18,0.0,0.05,93.92,100.0,63900.0,Weekend,Sunday,Light_Load
01/08/2018 08:30,3.0,6.23,0.0,0.02,100.0,18.94,61200.0,Weekday,Friday,Light_Load
22/12/2018 13:15,3.1,4.84,0.0,0.0,100.0,19.51,24300.0,Weekday,Friday,Light_Load
27/05/2018 16:00,2.84,0.0,4.53,0.02,87.54,100.0,15300.0,Weekday,Monday,Light_Load
06/10/2018 22:15,3.95,4.95,0.0,0.04,100.0,18.14,60300.0,Weekday,Monday,Light_Load
04/01/2018 13:00,2.84,4.93,0.0,0.0,46.54,100.0,69300.0,Weekend,Saturday,Light_Load
15/01/2018 20:30,2.02,4.0,0.0,0.0,48.01,100.0,23400.0,Weekday,Tuesday,Medium_Load
20/10/2018 18:30,3.74,21.02,0.0,0.0,87.12,25.25,57600.0,Weekday,Thursday,Maximum_Load
09/12/2018 06:45,5.11,5.26,0.0,0.0,100.0,22.1,66600.0,Weekday,Friday,Light_Load
09/09/2018 19:45,4.82,4.81,0.0,0.0,97.54,100.0,12600.0,Weekday,Friday,Medium_Load
19/12/2018 20:45,3.16,2.85,0.0,0.0,100.0,100.0,51300.0,Weekday,Friday,Maximum_Load
24/07/2018 16:00,3.26,4.64,0.0,0.0,93.09,100.0,3600.0,Weekend,Saturday,Maximum_Load
14/06/2018 23:45,4.4,5.84,0.0,0.02,65.71,100.0,2700.0,Weekend,Sunday,Light_Load
16/08/2018 12:30,4.66,54.93,0.0,0.0,86.36,99.68,83700.0,Weekday,Friday,Light_Load
04/10/2018 20:45,1.35,4.35,0.0,0.0,100.0,100.0,27300.0,Weekday,Thursday,Maximum_Load
10/06/2018 02:15,3.82,4.84,0.0,0.0,48.04,100.0,83700.0,Weekday,Tuesday,Light_Load
02/08/2018 18:30,2.6,4.68,0.0,0.0,100.0,21.74,49500.0,Weekday,Thursday,Medium_Load
07/09/2018 18:15,4.62,4.61,0.0,0.0,88.48,100.0,65700.0,Weekday,Thursday,Medium_Load
20/05/2018 05:00,53.24,0.0,10.17,0.0,97.02,100.0,30600.0,Weekday,Friday,Maximum_Load
04/07/2018 17:15,3.84,0.0,20.66,0.0,44.64,100.0,57600.0,Weekday,Tuesday,Medium_Load
09/04/2018 18:45,3.86,0.0,0.0,0.0,71.16,100.0,78300.0,Weekday,Friday,Light_Load
13/06/2018 10:00,2.92,17.13,0.0,0.0,93.89,100.0,73700.0,Weekday,Friday,Medium_Load
06/06/2018 01:15,4.62,3.62,0.0,0.0,100.0,18.78,38700.0,Weekday,Thursday,Light_Load
24/12/2018 19:00,3.78,4.28,0.0,0.0,100.0,99.96,49500.0,Weekday,Monday,Maximum_Load
03/04/2018 15:45,4.28,5.21,0.0,0.0,52.94,100.0,60300.0,Weekday,Tuesday,Light_Load
25/04/2018 11:45,3.92,5.0,0.0,0.0,92.71,100.0,42300.0,Weekend,Sunday,Maximum_Load
26/09/2018 02:15,104.1,38.03,0.0,0.0,89.82,100.0,59400.0,Weekday,Wednesday,Maximum_Load
08/04/2018 21:15,2.99,0.0,11.24,0.0,100.0,53.13,52200.0,Weekday,Friday,Light_Load
11/05/2018 17:00,3.1,4.9,0.0,0.03,91.5,100.0,49500.0,Weekday,Tuesday,Medium_Load
18/07/2018 19:30,2.38,4.79,0.0,0.0,92.35,100.0,65700.0,Weekday,Monday,Medium_Load
20/03/2018 06:00,32.82,28.14,0.0,0.03,92.04,100.0,63900.0,Weekday,Monday,Maximum_Load
20/06/2018 23:15,4.75,4.28,0.0,0.0,100.0,24.4,64800.0,Weekend,Saturday,Medium_Load
09/10/2018 13:30,53.18,4.4,0.0,0.0,92.74,100.0,67500.0,Weekday,Saturday,Maximum_Load
13/11/2018 20:15,3.18,5.13,0.0,0.0,93.84,100.0,69300.0,Weekday,Friday,Medium_Load
13/11/2018 14:30,36.05,18.77,0.0,0.0,58.56,100.0,80100.0,Weekend,Saturday,Light_Load
16/10/2018 11:00,3.82,3.34,0.0,0.0,61.8,100.0,6800.0,Weekday,Wednesday,Medium_Load
28/08/2018 17:00,2.71,5.28,0.0,0.0,100.0,100.0,28800.0,Weekday,Monday,Medium_Load
13/03/2018 23:45,3.71,4.35,0.0,0.0,61.92,100.0,63900.0,Weekday,Wednesday,Light_Load
29/02/2018 13:00,3.78,3.28,0.0,0.0,100.0,11.71,71100.0,Weekday,Tuesday,Light_Load
08/01/2018 03:45,61.61,0.0,17.63,0.0,47.03,100.0,83700.0,Weekday,Friday,Maximum_Load
16/07/2018 03:00,3.92,0.0,14.4,0.0,100.0,18.64,73800.0,Weekday,Monday,Light_Load
16/12/2018 06:00,4.79,5.0,0.0,0.03,89.21,100.0,4500.0,Weekend,Sunday,Maximum_Load
15/03/2018 13:30,2.64,3.62,0.0,0.0,53.56,100.0,56700.0,Weekday,Monday,Light_Load
21/05/2018 01:45,3.81,5.46,0.0,0.0,100.0,22.46,82900.0,Weekend,Saturday,Light_Load
23/09/2018 14:15,3.91,3.93,0.0,0.04,57.5,100.0,25200.0,Weekday,Tuesday,Light_Load
27/03/2018 11:45,3.93,0.0,6.5,0.0,58.11,100.0,25200.0,Weekday,Saturday,Light_Load
18/08/2018 22:30,41.56,14.92,0.0,0.0,90.56,100.0,84600.0,Weekday,Monday,Medium_Load
07/11/2018 14:00,3.95,5.53,0.0,0.05,100.0,20.17,68400.0,Weekday,Tuesday,Light_Load
29/01/2018 07:30,2.73,21.56,0.0,0.0,93.98,100.0,83700.0,Weekday,Friday,Maximum_Load
09/04/2018 13:45,4.88,4.79,0.0,0.0,100.0,20.13,51300.0,Weekday,Tuesday,Light_Load
23/03/2018 06:30,3.71,0.0,3.61,0.0,54.54,100.0,67500.0,Weekday,Friday,Light_Load
10/05/2018 07:45,63.11,4.81,0.0,0.03,100.0,99.98,51300.0,Weekend,Saturday,Light_Load
03/08/2018 05:30,3.68,6.36,0.0,0.0,100.0,24.57,10700.0,Weekend,Sunday,Maximum_Load
03/09/2018 12:15,55.13,11.34,0.0,0.0,100.0,99.99,14400.0,Weekday,Monday,Medium_Load
08/01/2018 14:15,57.13,0.0,26.1,0.0,52.48,100.0,51900.0,Weekday,Thursday,Light_Load
07/05/2018 19:00,3.64,6.6,0.0,0.0,79.6,100.0,18000.0,Weekday,Wednesday,Light_Load
13/07/2018 01:45,3.74,5.01,0.0,0.0,100.0,48.57,25200.0,Weekday,Thursday,Light_Load
11/09/2018 01:15,3.92,2.56,0.0,0.0,57.13,100.0,39600.0,Weekday,Friday,Light_Load
02/07/2018 08:00,3.64,23.18,0.0,0.0,94.51,100.0,52100.0,Weekday,Friday,Light_Load
05/09/2018 22:00,2.77,4.64,0.0,0.0,57.6,100.0,76500.0,Weekday,Wednesday,Light_Load
15/03/2018 04:15,4.56,4.66,0.0,0.0,100.0,100.0,58500.0,Weekday,Tuesday,Maximum_Load
03/12/2018 10:00,3.17,0.0,18.28,0.02,95.62,100.0,20700.0,Weekend,Sunday,Light_Load
31/05/2018 06:15,3.92,3.14,0.0,0.05,99.79,100.0,57600.0,Weekday,Tuesday,Medium_Load
13/07/2018 04:45,2.02,5.54,0.0,0.02,93.8,100.0,30600.0,Weekday,Thursday,Maximum_Load
18/04/2018 21:45,3.16,15.34,0.0,0.0,48.06,100.0,10800.0,Weekend,Saturday,Light_Load
10/04/2018 08:45,4.57,4.68,0.0,0.0,48.94,100.0,6300.0,Weekend,Sunday,Light_Load
04/03/2018 18:15,57.98,0.0,25.13,0.0,100.0,27.25,41400.0,Weekday,Thursday,Light_Load
23/12/2018 15:00,7.81,0.0,11.18,0.03,100.0,12.11,76500.0,Weekday,Friday,Light_Load
25/03/2018 14:45,110.06,30.82,0.0,0.0,95.92,99.97,42300.0,Weekend,Sunday,Medium_Load
06/09/2018 04:00,3.2,0.0,16.96,0.0,99.99,100.0,28800.0,Weekday,Thursday,Medium_Load
10/01/2018 12:00,2.95,0.0,0.0,0.0,100.0,25.21,61200.0,Weekday,Monday,Light_Load
10/01/2018 06:45,2.94,5.61,0.0,0.0,100.0,22.77,67500.0,Weekday,Thursday,Medium_Load
16/11/2018 14:15,39.88,0.0,13.38,0.02,100.0,89.74,12600.0,Weekend,Sunday,Maximum_Load
05/12/2018 19:30,4.66,4.74,0.0,0.03,53.48,100.0,47700.0,Weekday,Friday,Light_Load
11/02/2018 16:45,3.7,0.0,24.48,0.02,100.0,18.88,78300.0,Weekday,Friday,Light_Load
02/02/2018 23:00,3.77,4.36,0.0,0.0,90.38,100.0,67500.0,Weekday,Friday,Light_Load
01/11/2018 15:45,2.36,0.0,4.6,0.0,100.0,22.18,40500.0,Weekday,Tuesday,Light_Load
24/05/2018 08:15,4.1,4.46,0.0,0.0,88.11,100.0,79200.0,Weekday,Monday,Medium_Load
12/04/2018 18:45,109.2,42.0,0.0,0.03,92.18,97.99,85500.0,Weekend,Sunday,Maximum_Load
11/09/2018 01:15,3.0,5.02,0.0,0.0,90.84,100.0,60300.0,Weekday,Thursday,Light_Load
28/03/2018 19:30,5.18,4.93,0.0,0.0,100.0,24.79,17100.0,Weekday,Monday,Light_Load
01/05/2018 20:00,2.68,4.92,0.0,0.0,100.0,18.94,82100.0,Weekday,Tuesday,Maximum_Load
12/09/2018 20:45,3.66,2.2,0.0,0.0,90.99,100.0,57600.0,Weekday,Thursday,Maximum_Load
14/10/2018 01:15,2.81,0.0,12.96,0.02,87.17,100.0,56700.0,Weekend,Saturday,Light_Load
09/09/2018 06:45,3.28,6.92,0.0,0.0,99.08,100.0,80100.0,Weekend,Sunday,Medium_Load
24/07/2018 01:30,42.83,4.64,0.0,0.03,89.61,100.0,79200.0,Weekend,Saturday,Light_Load
14/06/2018 18:45,3.88,0.0,25.56,0.0,48.08,100.0,77400.0,Weekday,Wednesday,Maximum_Load
27/10/2018 08:30,3.28,4.82,0.0,0.0,100.0,17.24,71100.0,Weekday,Monday,Maximum_Load
14/10/2018 08:30,3.81,4.75,0.0,0.0,70.77,100.0,45900.0,Weekend,Sunday,Light_Load
03/06/2018 00:15,2.88,4.64,0.0,0.0,100.0,100.0,52200.0,Weekday,Thursday,Medium_Load
29/03/2018 13:45,2.65,4.03,0.0,0.0,49.11,100.0,67500.0,Weekday,Monday,Light_Load
07/06/2018 00:15,3.85,3.66,0.0,0.0,51.75,100.0,67500.0,Weekday,Tuesday,Medium_Load
04/09/2018 23:30,45.17,17.93,0.0,0.0,79.02,100.0,81900.0,Weekday,Wednesday,Maximum_Load
05/11/2018 23:15,54.98,0.0,17.58,0.01,47.17,100.0,27700.0,Weekday,Friday,Medium_Load
18/10/2018 06:00,3.78,2.67,0.0,0.01,96.1,99.99,80100.0,Weekday,Tuesday,Maximum_Load
20/07/2018 03:30,3.7,4.68,0.0,0.0,82.49,100.0,45900.0,Weekday,Saturday,Medium_Load
22/01/2018 20:30,3.02,4.83,0.0,0.0,53.64,100.0,56700.0,Weekday,Tuesday,Light_Load
20/03/2018 19:45,34.64,5.17,0.0,0.0,87.96,100.0,34100.0,Weekday,Wednesday,Light_Load
12/10/2018 15:15,3.85,3.17,0.0,0.02,89.98,100.0,23400.0,Weekday,Thursday,Light_Load
25/01/2018 23:15,4.81,5.07,0.0,0.0,100.0,100.0,5400.0,Weekend,Saturday,Medium_Load
05/04/2018 12:45,2.85,0.0,11.32,0.04,87.54,100.0,55800.0,Weekday,Thursday,Light_Load
20/06/2018 06:00,2.66,4.84,0.0,0.02,88.03,100.0,74700.0,Weekday,Thursday,Maximum_Load
05/03/2018 18:00,3.02,25.38,0.0,0.0,86.49,100.0,52200.0,Weekday,Tuesday,Maximum_Load
05/06/2018 18:45,3.9,14.11,0.0,0.0,100.0,100.0,15300.0,Weekday,Tuesday,Medium_Load
18/01/2018 07:00,2.2,4.2,0.0,0.0,100.0,18.64,68400.0,Weekday,Wednesday,Medium_Load
10/03/2018 12:30,3.76,0.0,29.6,0.0,57.4,100.0,20700.0,Weekday,Monday,Light_Load
22/09/2018 11:15,3.75,0.0,20.53,0.04,61.36,100.0,55800.0,Weekend,Saturday,Light_Load
04/09/2018 21:45,3.21,2.86,0.0,0.0,72.0,100.0,900.0,Weekday,Friday,Light_Load
31/01/2018 18:45,3.5,0.0,24.6,0.0,81.88,100.0,75500.0,Weekend,Sunday,Light_Load
26/11/2018 14:45,44.1,4.74,0.0,0.04,100.0,100.0,70300.0,Weekday,Wednesday,Light_Load
02/08/2018 19:00,3.0,5.9,0.0,0.0,48.66,100.0,51300.0,Weekday,Tuesday,Light_Load
22/01/2018 15:30,3.72,4.61,0.0,0.0,74.93,100.0,60300.0,Weekday,Thursday,Medium_Load
22/11/2018 18:30,43.02,5.8,0.0,0.02,94.13,100.0,38700.0,Weekday,Monday,Maximum_Load
15/10/2018 00:45,2.95,4.95,0.0,0.0,53.61,100.0,60300.0,Weekday,Tuesday,Light_Load
26/07/2018 02:45,2.0,4.68,0.0,0.0,85.46,100.0,77500.0,Weekday,Monday,Light_Load
13/12/2018 11:15,2.66,0.0,0.0,0.02,53.84,100.0,64800.0,Weekday,Thursday,Medium_Load
16/11/2018 14:45,3.14,4.53,0.0,0.0,46.3,100.0,61200.0,Weekend,Sunday,Light_Load
04/08/2018 19:15,3.81,0.0,5.38,0.0,91.02,100.0,80100.0,Weekday,Thursday,Maximum_Load
02/09/2018 00:30,48.9,26.54,0.0,0.0,100.0,100.0,52200.0,Weekday,Monday,Medium_Load
05/12/2018 17:30,2.74,4.61,0.0,0.0,62.04,100.0,83700.0,Weekend,Sunday,Light_Load
13/08/2018 16:15,3.64,0.0,20.71,0.0,100.0,18.64,65800.0,Weekday,Friday,Light_Load
10/01/2018 09:45,5.03,0.0,21.35,0.0,70.47,100.0,23500.0,Weekday,Tuesday,Light_Load
28/02/2018 22:15,32.66,6.81,0.0,0.0,93.42,100.0,72900.0,Weekend,Saturday,Light_Load
06/10/2018 10:45,105.17,4.64,0.0,0.0,87.85,100.0,37800.0,Weekday,Sunday,Medium_Load
20/11/2018 06:00,3.53,5.96,0.0,0.0,45.14,100.0,71100.0,Weekend,Saturday,Medium_Load
19/11/2018 18:45,3.67,6.02,0.0,0.0,100.0,100.0,76500.0,Weekday,Monday,Light_Load
03/08/2018 13:15,109.92,50.78,0.0,0.03,99.99,99.99,60400.0,Weekday,Monday,Maximum_Load
04/08/2018 16:45,3.2,5.06,0.0,0.0,86.7,100.0,66600.0,Weekday,Tuesday,Medium_Load
27/06/2018 16:00,3.85,5.35,0.0,0.0,68.14,100.0,51300.0,Weekend,Saturday,Light_Load
24/06/2018 16:00,3.79,0.0,0.0,0.03,100.0,100.0,74900.0,Weekday,Thursday,Medium_Load
20/10/2018 14:15,44.61,5.17,0.0,0.0,86.66,100.0,69300.0,Weekday,Tuesday,Maximum_Load
17/09/2018 02:15,4.1,5.54,0.0,0.02,49.77,100.0,84600.0,Weekend,Sunday,Maximum_Load
18/06/2018 15:00,5.4,3.56,0.0,0.02,42.13,100.0,77400.0,Weekend,Sunday,Light_Load
15/11/2018 18:15,6.1,5.14,4.64,0.0,100.0,19.23,71100.0,Weekend,Sunday,Maximum_Load
13/09/2018 00:45,4.61,0.0,12.23,0.0,91.38,100.0,10800.0,Weekday,Sunday,Light_Load
04/07/2018 17:30,4.02,0.0,0.0,0.03,61.24,100.0,8100.0,Weekday,Thursday,Medium_Load
19/05/2018 00:30,2.84,0.0,0.0,0.03,100.0,18.7,30600.0,Weekend,Saturday,Medium_Load
10/05/2018 03:45,2.81,0.0,5.64,0.0,69.11,100.0,81900.0,Weekday,Friday,Light_Load
24/01/2018 22:00,2.94,4.93,0.0,0.03,100.0,93.18,6300.0,Weekday,Tuesday,Maximum_Load
22/03/2018 16:15,3.1,4.53,0.0,0.0,53.25,100.0,45900.0,Weekend,Saturday,Light_Load
17/01/2018 04:00,50.6,53.5,0.0,0.0,99.95,99.49,61200.0,Weekday,Friday,Medium_Load
21/10/2018 22:45,3.51,44.7,0.0,0.0,100.0,18.71,8100.0,Weekday,Friday,Light_Load
29/04/2018 17:30,3.64,2.75,0.0,0.02,78.15,100.0,60300.0,Weekday,Monday,Light_Load
18/01/2018 04:00,41.93,32.66,0.6,0.0,93.9,100.0,80100.0,Weekday,Thursday,Maximum_Load
07/10/2018 03:45,3.96,27.74,0.0,0.0,100.0,19.07,26900.0,Weekday,Thursday,Light_Load
20/07/2018 17:45,4.93,6.13,0.0,0.0,90.0,100.0,54100.0,Weekend,Saturday,Maximum_Load
18/11/2018 07:45,3.96,0.0,19.92,0.0,97.99,100.0,6500.0,Weekday,Friday,Maximum_Load
03/12/2018 00:00,3.71,0.0,26.9,0.01,48.77,100.0,61200.0,Weekday,Thursday,Light_Load
16/10/2018 16:15,2.02,6.56,13.53,0.0,88.35,100.0,68400.0,Weekend,Sunday,Maximum_Load
20/01/2018 17:30,3.67,5.28,0.0,0.0,53.0,100.0,37800.0,Weekend,Sunday,Maximum_Load
15/06/2018 11:45,3.16,4.92,0.0,0.0,100.0,19.23,30600.0,Weekend,Sunday,Light_Load
31/04/2018 14:00,30.79,4.46,0.0,0.0,100.0,100.0,900.0,Weekday,Tuesday,Medium_Load
03/10/2018 14:45,3.2,3.75,0.0,0.02,99.99,100.0,84600.0,Weekend,Sunday,Light_Load
24/04/2018 06:45,56.13,43.61,0.0,0.0,82.01,100.0,67400.0,Weekend,Sunday,Maximum_Load
09/05/2018 17:15,3.84,5.17,0.0,0.0,70.9,100.0,31500.0,Weekday,Thursday,Maximum_Load
20/07/2018 08:45,2.81,4.73,0.0,0.0,100.0,19.64,81900.0,Weekend,Saturday,Light_Load
24/02/2018 03:15,4.56,3.16,0.0,0.0,72.1,100.0,76500.0,Weekday,Friday,Light_Load
19/08/2018 05:00,63.3,53.54,0.0,0.0,88.4,99.99,81900.0,Weekend,Saturday,Maximum_Load
27/06/2018 02:00,81.2,0.0,0.0,0.0,93.57,100.0,67400.0,Weekday,Friday,Medium_Load
12/07/2018 19:15,3.74,18.29,0.0,0.0,100.0,18.54,57600.0,Weekday,Thursday,Light_Load
03/02/2018 14:45,3.56,0.0,17.06,0.0,100.0,21.95,66600.0,Weekend,Saturday,Light_Load
03/07/2018 10:30,3.95,49.84,0.0,0.0,87.1,100.0,6300.0,Weekday,Tuesday,Light_Load
03/12/2018 10:00,3.66,4.93,0.0,0.02,50.39,100.0,51300.0,Weekday,Tuesday,Light_Load
14/02/2018 07:30,2.67,0.0,20.26,0.0,99.91,100.0,67500.0,Weekend,Saturday,Maximum_Load
18/05/2018 04:45,3.92,4.77,0.0,0.0,46.11,100.0,32400.0,Weekend,Saturday,Light_Load
27/09/2018 17:45,91.38,30.54,0.0,0.02,47.14,100.0,56700.0,Weekday,Wednesday,Medium_Load
22/05/2018 22:45,5.0,5.54,0.0,0.03,81.03,100.0,1800.0,Weekday,Friday,Light_Load
07/11/2018 00:30,57.28,24.7,0.0,0.0,100.0,100.0,51300.0,Weekday,Monday,Light_Load
08/04/2018 09:30,3.84,5.7,0.0,0.0,53.16,100.0,57600.0,Weekday,Thursday,Light_Load
09/11/2018 04:30,3.03,5.42,0.0,0.03,100.0,24.71,74700.0,Weekend,Sunday,Light_Load
29/03/2018 00:15,3.74,6.02,0.0,0.02,47.7,100.0,12600.0,Weekday,Friday,Medium_Load
14/09/2018 23:15,3.82,4.13,0.0,0.0,100.0,100.0,72900.0,Weekday,Wednesday,Medium_Load
02/04/2018 09:15,3.64,4.68,0.0,0.0,47.57,100.0,9000.0,Weekday,Thursday,Maximum_Load
05/03/2018 01:45,3.56,4.14,0.0,0.0,100.0,28.77,24300.0,Weekend,Saturday,Light_Load
22/10/2018 15:15,3.54,4.93,0.0,0.0,91.54,100.0,12600.0,Weekday,Friday,Light_Load
05/08/2018 05:15,3.85,6.54,0.0,0.0,51.14,100.0,26100.0,Weekend,Saturday,Light_Load
07/11/2018 21:30,6.56,4.18,0.0,0.0,68.6,100.0,8100.0,Weekday,Friday,Light_Load
19/10/2018 09:15,3.74,5.9,0.0,0.0,61.28,100.0,74900.0,Weekday,Wednesday,Light_Load
07/11/2018 20:30,3.17,5.03,0.0,0.02,56.9,100.0,783000.0,Weekday,Wednesday,Medium_Load
06/10/2018 09:30,3.56,5.18,0.0,0.0,56.92,100.0,71100.0,Weekday,Thursday,Light_Load
18/01/2018 21:30,36.54,0.0,16.88,0.0,74.66,100.0,80100.0,Weekend,Sunday,Light_Load
10/09/2018 22:00,33.25,4.5,0.0,0.0,99.99,99.98,76500.0,Weekend,Saturday,Light_Load
25/03/2018 10:00,4.68,5.24,0.0,0.02,43.4,100.0,55800.0,Weekday,Tuesday,Light_Load
10/04/2018 14:30,2.28,2.81,0.0,0.0,76.29,100.0,67500.0,Weekday,Friday,Medium_Load
07/12/2018 05:45,3.46,3.84,0.0,0.0,42.54,100.0,67500.0,Weekday,Thursday,Light_Load
18/12/2018 02:45,52.92,0.0,17.7,0.02,100.0,17.57,50400.0,Weekday,Thursday,Medium_Load
29/05/2018 00:00,2.64,5.04,0.0,0.0,100.0,100.0,61200.0,Weekend,Saturday,Medium_Load
13/08/2018 01:45,2.64,4.14,0.0,0.0,95.17,100.0,27900.0,Weekday,Wednesday,Light_Load
05/06/2018 05:00,47.8,21.82,0.0,0.0,63.88,100.0,77400.0,Weekend,Saturday,Light_Load
04/03/2018 13:00,2.76,4.88,0.0,0.0,49.4,100.0,18900.0,Weekday,Tuesday,Medium_Load
21/05/2018 09:00,4.56,26.34,0.0,0.0,93.21,100.0,53900.0,Weekend,Saturday,Light_Load
22/06/2018 07:00,3.78,5.16,0.0,0.05,89.25,100.0,21600.0,Weekend,Saturday,Maximum_Load
11/07/2018 05:15,4.82,5.0,0.0,0.0,53.64,100.0,71100.0,Weekend,Saturday,Maximum_Load
18/11/2018 18:00,3.98,5.4,0.0,0.0,100.0,23.09,83700.0,Weekend,Saturday,Light_Load
20/05/2018 21:45,2.81,5.14,0.0,0.04,100.0,20.28,18100.0,Weekday,Tuesday,Light_Load
07/01/2018 23:45,4.95,4.02,0.0,0.0,93.99,100.0,78300.0,Weekday,Tuesday,Maximum_Load
14/04/2018 04:00,2.93,50.1,0.0,0.03,100.0,23.18,78300.0,Weekend,Saturday,Medium_Load
06/06/2018 02:45,35.61,3.14,16.31,0.0,87.11,100.0,51300.0,Weekend,Saturday,Light_Load
11/04/2018 18:15,3.1,5.56,0.0,0.0,53.11,100.0,48600.0,Weekday,Friday,Medium_Load
22/11/2018 02:00,4.0,4.18,0.0,0.0,100.0,21.88,38700.0,Weekday,Thursday,Maximum_Load
04/10/2018 02:30,3.28,4.02,0.0,0.0,76.6,100.0,60300.0,Weekday,Tuesday,Light_Load
22/06/2018 15:45,4.77,21.06,0.0,0.0,97.04,100.0,50400.0,Weekday,Thursday,Medium_Load
25/11/2018 13:30,3.68,4.61,0.0,0.0,100.0,100.0,80100.0,Weekend,Saturday,Medium_Load
11/01/2018 00:45,3.81,3.02,0.0,0.03,45.25,100.0,62800.0,Weekend,Sunday,Light_Load
09/03/2018 19:00,95.26,20.66,0.0,0.05,89.13,100.0,50200.0,Weekday,Friday,Medium_Load
11/04/2018 03:45,3.26,0.0,21.08,0.0,100.0,20.82,51800.0,Weekday,Friday,Light_Load
16/05/2018 15:45,54.9,4.1,0.0,0.0,100.0,100.0,12600.0,Weekday,Friday,Medium_Load
03/12/2018 09:45,2.92,3.6,0.0,0.0,56.7,100.0,67500.0,Weekend,Sunday,Light_Load
12/07/2018 19:30,4.88,5.24,0.0,0.0,100.0,20.88,38700.0,Weekend,Sunday,Light_Load
15/11/2018 01:00,43.44,0.0,0.0,0.03,100.0,99.99,83700.0,Weekday,Thursday,Maximum_Load
04/12/2018 01:00,4.17,4.81,0.0,0.03,100.0,19.62,4500.0,Weekend,Saturday,Light_Load
20/10/2018 23:45,62.61,27.99,0.0,0.03,87.77,100.0,77400.0,Weekend,Saturday,Maximum_Load
27/07/2018 08:00,2.17,4.06,4.72,0.01,97.98,100.0,8100.0,Weekday,Tuesday,Maximum_Load
29/04/2018 07:45,4.62,4.0,0.0,0.02,44.98,100.0,9000.0,Weekday,Monday,Light_Load
19/09/2018 19:15,4.77,26.14,0.0,0.0,100.0,100.0,57700.0,Weekday,Wednesday,Medium_Load
14/02/2018 14:45,3.0,4.84,0.0,0.03,98.06,100.0,8100.0,Weekday,Tuesday,Medium_Load
12/06/2018 20:45,2.82,4.62,0.0,0.0,100.0,13.82,71100.0,Weekday,Monday,Light_Load
18/08/2018 09:15,3.17,4.77,0.0,0.0,50.23,100.0,78300.0,Weekday,Monday,Light_Load
20/12/2018 09:00,3.74,26.94,0.0,0.0,51.11,100.0,56700.0,Weekday,Tuesday,Maximum_Load
27/10/2018 04:15,4.74,47.63,0.0,0.0,100.0,100.0,72900.0,Weekend,Sunday,Maximum_Load
24/03/2018 07:45,42.92,5.03,0.0,0.0,97.54,99.97,900.0,Weekend,Sunday,Medium_Load
23/09/2018 19:15,5.56,6.92,0.0,0.0,93.17,99.94,51300.0,Weekday,Thursday,Light_Load
09/09/2018 22:30,2.94,4.74,0.0,0.0,58.44,100.0,84600.0,Weekend,Sunday,Light_Load
20/12/2018 13:45,2.82,13.3,0.0,0.0,48.26,100.0,25300.0,Weekday,Thursday,Light_Load
20/07/2018 00:00,81.98,29.57,0.0,0.03,88.17,100.0,59400.0,Weekend,Saturday,Medium_Load
14/03/2018 18:15,101.5,57.18,0.0,0.03,99.34,100.0,41400.0,Weekday,Tuesday,Maximum_Load
09/01/2018 02:30,40.0,33.64,0.0,0.04,59.6,100.0,84600.0,Weekday,Monday,Light_Load
08/09/2018 21:30,4.44,24.14,0.0,0.0,88.04,100.0,49500.0,Weekday,Friday,Light_Load
29/07/2018 08:00,90.82,0.0,17.92,0.0,58.61,100.0,27000.0,Weekday,Wednesday,Light_Load
20/10/2018 00:00,2.74,3.35,0.0,0.0,100.0,28.35,11700.0,Weekday,Tuesday,Light_Load
18/09/2018 21:15,72.28,41.67,0.0,0.04,100.0,16.01,57600.0,Weekday,Friday,Maximum_Load
29/04/2018 01:15,4.0,4.0,0.0,0.05,100.0,100.0,77400.0,Weekday,Friday,Maximum_Load
24/07/2018 03:30,3.2,4.21,0.0,0.05,100.0,21.35,7800.0,Weekday,Thursday,Light_Load
07/09/2018 12:30,3.56,4.36,0.0,0.0,56.8,100.0,75500.0,Weekend,Sunday,Light_Load
14/06/2018 01:45,3.96,4.44,0.0,0.0,100.0,20.04,61200.0,Weekday,Friday,Medium_Load
05/01/2018 05:15,2.85,2.56,0.0,0.0,72.07,100.0,83700.0,Weekend,Sunday,Light_Load
31/11/2018 03:45,63.48,5.25,0.0,0.0,100.0,88.56,8100.0,Weekday,Monday,Light_Load
04/03/2018 12:30,2.96,3.42,0.0,0.0,50.24,100.0,71100.0,Weekend,Saturday,Light_Load
04/07/2018 07:00,4.66,4.38,0.0,0.0,100.0,62.54,63900.0,Weekday,Thursday,Maximum_Load
22/10/2018 18:30,3.9,0.0,17.62,0.0,96.1,100.0,54800.0,Weekend,Saturday,Light_Load
13/04/2018 12:45,7.18,14.35,0.0,0.0,82.18,100.0,22500.0,Weekday,Wednesday,Medium_Load
07/12/2018 05:45,53.32,0.0,21.51,0.02,100.0,100.0,50400.0,Weekend,Sunday,Maximum_Load
29/04/2018 02:45,2.66,0.0,3.03,0.05,100.0,24.2,76500.0,Weekday,Tuesday,Light_Load
01/10/2018 19:15,2.02,5.31,0.0,0.0,100.0,22.64,17100.0,Weekday,Tuesday,Light_Load
13/08/2018 04:45,3.63,4.66,0.0,0.0,100.0,19.01,46800.0,Weekday,Wednesday,Light_Load
28/11/2018 15:00,3.61,5.13,0.0,0.0,70.66,100.0,24300.0,Weekday,Monday,Light_Load
16/12/2018 15:15,2.44,0.0,17.95,0.0,81.14,100.0,3200.0,Weekday,Thursday,Light_Load
16/10/2018 09:15,3.61,0.0,4.56,0.0,100.0,17.62,83700.0,Weekday,Friday,Maximum_Load
07/09/2018 02:30,3.63,3.06,0.0,0.0,47.93,100.0,25200.0,Weekday,Friday,Light_Load
06/10/2018 07:15,3.56,4.92,0.0,0.0,86.53,100.0,22500.0,Weekend,Sunday,Maximum_Load
05/08/2018 02:00,3.53,6.77,0.0,0.0,41.71,100.0,16200.0,Weekday,Thursday,Light_Load
20/03/2018 22:45,3.17,51.03,0.0,0.0,96.51,100.0,69400.0,Weekday,Monday,Maximum_Load
21/11/2018 09:15,4.38,32.64,0.0,0.0,88.35,100.0,61200.0,Weekday,Tuesday,Light_Load
30/11/2018 03:45,3.35,0.0,13.18,0.0,93.24,100.0,69300.0,Weekday,Wednesday,Maximum_Load
24/04/2018 06:00,3.84,3.66,0.0,0.0,100.0,18.66,30600.0,Weekday,Monday,Light_Load
10/11/2018 15:15,3.66,41.36,0.0,0.0,86.18,100.0,78300.0,Weekend,Sunday,Maximum_Load
06/03/2018 11:30,3.56,5.54,0.0,0.0,91.7,100.0,71100.0,Weekend,Saturday,Medium_Load
27/08/2018 17:15,3.74,2.64,0.0,0.0,100.0,100.0,60300.0,Weekday,Thursday,Medium_Load
05/12/2018 18:45,3.96,4.68,0.0,0.0,55.48,100.0,70200.0,Weekend,Sunday,Light_Load
13/06/2018 08:45,3.84,0.0,16.12,0.01,100.0,18.81,73800.0,Weekday,Tuesday,Light_Load
20/03/2018 19:45,3.72,7.39,0.0,0.0,100.0,18.96,28800.0,Weekday,Monday,Light_Load
13/08/2018 18:45,2.94,4.93,0.0,0.0,100.0,24.13,9000.0,Weekday,Wednesday,Light_Load
06/11/2018 20:30,2.66,4.92,0.0,0.0,100.0,29.1,60300.0,Weekday,Monday,Light_Load
03/09/2018 08:45,4.67,4.64,0.0,0.02,80.1,100.0,66600.0,Weekday,Tuesday,Light_Load
31/07/2018 09:15,37.75,4.1,0.0,0.0,76.79,100.0,4500.0,Weekday,Friday,Maximum_Load
10/10/2018 13:15,47.8,24.38,0.0,0.04,100.0,25.95,16200.0,Weekday,Wednesday,Light_Load
28/09/2018 15:30,2.75,0.0,0.0,0.0,92.74,100.0,18000.0,Weekday,Tuesday,Light_Load
18/07/2018 03:30,3.18,0.0,4.25,0.0,100.0,100.0,77400.0,Weekday,Wednesday,Maximum_Load
9/10/2018 16:45,2.66,0.0,25.46,0.0,100.0,18.29,57600.0,Weekday,Monday,Medium_Load
08/02/2018 16:30,102.3,0.0,19.54,0.02,87.4,100.0,32400.0,Weekday,Tuesday,Maximum_Load
16/11/2018 09:00,58.34,44.9,0.0,0.02,92.84,100.0,41400.0,Weekday,Friday,Maximum_Load
27/07/2018 19:30,3.66,4.0,0.0,0.0,92.3,100.0,70100.0,Weekday,Tuesday,Medium_Load
10/06/2018 19:45,3.21,14.66,0.0,0.0,58.46,100.0,2700.0,Weekday,Saturday,Light_Load
13/09/2018 10:45,56.06,1.0,0.0,0.05,88.31,100.0,60300.0,Weekday,Friday,Maximum_Load
20/07/2018 07:30,4.98,6.17,0.0,0.0,100.0,20.56,30600.0,Weekend,Saturday,Light_Load
14/04/2018 15:30,109.84,4.74,0.0,0.02,88.17,100.0,71100.0,Weekday,Tuesday,Light_Load
18/10/2018 12:45,3.84,5.0,0.0,0.0,47.29,100.0,30600.0,Weekend,Sunday,Medium_Load
09/11/2018 15:15,2.66,0.0,17.18,0.0,100.0,100.0,9000.0,Weekday,Tuesday,Maximum_Load
23/07/2018 06:45,3.0,5.64,0.0,0.0,53.34,100.0,84600.0,Weekday,Monday,Light_Load
12/09/2018 21:45,36.61,5.25,0.0,0.02,100.0,23.38,35100.0,Weekend,Saturday,Medium_Load
05/08/2018 22:00,3.77,0.0,0.0,0.0,71.61,100.0,69300.0,Weekend,Sunday,Light_Load
12/12/2018 03:45,5.02,4.26,0.05,0.0,51.04,100.0,34100.0,Weekend,Saturday,Light_Load
25/04/2018 06:30,2.91,4.56,0.0,0.0,87.57,100.0,30600.0,Weekend,Saturday,Light_Load
22/01/2018 13:30,2.66,29.08,0.0,0.0,69.81,100.0,23400.0,Weekday,Friday,Light_Load
10/09/2018 18:00,6.17,3.64,0.0,0.0,100.0,100.0,84600.0,Weekday,Wednesday,Light_Load
27/03/2018 14:15,4.92,0.0,18.13,0.05,100.0,24.93,72900.0,Weekday,Tuesday,Maximum_Load
03/02/2018 09:15,41.66,0.0,15.22,0.0,100.0,22.51,36900.0,Weekday,Monday,Light_Load
14/04/2018 01:15,3.0,3.81,0.0,0.0,54.14,100.0,76500.0,Weekday,Wednesday,Light_Load
18/08/2018 19:00,2.7,24.16,0.0,0.03,68.74,100.0,4500.0,Weekend,Saturday,Light_Load
13/10/2018 22:30,3.75,4.61,0.0,0.0,51.21,100.0,64600.0,Weekend,Saturday,Light_Load
28/10/2018 19:45,3.7,11.25,0.0,0.0,88.93,100.0,75500.0,Weekend,Saturday,Light_Load
13/07/2018 18:00,2.6,5.54,0.0,0.0,59.54,100.0,2700.0,Weekday,Wednesday,Light_Load
29/11/2018 23:30,3.66,5.4,0.0,0.0,95.06,100.0,57600.0,Weekday,Friday,Light_Load
24/07/2018 15:45,69.51,27.13,0.0,0.03,92.94,100.0,56700.0,Weekday,Thursday,Maximum_Load
01/10/2018 19:45,43.84,2.96,0.0,0.0,100.0,53.06,56700.0,Weekday,Tuesday,Light_Load
22/02/2018 10:00,3.54,3.81,0.0,0.04,50.2,100.0,70200.0,Weekday,Friday,Light_Load
08/06/2018 21:15,72.74,50.0,0.0,0.05,82.47,100.0,77400.0,Weekday,Thursday,Light_Load
13/07/2018 22:15,51.63,18.44,0.0,0.05,100.0,100.0,63900.0,Weekday,Friday,Medium_Load
10/05/2018 17:15,3.96,0.0,11.57,0.0,100.0,17.35,18000.0,Weekend,Saturday,Light_Load
10/02/2018 20:30,39.81,23.61,0.0,0.0,100.0,24.96,80100.0,Weekend,Saturday,Light_Load
22/12/2018 19:45,3.02,5.28,0.0,0.0,51.21,100.0,67500.0,Weekday,Friday,Light_Load
02/06/2018 01:15,3.74,6.29,0.0,0.0,82.51,100.0,11700.0,Weekday,Friday,Light_Load
29/01/2018 03:15,3.95,0.0,23.81,0.0,91.84,100.0,78300.0,Weekday,Sunday,Maximum_Load
17/07/2018 02:00,2.84,0.0,21.61,0.0,100.0,21.03,77400.0,Weekday,Tuesday,Medium_Load
12/04/2018 01:15,3.85,3.25,0.0,0.0,58.46,100.0,9200.0,Weekday,Thursday,Light_Load
13/01/2018 04:15,3.81,0.0,6.81,0.0,100.0,23.4,83700.0,Weekday,Friday,Light_Load
24/03/2018 14:30,3.72,4.61,0.0,0.0,100.0,17.18,28800.0,Weekday,Thursday,Light_Load
09/03/2018 15:00,4.02,0.0,25.54,0.0,81.53,100.0,48600.0,Weekend,Sunday,Medium_Load
03/08/2018 04:15,44.2,28.8,0.0,0.03,91.5,100.0,4500.0,Weekday,Friday,Light_Load
24/12/2018 07:45,109.11,0.0,21.56,0.04,99.98,99.96,76500.0,Weekday,Tuesday,Medium_Load
10/08/2018 12:30,3.0,4.66,0.0,0.0,93.7,100.0,61200.0,Weekday,Friday,Medium_Load
06/06/2018 03:15,3.62,4.9,0.0,0.0,99.93,99.95,3.0,Weekday,Sunday,Medium_Load
27/09/2018 19:45,4.82,0.0,16.18,0.0,100.0,18.56,52100.0,Weekday,Monday,Maximum_Load
13/11/2018 05:30,41.36,4.63,0.0,0.0,89.02,100.0,73800.0,Weekday,Monday,Light_Load
19/11/2018 00:30,42.74,38.79,0.0,0.02,90.56,100.0,67500.0,Weekday,Sunday,Medium_Load
14/11/2018 19:45,2.03,6.84,0.0,0.0,98.11,100.0,15400.0,Weekday,Friday,Light_Load
22/07/2018 02:15,3.92,6.11,0.0,0.0,88.21,100.0,17200.0,Weekday,Thursday,Medium_Load
18/10/2018 04:45,3.56,3.78,0.0,0.0,100.0,18.9,40500.0,Weekday,Thursday,Medium_Load
11/11/2018 14:00,3.82,0.0,4.94,0.0,63.56,100.0,6300.0,Weekend,Saturday,Light_Load
09/11/2018 20:30,78.21,17.92,0.0,0.0,89.1,100.0,71100.0,Weekday,Wednesday,Maximum_Load
05/09/2018 02:15,3.68,0.0,4.26,0.0,49.9,100.0,11700.0,Weekend,Saturday,Light_Load
30/03/2018 15:00,3.36,0.0,20.84,0.03,100.0,100.0,1800.0,Weekday,Thursday,Light_Load
22/09/2018 18:30,2.72,2.13,0.0,0.0,91.36,100.0,26000.0,Weekday,Wednesday,Maximum_Load
04/06/2018 16:00,2.92,4.74,0.0,0.0,64.53,100.0,900.0,Weekend,Sunday,Light_Load
03/06/2018 17:15,5.13,6.6,0.0,0.02,100.0,24.13,80100.0,Weekday,Wednesday,Light_Load
26/05/2018 15:45,2.66,4.82,0.0,0.03,92.9,100.0,71100.0,Weekday,Friday,Maximum_Load
04/11/2018 01:15,3.18,4.78,0.0,0.0,47.81,100.0,15300.0,Weekday,Friday,Maximum_Load
18/09/2018 17:15,5.21,5.56,0.0,0.0,49.93,100.0,30600.0,Weekend,Sunday,Light_Load
17/12/2018 15:00,3.74,3.14,0.0,0.0,100.0,100.0,44100.0,Weekend,Saturday,Maximum_Load
04/09/2018 14:15,2.67,5.18,0.0,0.0,51.48,100.0,85500.0,Weekday,Monday,Light_Load
01/01/2018 21:45,3.68,4.54,0.0,0.0,63.61,100.0,60300.0,Weekday,Tuesday,Light_Load
16/08/2018 09:15,3.6,6.46,0.0,0.0,100.0,74.48,68400.0,Weekday,Thursday,Maximum_Load
21/03/2018 16:30,3.74,5.74,0.0,0.0,49.61,100.0,60300.0,Weekday,Wednesday,Medium_Load
10/12/2018 10:30,3.28,0.0,17.58,0.04,52.82,100.0,61200.0,Weekday,Thursday,Light_Load
07/12/2018 01:15,3.71,4.56,0.0,0.0,86.67,100.0,50400.0,Weekend,Sunday,Medium_Load
07/04/2018 22:15,32.36,26.9,0.0,0.03,100.0,100.0,49500.0,Weekend,Sunday,Medium_Load
04/06/2018 03:45,51.79,4.91,0.0,0.02,92.66,100.0,51300.0,Weekday,Wednesday,Light_Load
22/02/2018 03:15,4.17,3.84,0.0,0.0,54.74,100.0,32200.0,Weekday,Wednesday,Maximum_Load
17/11/2018 08:15,50.08,3.6,0.0,0.02,83.74,100.0,900.0,Weekday,Thursday,Maximum_Load
04/04/2018 00:45,99.76,26.26,0.0,0.0,92.96,100.0,76500.0,Weekend,Sunday,Light_Load
01/10/2018 11:30,4.76,0.0,1.92,0.0,53.15,100.0,52200.0,Weekday,Monday,Light_Load
23/08/2018 05:15,3.03,5.1,0.0,0.0,71.8,100.0,67500.0,Weekend,Saturday,Light_Load
14/06/2018 13:00,3.62,0.0,14.96,0.0,45.77,100.0,85500.0,Weekend,Sunday,Light_Load
30/09/2018 01:30,3.26,4.54,0.0,0.0,100.0,21.2,27000.0,Weekday,Friday,Maximum_Load
10/06/2018 04:45,3.64,3.63,0.0,0.03,100.0,18.93,50400.0,Weekend,Sunday,Medium_Load
10/07/2018 10:30,4.61,3.42,0.0,0.0,100.0,100.0,67500.0,Weekday,Thursday,Medium_Load
14/12/2018 13:15,3.17,5.54,0.0,0.02,100.0,19.56,81900.0,Weekday,Friday,Light_Load
22/09/2018 02:45,3.81,0.0,16.14,0.0,99.11,100.0,60300.0,Weekday,Wednesday,Medium_Load
15/08/2018 19:15,2.81,5.96,0.0,0.0,53.9,100.0,46800.0,Weekend,Friday,Light_Load
22/03/2018 02:45,3.93,4.64,0.0,0.04,100.0,18.28,61200.0,Weekday,Monday,Light_Load
06/02/2018 03:45,3.88,4.56,0.0,0.0,64.31,100.0,84600.0,Weekday,Tuesday,Medium_Load
15/09/2018 06:00,2.36,4.18,0.0,0.0,46.46,100.0,36000.0,Weekday,Wednesday,Maximum_Load
15/07/2018 07:15,3.74,2.75,0.0,0.0,100.0,23.68,63900.0,Weekday,Tuesday,Medium_Load
24/07/2018 20:30,3.95,4.13,0.0,0.0,47.17,100.0,72900.0,Weekend,Saturday,Light_Load
28/05/2018 13:00,2.84,4.66,0.0,0.0,96.01,100.0,77400.0,Weekday,Wednesday,Maximum_Load
20/12/2018 20:15,2.66,4.44,0.0,0.02,42.71,100.0,64800.0,Weekend,Saturday,Light_Load
18/06/2018 09:45,3.78,6.81,0.0,0.0,57.6,100.0,54900.0,Weekday,Tuesday,Medium_Load
23/07/2018 09:45,4.35,4.64,0.0,0.0,99.04,99.95,25200.0,Weekday,Thursday,Medium_Load
26/05/2018 23:45,2.13,14.28,0.0,0.03,99.98,99.98,67500.0,Weekday,Thursday,Light_Load
15/03/2018 18:30,2.46,4.66,0.0,0.0,58.26,100.0,18900.0,Weekday,Thursday,Maximum_Load
24/06/2018 15:00,3.74,4.06,0.0,0.0,69.85,100.0,47700.0,Weekday,Thursday,Light_Load
08/08/2018 07:30,3.24,5.36,0.0,0.0,82.11,100.0,40500.0,Weekday,Monday,Maximum_Load
03/12/2018 14:45,3.92,27.34,0.0,0.0,59.98,100.0,80100.0,Weekend,Sunday,Light_Load
21/04/2018 18:45,3.62,2.92,0.0,0.04,74.42,100.0,67500.0,Weekend,Saturday,Light_Load
16/07/2018 23:45,3.57,0.0,17.61,0.0,46.03,100.0,54900.0,Weekend,Saturday,Light_Load
19/06/2018 17:45,3.54,29.84,0.0,0.03,95.91,100.0,78300.0,Weekday,Friday,Medium_Load
20/06/2018 10:30,3.28,4.66,0.0,0.0,89.96,100.0,80100.0,Weekday,Wednesday,Maximum_Load
09/07/2018 18:30,74.61,26.66,0.0,0.0,95.4,100.0,69300.0,Weekend,Saturday,Light_Load
28/07/2018 03:30,3.63,2.66,0.0,0.0,86.21,100.0,13500.0,Weekend,Sunday,Medium_Load
06/05/2018 05:00,2.67,4.64,0.0,0.0,53.38,100.0,15300.0,Weekday,Friday,Light_Load
30/01/2018 10:15,4.81,4.66,0.0,0.0,82.25,99.92,4500.0,Weekend,Sunday,Medium_Load
10/04/2018 16:45,62.35,0.0,24.98,0.0,86.13,100.0,61200.0,Weekend,Saturday,Maximum_Load
30/03/2018 06:45,4.68,3.66,0.0,0.0,100.0,20.32,28700.0,Weekend,Sunday,Maximum_Load
06/10/2018 18:00,3.83,5.21,0.0,0.0,100.0,18.35,5500.0,Weekday,Wednesday,Light_Load
10/03/2018 03:00,2.36,0.0,16.35,0.0,49.97,100.0,2700.0,Weekday,Wednesday,Light_Load
06/06/2018 00:45,7.92,4.82,0.0,0.0,100.0,48.78,73800.0,Weekday,Thursday,Medium_Load
29/12/2018 16:15,3.06,6.03,0.0,0.0,86.28,100.0,41400.0,Weekday,Thursday,Medium_Load
26/09/2018 19:00,69.44,18.02,0.0,0.06,92.93,100.0,83700.0,Weekend,Sunday,Maximum_Load
14/08/2018 13:00,3.9,4.6,0.0,0.0,100.0,19.02,77400.0,Weekend,Saturday,Medium_Load
10/03/2018 21:45,2.64,0.0,0.0,0.0,82.56,100.0,47700.0,Weekday,Wednesday,Medium_Load
08/02/2018 03:15,2.84,5.02,0.0,0.0,48.88,100.0,57600.0,Weekend,Sunday,Light_Load
31/09/2018 18:15,3.02,4.18,0.0,0.0,99.82,100.0,78300.0,Weekday,Thursday,Light_Load
15/09/2018 17:00,3.5,6.3,0.0,0.02,96.79,100.0,74800.0,Weekday,Friday,Medium_Load
04/09/2018 00:00,3.92,4.73,0.0,0.0,47.22,100.0,78300.0,Weekend,Saturday,Light_Load
13/04/2018 12:15,2.13,0.0,21.98,0.0,92.25,100.0,56700.0,Weekday,Friday,Light_Load
13/07/2018 18:45,3.82,5.24,0.0,0.0,92.78,100.0,12300.0,Weekday,Monday,Medium_Load
11/03/2018 18:15,3.54,4.28,0.0,0.0,56.62,100.0,83700.0,Weekday,Wednesday,Medium_Load
19/06/2018 09:45,2.74,24.6,0.0,0.02,93.63,100.0,10400.0,Weekday,Friday,Light_Load
08/11/2018 07:00,2.77,2.9,0.0,0.03,100.0,18.71,63900.0,Weekend,Wednesday,Light_Load
14/02/2018 06:45,3.82,10.18,0.0,0.02,92.92,99.78,80100.0,Weekday,Thursday,Maximum_Load
13/12/2018 09:45,4.5,5.25,0.0,0.0,48.14,100.0,1800.0,Weekday,Wednesday,Light_Load
14/07/2018 00:45,3.76,6.04,0.0,0.0,86.93,100.0,6300.0,Weekday,Tuesday,Medium_Load
19/11/2018 18:00,3.28,4.0,0.0,0.04,100.0,18.02,76500.0,Weekday,Monday,Light_Load
22/08/2018 03:45,3.1,4.84,0.0,0.0,100.0,21.18,4500.0,Weekend,Sunday,Maximum_Load
21/12/2018 20:00,3.82,0.0,5.06,0.0,100.0,14.66,72900.0,Weekday,Thursday,Light_Load
29/10/2018 15:30,7.1,4.85,0.0,0.0,52.29,100.0,76500.0,Weekday,Friday,Light_Load
20/04/2018 14:30,34.9,3.77,0.0,0.0,100.0,15.32,16200.0,Weekday,Thursday,Light_Load
13/04/2018 04:15,109.4,2.77,0.0,0.0,89.29,100.0,12600.0,Weekend,Sunday,Medium_Load
11/09/2018 09:30,2.74,0.0,26.06,0.0,79.42,100.0,71100.0,Weekend,Sunday,Light_Load
23/10/2018 04:15,3.82,4.36,0.0,0.03,56.53,100.0,7200.0,Weekday,Thursday,Light_Load
07/11/2018 00:15,3.46,0.0,21.57,0.0,100.0,23.46,67500.0,Weekday,Friday,Light_Load
20/04/2018 18:45,2.92,0.0,16.2,0.02,62.8,100.0,4500.0,Weekday,Thursday,Medium_Load
05/06/2018 00:45,3.82,5.03,0.0,0.0,92.13,100.0,63900.0,Weekday,Friday,Light_Load
29/10/2018 08:00,61.06,5.56,0.0,0.0,93.87,100.0,8200.0,Weekday,Wednesday,Maximum_Load
23/03/2018 18:45,36.56,42.84,0.0,0.0,81.43,100.0,49500.0,Weekday,Wednesday,Light_Load
05/09/2018 17:30,2.83,3.4,0.0,0.02,91.64,100.0,76500.0,Weekday,Friday,Maximum_Load
13/12/2018 14:45,3.67,0.0,10.36,0.05,100.0,100.0,75500.0,Weekday,Friday,Maximum_Load
26/12/2018 17:15,3.31,0.0,16.4,0.0,100.0,19.57,72900.0,Weekday,Sunday,Light_Load
18/11/2018 19:45,2.92,42.28,0.0,0.0,62.14,100.0,83700.0,Weekend,Sunday,Light_Load
14/07/2018 05:30,3.72,4.4,0.0,0.0,87.71,100.0,87600.0,Weekend,Saturday,Maximum_Load
18/04/2018 01:45,3.06,5.44,0.0,0.02,91.18,100.0,9000.0,Weekend,Sunday,Light_Load
01/08/2018 06:15,4.95,8.01,0.0,0.0,99.09,100.0,69300.0,Weekday,Tuesday,Medium_Load
25/11/2018 01:45,4.0,4.86,0.0,0.0,67.0,100.0,38700.0,Weekend,Saturday,Light_Load
21/09/2018 14:30,59.78,49.48,0.0,0.0,80.44,100.0,27900.0,Weekday,Wednesday,Maximum_Load
29/06/2018 01:45,3.35,4.0,0.0,0.04,100.0,18.34,3200.0,Weekday,Monday,Medium_Load
23/06/2018 12:45,2.82,0.0,0.0,0.0,100.0,100.0,23400.0,Weekend,Saturday,Maximum_Load
10/01/2018 07:15,3.93,6.2,0.0,0.0,44.92,100.0,80100.0,Weekend,Saturday,Light_Load
05/06/2018 07:30,3.63,4.61,0.0,0.0,79.3,100.0,24800.0,Weekday,Thursday,Maximum_Load
24/06/2018 08:45,3.82,2.24,0.0,0.0,74.32,100.0,10800.0,Weekday,Friday,Light_Load
06/02/2018 20:15,72.2,33.02,0.0,0.02,91.64,100.0,74700.0,Weekday,Wednesday,Maximum_Load
09/01/2018 23:30,3.64,5.18,0.0,0.0,100.0,24.4,12600.0,Weekend,Saturday,Light_Load
24/06/2018 06:15,5.02,4.86,0.0,0.0,48.08,100.0,67500.0,Weekday,Tuesday,Medium_Load
23/12/2018 07:45,2.78,0.0,17.12,0.05,92.34,100.0,67500.0,Weekday,Thursday,Medium_Load
29/09/2018 20:45,4.7,10.13,0.0,0.02,51.12,100.0,80100.0,Weekday,Wednesday,Light_Load
05/11/2018 19:15,3.18,4.66,0.0,0.03,100.0,24.82,55700.0,Weekday,Wednesday,Medium_Load
06/07/2018 17:30,2.67,3.71,0.0,0.0,40.57,100.0,25100.0,Weekday,Wednesday,Light_Load
05/01/2018 16:15,3.73,4.92,0.0,0.0,81.47,100.0,78300.0,Weekend,Sunday,Light_Load
11/09/2018 22:30,105.06,42.57,0.0,0.0,98.64,100.0,34200.0,Weekday,Tuesday,Light_Load
24/03/2018 15:45,3.18,6.92,0.0,0.03,54.4,100.0,70200.0,Weekend,Sunday,Light_Load
21/03/2018 09:30,3.78,38.92,0.0,0.0,100.0,100.0,6300.0,Weekday,Tuesday,Medium_Load
22/07/2018 00:00,3.2,4.03,0.64,0.03,50.03,100.0,14400.0,Weekday,Sunday,Medium_Load
26/07/2018 22:00,3.82,6.1,0.0,0.0,93.51,100.0,13400.0,Weekday,Friday,Medium_Load
15/08/2018 02:00,63.96,6.84,13.44,0.0,100.0,19.34,52200.0,Weekend,Saturday,Medium_Load
07/09/2018 11:45,48.64,36.4,0.0,0.03,93.35,100.0,67500.0,Weekday,Tuesday,Maximum_Load
10/08/2018 14:45,109.32,0.0,23.14,0.02,98.78,100.0,49500.0,Weekday,Thursday,Maximum_Load
14/01/2018 06:00,4.02,0.0,26.98,0.0,100.0,100.0,79200.0,Weekday,Friday,Light_Load
19/09/2018 20:30,5.13,4.88,0.0,0.03,97.46,100.0,82200.0,Weekday,Tuesday,Medium_Load
04/06/2018 09:30,3.84,10.08,0.0,0.0,72.13,100.0,3500.0,Weekday,Monday,Medium_Load
29/09/2018 19:00,5.17,5.25,0.0,0.02,99.97,100.0,73800.0,Weekday,Wednesday,Light_Load
10/04/2018 06:00,2.46,3.21,0.0,0.0,70.9,100.0,82800.0,Weekend,Saturday,Light_Load
13/10/2018 01:30,3.5,0.0,11.17,0.0,43.6,100.0,80100.0,Weekend,Saturday,Light_Load
18/07/2018 14:45,109.31,23.23,0.0,0.0,100.0,29.6,76500.0,Weekday,Friday,Light_Load
20/09/2018 01:30,4.72,4.56,0.0,0.0,100.0,100.0,80100.0,Weekday,Monday,Maximum_Load
19/08/2018 15:00,51.8,45.14,0.0,0.0,100.0,93.12,39600.0,Weekday,Thursday,Medium_Load
15/09/2018 22:15,7.82,5.46,0.0,0.0,99.74,100.0,16300.0,Weekend,Saturday,Medium_Load
04/01/2018 05:45,72.61,42.61,0.0,0.0,100.0,100.0,57700.0,Weekday,Tuesday,Maximum_Load
27/08/2018 20:00,3.82,5.82,0.0,0.0,50.04,100.0,64500.0,Weekend,Sunday,Maximum_Load
30/10/2018 16:00,3.54,5.14,0.0,0.0,100.0,100.0,12600.0,Weekday,Monday,Maximum_Load
23/07/2018 20:45,2.82,5.75,0.0,0.0,65.28,100.0,6300.0,Weekday,Friday,Light_Load
30/02/2018 07:45,4.6,3.66,0.0,0.0,93.16,100.0,24300.0,Weekend,Saturday,Medium_Load
15/12/2018 08:00,3.82,2.65,0.0,0.0,100.0,45.24,13400.0,Weekend,Saturday,Light_Load
15/01/2018 08:15,3.96,0.0,14.17,0.0,60.56,100.0,80100.0,Weekend,Saturday,Light_Load
23/11/2018 16:00,3.18,6.93,0.0,0.04,88.08,100.0,56700.0,Weekday,Wednesday,Maximum_Load
01/10/2018 16:15,2.77,36.9,0.0,0.02,100.0,53.71,83700.0,Weekend,Saturday,Light_Load
18/10/2018 18:30,2.57,0.0,4.28,0.0,51.51,100.0,82900.0,Weekend,Saturday,Medium_Load
20/09/2018 16:45,72.53,5.92,0.0,0.01,100.0,17.95,44100.0,Weekday,Thursday,Light_Load
18/02/2018 21:30,4.42,4.79,4.54,0.0,100.0,26.18,66600.0,Weekday,Tuesday,Medium_Load
29/11/2018 10:00,66.98,39.8,0.0,0.0,90.96,100.0,78300.0,Weekday,Wednesday,Medium_Load
05/02/2018 09:45,2.82,6.19,0.0,0.0,55.03,100.0,4500.0,Weekday,Friday,Light_Load
04/10/2018 11:00,4.67,4.57,0.0,0.01,99.82,99.9,77400.0,Weekday,Monday,Medium_Load
04/11/2018 01:15,3.03,4.79,0.0,0.0,99.99,99.99,72900.0,Weekday,Thursday,Light_Load
07/07/2018 02:45,4.84,4.98,0.0,0.0,100.0,17.28,41400.0,Weekday,Wednesday,Medium_Load
29/03/2018 08:45,64.8,4.77,0.0,0.0,62.9,100.0,6300.0,Weekday,Monday,Light_Load
22/02/2018 05:30,4.4,4.02,0.0,0.0,92.95,100.0,67500.0,Weekend,Sunday,Medium_Load
22/04/2018 10:15,63.36,35.16,0.0,0.0,89.56,100.0,9000.0,Weekday,Wednesday,Light_Load
24/05/2018 06:00,3.54,31.44,0.0,0.0,100.0,54.15,36000.0,Weekday,Wednesday,Maximum_Load
27/06/2018 01:00,3.04,5.93,0.0,0.0,94.64,100.0,47600.0,Weekend,Sunday,Maximum_Load
07/09/2018 10:15,2.66,3.53,0.0,0.0,47.6,100.0,60300.0,Weekday,Wednesday,Light_Load
19/05/2018 14:45,2.77,4.2,0.0,0.0,92.61,100.0,48600.0,Weekday,Friday,Maximum_Load
23/04/2018 22:45,3.82,3.1,0.0,0.0,99.99,99.99,17100.0,Weekday,Thursday,Light_Load
03/10/2018 10:30,4.92,5.84,0.0,0.0,59.68,100.0,76500.0,Weekday,Thursday,Light_Load
06/07/2018 15:15,3.95,4.56,0.0,0.0,92.91,100.0,11700.0,Weekday,Wednesday,Light_Load
20/07/2018 01:30,3.1,5.0,0.0,0.0,100.0,54.92,81900.0,Weekday,Thursday,Medium_Load
08/11/2018 18:45,3.81,4.94,0.0,0.0,53.03,100.0,1800.0,Weekend,Saturday,Light_Load
21/10/2018 05:00,2.61,0.0,5.17,0.0,68.57,100.0,2700.0,Weekday,Tuesday,Light_Load
14/01/2018 05:15,3.61,4.02,0.0,0.0,47.34,100.0,77400.0,Weekend,Saturday,Light_Load
26/08/2018 04:15,56.96,25.06,0.0,0.0,63.2,100.0,28800.0,Weekday,Friday,Light_Load
09/07/2018 03:45,2.92,4.92,0.0,0.0,88.99,100.0,71100.0,Weekday,Thursday,Light_Load
22/10/2018 14:15,2.66,4.13,0.0,0.0,100.0,18.95,74700.0,Weekday,Thursday,Medium_Load
04/05/2018 14:00,3.24,0.0,0.0,0.0,54.28,100.0,41400.0,Weekend,Saturday,Light_Load
30/10/2018 22:15,2.83,3.21,0.0,0.0,96.66,100.0,68400.0,Weekday,Monday,Maximum_Load
17/05/2018 15:30,54.93,36.13,0.0,0.0,92.02,100.0,61200.0,Weekend,Sunday,Light_Load
24/12/2018 19:00,3.82,0.0,1.28,0.0,74.04,100.0,80100.0,Weekend,Saturday,Light_Load
06/09/2018 16:30,3.88,2.81,0.0,0.02,55.93,100.0,64400.0,Weekday,Monday,Light_Load
14/07/2018 04:30,3.2,4.18,0.0,0.0,48.53,100.0,79000.0,Weekday,Friday,Light_Load
28/05/2018 06:00,105.17,3.4,0.0,0.0,93.66,100.0,77400.0,Weekend,Sunday,Maximum_Load
04/11/2018 23:30,2.78,6.21,0.0,0.0,67.4,100.0,32400.0,Weekday,Thursday,Light_Load
16/08/2018 19:30,3.35,0.0,26.13,0.05,92.66,100.0,30600.0,Weekday,Wednesday,Maximum_Load
18/12/2018 23:15,2.68,0.0,17.17,0.0,51.24,100.0,49500.0,Weekend,Sunday,Medium_Load
04/11/2018 18:00,3.03,6.64,0.0,0.0,90.4,100.0,1800.0,Weekend,Saturday,Medium_Load
31/10/2018 15:30,5.56,2.92,0.0,0.0,82.61,100.0,82800.0,Weekday,Friday,Light_Load
29/01/2018 15:30,3.1,3.66,0.0,0.0,100.0,99.58,80100.0,Weekday,Thursday,Light_Load
18/05/2018 11:15,3.13,2.54,0.0,0.0,53.7,100.0,27900.0,Weekday,Thursday,Light_Load
06/09/2018 09:45,3.2,5.42,0.0,0.05,66.71,100.0,17400.0,Weekend,Sunday,Medium_Load
25/03/2018 00:45,2.36,0.0,0.0,0.0,67.06,100.0,61200.0,Weekend,Sunday,Light_Load
24/07/2018 13:15,3.66,23.14,0.0,0.0,62.6,100.0,14400.0,Weekday,Friday,Light_Load
29/11/2018 08:15,3.1,0.0,11.58,0.0,100.0,17.18,74900.0,Weekday,Tuesday,Maximum_Load
22/02/2018 19:15,2.96,2.94,0.0,0.0,63.1,100.0,14600.0,Weekend,Sunday,Light_Load
25/06/2018 20:30,34.6,4.4,0.0,0.0,92.11,100.0,55800.0,Weekday,Friday,Light_Load
13/07/2018 04:45,3.84,0.0,25.6,0.0,93.74,100.0,2700.0,Weekend,Saturday,Medium_Load
03/01/2018 00:30,3.64,5.0,0.0,0.0,50.98,100.0,3200.0,Weekend,Sunday,Light_Load
02/09/2018 18:00,3.7,3.56,0.0,0.0,100.0,19.64,67500.0,Weekday,Tuesday,Medium_Load
19/09/2018 16:30,3.86,3.78,0.0,0.0,72.71,100.0,65700.0,Weekend,Sunday,Medium_Load
16/01/2018 03:15,44.18,0.0,30.21,0.0,100.0,100.0,69300.0,Weekend,Saturday,Light_Load
29/11/2018 05:30,3.02,0.0,5.77,0.02,99.96,99.96,27900.0,Weekend,Saturday,Light_Load
04/07/2018 04:00,2.67,5.36,0.0,0.0,74.25,100.0,23200.0,Weekday,Tuesday,Light_Load
16/09/2018 02:00,5.0,0.0,16.79,0.02,100.0,17.94,40700.0,Weekday,Thursday,Maximum_Load
06/11/2018 03:15,70.9,5.54,0.0,0.05,91.9,100.0,25200.0,Weekday,Friday,Light_Load
31/01/2018 15:15,3.88,13.09,0.0,0.0,59.44,100.0,8200.0,Weekday,Monday,Medium_Load
16/09/2018 10:00,70.28,0.0,0.0,0.02,99.46,99.14,58300.0,Weekend,Sunday,Light_Load
21/03/2018 14:15,2.13,11.84,0.0,0.03,57.42,100.0,9000.0,Weekday,Friday,Light_Load
20/12/2018 06:15,2.91,0.0,14.23,0.0,55.0,100.0,64800.0,Weekday,Thursday,Light_Load
20/08/2018 08:45,47.42,4.68,0.0,0.03,92.93,100.0,73700.0,Weekday,Wednesday,Medium_Load
31/03/2018 11:30,3.84,0.0,21.26,0.0,81.53,100.0,6100.0,Weekday,Wednesday,Medium_Load
10/02/2018 12:45,3.02,40.6,0.0,0.0,81.7,100.0,64800.0,Weekday,Monday,Light_Load
12/01/2018 21:30,5.44,5.28,0.0,0.0,100.0,20.28,63900.0,Weekday,Wednesday,Medium_Load
07/12/2018 07:15,3.74,4.61,0.0,0.0,96.8,100.0,82900.0,Weekday,Monday,Medium_Load
29/08/2018 06:45,3.96,24.64,0.0,0.0,100.0,20.11,55800.0,Weekday,Wednesday,Medium_Load
22/05/2018 22:30,41.84,4.67,0.0,0.0,71.06,100.0,78300.0,Weekday,Thursday,Light_Load
22/06/2018 14:30,5.06,4.74,0.0,0.05,92.99,100.0,28300.0,Weekday,Thursday,Light_Load
30/11/2018 13:30,2.66,0.0,0.0,0.0,100.0,19.96,33300.0,Weekend,Saturday,Light_Load
15/06/2018 03:45,4.3,0.0,16.54,0.0,100.0,100.0,72900.0,Weekday,Tuesday,Maximum_Load
18/03/2018 07:30,3.61,5.74,0.0,0.0,100.0,23.13,12600.0,Weekend,Saturday,Light_Load
07/12/2018 21:00,4.76,0.0,27.77,0.0,100.0,23.7,75700.0,Weekday,Tuesday,Maximum_Load
30/05/2018 23:45,3.7,0.0,18.25,0.0,48.58,100.0,71100.0,Weekday,Friday,Maximum_Load
14/09/2018 00:15,36.66,0.0,16.7,0.03,100.0,100.0,71100.0,Weekday,Tuesday,Medium_Load
08/01/2018 11:45,3.02,2.03,0.0,0.0,83.51,99.96,21600.0,Weekday,Tuesday,Light_Load
01/06/2018 16:30,2.64,4.84,0.0,0.0,100.0,29.98,4500.0,Weekday,Thursday,Light_Load
17/03/2018 17:15,2.97,2.57,0.0,0.0,100.0,100.0,14400.0,Weekend,Saturday,Medium_Load
27/07/2018 14:45,54.06,53.58,0.0,0.02,92.67,100.0,67500.0,Weekday,Friday,Maximum_Load
10/03/2018 07:00,2.95,4.35,0.0,0.0,75.04,100.0,61200.0,Weekday,Tuesday,Light_Load
20/03/2018 09:45,63.9,0.0,0.0,0.0,79.13,100.0,65300.0,Weekday,Sunday,Light_Load
15/01/2018 20:45,2.61,2.98,0.0,0.0,54.11,100.0,15300.0,Weekend,Saturday,Light_Load
29/12/2018 20:00,4.66,4.88,0.0,0.02,91.95,100.0,45900.0,Weekday,Friday,Maximum_Load
04/07/2018 14:30,36.64,0.0,1.13,0.0,53.31,100.0,66600.0,Weekend,Sunday,Light_Load
11/04/2018 20:00,2.82,3.96,0.0,0.0,100.0,21.12,71100.0,Weekday,Monday,Maximum_Load
25/05/2018 07:15,2.46,6.9,0.0,0.0,51.84,100.0,65700.0,Weekend,Saturday,Maximum_Load
17/09/2018 07:45,3.82,22.6,0.0,0.0,68.82,100.0,20700.0,Weekday,Thursday,Medium_Load
06/06/2018 11:30,3.03,5.36,0.0,0.0,100.0,18.06,18000.0,Weekday,Thursday,Light_Load
16/05/2018 20:15,3.64,18.67,0.0,0.0,52.31,100.0,81900.0,Weekday,Thursday,Light_Load
10/08/2018 19:45,92.04,32.8,0.0,0.04,90.0,100.0,8200.0,Weekend,Sunday,Maximum_Load
29/06/2018 19:00,2.6,2.74,0.0,0.0,94.03,100.0,52200.0,Weekend,Saturday,Medium_Load
07/03/2018 04:30,4.0,3.75,0.0,0.0,100.0,100.0,24300.0,Weekday,Wednesday,Medium_Load
30/07/2018 16:15,3.96,15.56,0.0,0.0,62.7,100.0,40400.0,Weekend,Saturday,Light_Load
13/07/2018 20:45,3.88,0.0,4.03,0.0,70.51,100.0,20700.0,Weekend,Sunday,Light_Load
25/05/2018 14:45,3.72,0.0,16.28,0.0,63.34,100.0,38700.0,Weekday,Tuesday,Light_Load
02/02/2018 08:15,54.74,43.18,0.0,0.0,99.75,99.93,33300.0,Weekday,Monday,Medium_Load
20/10/2018 16:30,3.54,0.0,26.28,0.0,47.18,100.0,10800.0,Weekend,Sunday,Light_Load
05/07/2018 09:45,4.54,0.0,31.79,0.0,89.46,100.0,66600.0,Weekday,Thursday,Light_Load
05/04/2018 17:00,3.82,5.56,0.0,0.0,62.71,100.0,77400.0,Weekend,Saturday,Light_Load
30/08/2018 04:15,3.87,4.74,0.0,0.0,60.13,99.9,23400.0,Weekday,Monday,Light_Load
22/12/2018 08:15,93.66,0.0,30.03,0.0,95.14,100.0,67500.0,Weekend,Saturday,Light_Load
31/08/2018 03:00,2.84,5.19,0.0,0.05,89.96,100.0,84900.0,Weekday,Friday,Light_Load
20/05/2018 15:30,3.96,0.0,3.81,0.0,100.0,16.28,51300.0,Weekday,Tuesday,Light_Load
06/04/2018 04:45,2.62,3.62,0.0,0.0,46.48,100.0,24300.0,Weekday,Monday,Maximum_Load
6/03/2018 22:45,4.61,2.94,0.0,0.0,54.34,100.0,16200.0,Weekend,Sunday,Light_Load
20/05/2018 19:45,74.88,4.0,0.0,0.01,96.04,100.0,56700.0,Weekday,Thursday,Maximum_Load
05/04/2018 18:45,104.82,5.38,0.0,0.0,99.87,100.0,36000.0,Weekday,Wednesday,Light_Load
19/06/2018 07:45,2.85,0.0,16.23,0.0,100.0,19.31,84600.0,Weekday,Friday,Maximum_Load
23/10/2018 08:15,3.03,0.0,17.7,0.0,100.0,91.14,27900.0,Weekend,Sunday,Light_Load
29/12/2018 00:00,81.33,26.28,0.0,0.0,93.02,100.0,49500.0,Weekend,Sunday,Maximum_Load
30/12/2018 21:45,3.57,5.34,0.0,0.0,46.02,100.0,23400.0,Weekday,Thursday,Medium_Load
16/08/2018 01:15,99.92,38.12,0.0,0.0,46.92,100.0,69400.0,Weekday,Thursday,Light_Load
07/01/2018 19:30,2.68,0.0,0.0,0.0,45.18,100.0,80100.0,Weekday,Tuesday,Light_Load
16/10/2018 09:15,3.88,26.38,0.0,0.0,99.86,99.95,47700.0,Weekend,Sunday,Light_Load
14/12/2018 02:00,3.56,4.35,0.0,0.0,82.51,100.0,47700.0,Weekday,Wednesday,Light_Load
15/03/2018 13:00,6.08,28.61,0.0,0.0,88.02,100.0,66600.0,Weekday,Wednesday,Maximum_Load
16/12/2018 12:00,109.82,0.0,17.98,0.03,88.86,100.0,51300.0,Weekday,Thursday,Medium_Load
07/08/2018 14:30,41.66,13.38,0.0,0.0,96.7,100.0,78300.0,Weekend,Saturday,Maximum_Load
14/04/2018 08:00,3.61,5.18,0.0,0.0,86.3,100.0,15300.0,Weekend,Saturday,Light_Load
23/09/2018 02:00,3.14,0.0,0.0,0.03,52.22,100.0,67500.0,Weekday,Thursday,Medium_Load
01/09/2018 18:45,105.2,30.66,0.0,0.02,91.41,100.0,69400.0,Weekday,Sunday,Light_Load
27/10/2018 16:00,2.77,3.28,0.0,0.0,100.0,23.18,6300.0,Weekday,Thursday,Light_Load
14/11/2018 04:15,3.36,5.18,0.0,0.0,100.0,100.0,35100.0,Weekday,Monday,Medium_Load
29/12/2018 03:30,45.7,0.0,27.5,0.0,93.02,93.61,60300.0,Weekend,Saturday,Medium_Load
29/10/2018 20:15,64.32,0.0,0.0,0.02,99.95,100.0,81900.0,Weekend,Sunday,Medium_Load
19/09/2018 20:15,3.4,5.35,0.0,0.0,91.88,100.0,47700.0,Weekday,Wednesday,Medium_Load
26/05/2018 03:45,3.02,3.66,0.0,0.0,58.64,100.0,77400.0,Weekday,Thursday,Light_Load
21/06/2018 08:30,48.44,0.0,14.62,0.0,94.93,100.0,59300.0,Weekday,Monday,Medium_Load
25/11/2018 21:30,99.79,4.25,0.0,0.0,52.2,100.0,3600.0,Weekday,Friday,Maximum_Load
20/06/2018 21:00,3.0,5.38,0.0,0.0,89.97,100.0,67500.0,Weekend,Saturday,Light_Load
11/08/2018 00:00,4.64,5.03,0.0,0.0,56.46,100.0,79200.0,Weekday,Wednesday,Medium_Load
07/04/2018 07:00,86.7,34.5,0.0,0.02,50.38,100.0,75500.0,Weekday,Monday,Maximum_Load
20/11/2018 01:30,41.98,28.2,0.0,0.0,93.28,100.0,45900.0,Weekday,Tuesday,Maximum_Load
19/03/2018 06:30,2.84,8.66,0.0,0.0,47.61,100.0,77500.0,Weekend,Saturday,Light_Load
19/05/2018 00:45,91.3,36.17,0.0,0.0,89.7,100.0,55700.0,Weekday,Wednesday,Maximum_Load
02/12/2018 09:45,102.2,45.93,0.0,0.0,91.82,100.0,56700.0,Weekend,Sunday,Maximum_Load
01/08/2018 03:30,3.72,4.6,0.0,0.0,86.79,100.0,67500.0,Weekday,Thursday,Maximum_Load
07/07/2018 21:30,2.61,3.0,0.0,0.0,53.17,100.0,76500.0,Weekday,Tuesday,Light_Load
22/04/2018 23:15,3.66,0.0,11.92,0.0,51.38,100.0,77400.0,Weekday,Tuesday,Light_Load
15/03/2018 06:30,3.88,4.21,0.0,0.04,62.42,100.0,15300.0,Weekend,Sunday,Medium_Load
04/09/2018 15:15,3.86,0.0,0.0,0.0,42.9,100.0,2700.0,Weekend,Saturday,Light_Load
26/09/2018 17:00,3.15,5.61,0.0,0.0,99.99,100.0,56700.0,Weekday,Friday,Medium_Load
15/11/2018 08:45,3.74,4.77,0.0,0.0,77.93,100.0,76500.0,Weekday,Thursday,Light_Load
30/09/2018 09:45,3.46,4.0,0.0,0.0,57.92,100.0,4500.0,Weekday,Thursday,Light_Load
15/09/2018 01:45,45.74,21.11,0.0,0.0,100.0,21.64,8100.0,Weekday,Monday,Maximum_Load
10/09/2018 03:00,3.3,5.16,0.0,0.0,99.99,99.91,40500.0,Weekday,Thursday,Maximum_Load
30/10/2018 21:00,76.17,41.14,0.0,0.03,88.85,100.0,66600.0,Weekend,Saturday,Maximum_Load
04/06/2018 08:15,3.84,4.98,0.0,0.0,100.0,24.96,69300.0,Weekday,Monday,Light_Load
16/10/2018 03:00,3.84,5.02,0.0,0.0,45.7,100.0,63900.0,Weekday,Tuesday,Light_Load
07/11/2018 20:00,3.54,4.79,0.0,0.0,100.0,24.12,64800.0,Weekday,Tuesday,Light_Load
11/09/2018 21:45,4.92,0.0,17.26,0.0,100.0,99.98,76500.0,Weekday,Monday,Medium_Load
05/02/2018 04:15,5.82,4.71,0.0,0.0,93.13,100.0,39600.0,Weekday,Friday,Maximum_Load
25/07/2018 09:45,5.56,3.95,16.14,0.0,100.0,19.98,900.0,Weekday,Thursday,Light_Load
24/11/2018 01:45,3.81,0.0,20.34,0.03,86.92,100.0,65700.0,Weekend,Sunday,Light_Load
13/04/2018 01:15,3.62,2.72,0.0,0.01,51.54,100.0,18000.0,Weekday,Tuesday,Light_Load
23/01/2018 13:15,3.88,0.0,0.0,0.0,92.88,100.0,57400.0,Weekend,Sunday,Light_Load
03/07/2018 22:30,3.28,2.96,0.0,0.0,50.36,100.0,65800.0,Weekday,Friday,Maximum_Load
30/09/2018 21:45,3.93,3.94,0.0,0.0,100.0,100.0,77400.0,Weekday,Wednesday,Medium_Load
07/09/2018 11:30,2.74,7.25,0.0,0.03,71.93,100.0,47700.0,Weekday,Tuesday,Light_Load
02/02/2018 00:15,3.46,6.14,0.0,0.0,100.0,31.44,56700.0,Weekday,Tuesday,Maximum_Load
20/09/2018 00:45,3.9,4.72,0.0,0.0,56.51,100.0,73800.0,Weekend,Sunday,Light_Load
12/06/2018 18:30,3.72,38.12,0.0,0.0,100.0,26.7,67500.0,Weekend,Saturday,Maximum_Load
16/01/2018 12:45,2.82,4.34,0.0,0.0,58.13,100.0,80100.0,Weekday,Monday,Light_Load
28/03/2018 14:15,2.2,5.35,0.0,0.03,100.0,24.98,80100.0,Weekend,Sunday,Medium_Load
11/06/2018 19:15,3.7,6.26,0.0,0.0,92.94,100.0,10800.0,Weekend,Saturday,Maximum_Load
