Cancer Type,One-letter amino-acid sequence,class
Lung Cancer,KWKLFKKIPKFLHLAKKF,inactive - virtual
Lung Cancer,PEDAEAIAKQIN,inactive - virtual
Breast Cancer,FAKKLAKLAKKLAKKL,inactive - virtual
Lung Cancer,KWKLFKKIGIGKLKFLHLAKKF,inactive - virtual
Lung Cancer,FELVESVVVRRR,inactive - virtual
Lung Cancer,GKDVWRILKSAK,inactive - virtual
Lung Cancer,QNQILKIEQ,inactive - virtual
Breast Cancer,NLFPVSLQQLALKAISS,inactive - virtual
Lung Cancer,AGDVLQDELHVQVTLG,mod. active
Lung Cancer,FALALKALAKALKKAL,inactive - exp
Lung Cancer,QTKLAAGKVGRNIV,inactive - virtual
Lung Cancer,DSEQQWGIDRLLFINALSLQR,inactive - virtual
Breast Cancer,TEKVLLKVARWWIL,inactive - exp
Lung Cancer,SVEQAAHLLRKLL,inactive - virtual
Lung Cancer,VAKLLAKALKKLKKAL,inactive - virtual
Lung Cancer,FALALKALALKALKKLKKAL,inactive - virtual
Breast Cancer,FALAKKLLKKALAK,inactive - virtual
Breast Cancer,FAKLLAKKAL,inactive - virtual
Breast Cancer,RQVLDQGARGLYFDAESLQ,inactive - virtual
Breast Cancer,KWKSFLKKTFKLFKKSLKLFSLKKLAKKF,inactive - virtual
Breast Cancer,FKAYTKRLYQTALK,inactive - virtual
Lung Cancer,TPSLLRKVATLAEMKSLR,very active
Lung Cancer,SVEKHEMLQVRH,inactive - virtual
Breast Cancer,KWKLFKKILKKIAFL,inactive - virtual
Lung Cancer,DQKLVASLLAKSQLL,inactive - virtual
Breast Cancer,AEDKATAVLQVLQGYLL,inactive - virtual
Lung Cancer,GLFDIAVAGGLIA,inactive - virtual
Lung Cancer,GKDVTKVATVKAGKLIIKKL,inactive - virtual
Lung Cancer,FAKKLKKLAKKLAKKLKKL,inactive - virtual
Breast Cancer,SASSQGNYLD,mod. active
Lung Cancer,NKEEDELLTKLLG,inactive - virtual
Lung Cancer,DEETLAKKQKLVALL,inactive - exp
Lung Cancer,GLKYLQVQAATKQIH,inactive - virtual
Breast Cancer,KWKLFKKIGKFLHLAKAKKL,inactive - virtual
Lung Cancer,KWKLFKKIPKFLHLAKKF,inactive - virtual
Breast Cancer,DPETLIVKGIL,mod. active
Lung Cancer,NQAQAAGLSDQLARNRLQG,inactive - virtual
Breast Cancer,DEKVQIVQKEQYLDT,inactive - virtual
Breast Cancer,FKFPKNIVAFKIVF,inactive - virtual
Lung Cancer,FKIPKFLKAVKVGKLHSAKKVV,inactive - virtual
Lung Cancer,VAKDLEKVAKA,mod. active
Lung Cancer,EDRVANEYFALLKLKKR,inactive - virtual
Breast Cancer,FAKLLAKLALG,inactive - virtual
Lung Cancer,EVKVAQQADAFG,inactive - exp
Breast Cancer,TPEEVQRVAARGVRQWVILL,inactive - virtual
Breast Cancer,TAVGILESAYMIL,inactive - virtual
Lung Cancer,QEDAALLLSQWQMKF,inactive - virtual
Lung Cancer,SKEDDALYMGLQTALKQH,inactive - virtual
Breast Cancer,GFFIVHIVGLSAMN,inactive - virtual
Breast Cancer,LADQRQRVQRLLWKQA,inactive - virtual
Breast Cancer,KWKLAAKKAFKLHTLKAAKAAKKLKKAAKL,inactive - virtual
Lung Cancer,YPVRQRILQAMQ,inactive - virtual
Lung Cancer,NLFGVATKVLQQRLR,inactive - exp
Lung Cancer,MPAAQYLQKVATQLQ,inactive - virtual
Breast Cancer,FLKLLKKLLLKKLKKLKKL,inactive - virtual
Breast Cancer,SASSQTESVLLNRIQYQQ,mod. active
Breast Cancer,KQLDIAHIVKKQLLDIMAAG,inactive - virtual
Lung Cancer,KEDIHIMKAFQS,mod. active
Breast Cancer,FAKLLAKALKKLAKKLAKKALAL,inactive - virtual
Breast Cancer,FAKLLAKLLAKL,inactive - virtual
Lung Cancer,FAKLLAKKL,inactive - exp
Lung Cancer,AGDQLRLLQQQSAR,inactive - virtual
Breast Cancer,SLEQLQRKVVVQEL,mod. active
Breast Cancer,EIEHLAKKLKKWLFKKF,inactive - virtual
Lung Cancer,DYQVQAISTELR,inactive - virtual
Breast Cancer,KKLFKKAVAHLAIGAAG,inactive - exp
Breast Cancer,TPAWQATKQVVILL,inactive - virtual
Lung Cancer,AEKKFKFKKIEKAFKLAKKLAKL,inactive - virtual
Breast Cancer,KWKLFKKIPKFLHL,inactive - virtual
Breast Cancer,FAKLLAKALKKAL,inactive - virtual
Breast Cancer,TRELQTIFLLQA,inactive - virtual
Breast Cancer,FAKLLAKLAKLL,inactive - virtual
Lung Cancer,NISTEMVATVATVIHMV,inactive - virtual
Lung Cancer,KKLKLAKLAKLAKKLAL,inactive - virtual
Breast Cancer,WKQRDVLRQGLEKQEDQVLEQR,inactive - virtual
Breast Cancer,TQQQRITRQRQELLEA,inactive - virtual
Breast Cancer,SVRAVKVILSI,inactive - virtual
Breast Cancer,PEDFALKVHRIKKL,inactive - virtual
Lung Cancer,GLFDIVKKVVSKLVIKKL,inactive - virtual
Lung Cancer,NLEKIAKVATLAAL,inactive - virtual
Breast Cancer,NKDARDSVLQNIAQ,inactive - virtual
Breast Cancer,KWKLFKKIPKLAKLAKKF,inactive - virtual
Breast Cancer,YGKLAIVQVRR,inactive - virtual
Lung Cancer,GKFDKVAAKKIGKAAK,inactive - exp
Breast Cancer,TPETALKKLQAVQS,inactive - virtual
Lung Cancer,YDSVVDEVILSKQY,inactive - virtual
Lung Cancer,TESVYNDEIISLQQG,inactive - virtual
Breast Cancer,VGGKLAAGKSFLKL,inactive - virtual
Lung Cancer,EGPFKVLQR,inactive - exp
Lung Cancer,KAAGALKKAWKAGAL,inactive - exp
Lung Cancer,KWKLFKKLKKIGKFLHLAKKF,inactive - virtual
Lung Cancer,KGFKVKLAKKAGKAGFAKFA,inactive - virtual
Lung Cancer,NFPVAAAGLLR,inactive - virtual
Lung Cancer,KWLWKLFKKIPKFLHLAKKF,inactive - virtual
Breast Cancer,TKRAEEVVRFKE,inactive - virtual
Breast Cancer,FALALKALKKAL,inactive - virtual
Lung Cancer,SKDQVLGYTALISL,inactive - virtual
Breast Cancer,FAKKLKKLKKLAKLKKL,inactive - virtual
Lung Cancer,SLESGMQHRSN,inactive - virtual
Breast Cancer,FKDIAFFALLEVIGGL,inactive - virtual
Breast Cancer,SVGLSAVQELEE,inactive - virtual
Lung Cancer,LQQQEELAARVQ,inactive - virtual
Breast Cancer,TPSGDFVLDLQTKLLAY,inactive - virtual
Lung Cancer,KWKLFKKIPKFLKIAF,inactive - virtual
Lung Cancer,KWKLFKKIGIGKFLHLAKKTF,inactive - virtual
Lung Cancer,KKWKLFKKIPLAKKFL,inactive - exp
Lung Cancer,FKLLAKLAKKLF,mod. active
Lung Cancer,TQQDLEALAEAIAQ,inactive - virtual
Lung Cancer,VAKLLAKLAKL,inactive - virtual
Lung Cancer,YAKKLAKKLAKKLAKKLAKLAKLAKKLAKKL,inactive - virtual
Breast Cancer,GKDAAAHMVADN,inactive - virtual
Lung Cancer,NVKLVTAKVRVRQAIAANQY,inactive - virtual
Breast Cancer,VAKLLAKLAKKLL,very active
Lung Cancer,TEKRLKVVYQLR,inactive - virtual
Lung Cancer,KWKLFKKIPLAKKFLH,inactive - virtual
Breast Cancer,NLTPQAEKQ,inactive - virtual
Lung Cancer,EISLEEISYKG,inactive - virtual
Breast Cancer,SVRKLQRLQAQLQIEEEQTQTQLLIVNQFDAVIDQEQKKFDL,inactive - virtual
Breast Cancer,KWKLFKKIPKFLHLAKKF,mod. active
Breast Cancer,SLESLAMVKNIVFQYVL,inactive - virtual
Breast Cancer,KQLADLQVRA,inactive - virtual
Lung Cancer,KEEVYKLDEIRLN,inactive - virtual
Breast Cancer,FAKKLAKKLAKLAL,inactive - virtual
Lung Cancer,FADLADLKFH,inactive - exp
Breast Cancer,PQDQQAKKQLEQQG,inactive - virtual
Breast Cancer,KWKLFKKIPKLFHLIPKF,inactive - virtual
Lung Cancer,LQRDALVNIEVLDAR,inactive - virtual
Breast Cancer,NVKVVAKVVAFK,inactive - virtual
Lung Cancer,RILRALAAQML,inactive - virtual
Breast Cancer,FAKLLAKLAKLAKKL,inactive - exp
Lung Cancer,DGASLQADLERK,inactive - virtual
Breast Cancer,DVREMIQFNYV,inactive - virtual
Lung Cancer,QHNKEALAEKAIGYVREK,inactive - virtual
Breast Cancer,DQHLFRSVRQYD,inactive - virtual
Lung Cancer,QEEVWRQLFSL,inactive - virtual
Lung Cancer,KWKLFKKIPKFLHLAKKF,inactive - virtual
Breast Cancer,KWKLFKKLKKLAKKLAKL,inactive - virtual
Lung Cancer,DVRTKLAKKQA,inactive - virtual
Lung Cancer,KWKLFKKIPKFLHLAKKF,inactive - virtual
Lung Cancer,TIPEKLQARQAEL,inactive - virtual
Lung Cancer,TEKHMEQQRKFINALH,inactive - virtual
Breast Cancer,GLFDIVKKVASVIGGL,inactive - virtual
Breast Cancer,FAKKLAKLAKKL,inactive - virtual
Breast Cancer,KWKLFKKFAKFLAKKF,inactive - exp
Lung Cancer,GLFAVIKKVAAVREARR,inactive - virtual
Lung Cancer,DQRVILKLADVIEN,inactive - exp
Breast Cancer,KWKLFKKIPKFLHSAKKKFA,inactive - virtual
Breast Cancer,DALKQQRFKGILGWI,inactive - virtual
Lung Cancer,NQTKLQYFTSKQVAT,inactive - virtual
Breast Cancer,KWKLFKKIPKFLHLAKKF,inactive - virtual
Breast Cancer,DLKEQATRDAIRVLD,inactive - exp
Lung Cancer,QTQTGVAAARAAGGYTTLKQ,inactive - virtual
Breast Cancer,QLLQIFLWWAKQ,inactive - virtual
Breast Cancer,EDDALEMLFSLI,inactive - virtual
Breast Cancer,EKGKDIAKLVHF,inactive - virtual
Breast Cancer,DPATLQQFVLKT,inactive - virtual
Lung Cancer,QTKAVQLLRRGKWKVLMRKVAY,inactive - virtual
Breast Cancer,RKDAGKDIAVLQ,mod. active
Breast Cancer,DPVALLENRQLLR,inactive - virtual
Lung Cancer,TKVVKNQSALKEKG,inactive - virtual
Lung Cancer,DFSKVKLQELM,inactive - virtual
Breast Cancer,GSDLRAMQQRSL,inactive - virtual
Breast Cancer,KWKSFLKTFKSFLKTF,inactive - virtual
Lung Cancer,KWKLFKKIGLAKKFL,inactive - exp
Lung Cancer,RVPVQKRYEN,inactive - virtual
Lung Cancer,KWKSFLKKILKSAKKTVLHTLLKA,inactive - virtual
Breast Cancer,KWKLFKKIHSAKKIPAISS,inactive - exp
Breast Cancer,NLEQQKAIYAREN,inactive - virtual
Lung Cancer,RFIWFLRRRKH,inactive - virtual
Lung Cancer,KWKLFKKIPLKKIGKFLHL,inactive - exp
Breast Cancer,DPLTQVYAEKQ,inactive - virtual
Lung Cancer,QADDQSILAIAE,inactive - virtual
Lung Cancer,AGDQLAYF,inactive - virtual
Breast Cancer,PQLLRRRILEEIAS,inactive - virtual
Breast Cancer,VAKLLAKALKKLAKKLKKLAKLAKKLAKKL,inactive - virtual
Breast Cancer,LQQAFEIRKWQE,inactive - exp
Breast Cancer,FAKKLKKLAKKLAKL,inactive - virtual
Breast Cancer,FAKLLAKLLKAL,inactive - virtual
Lung Cancer,AGDVLQTVADLLRLL,inactive - virtual
Lung Cancer,IADKVQSLLR,inactive - virtual
Lung Cancer,TPDQIAKGKSLQWQL,inactive - virtual
Breast Cancer,TPETLIVANFK,inactive - virtual
Lung Cancer,FALLAAAGLAKKLAAKL,inactive - virtual
Lung Cancer,SALTKRAEEMIEGY,inactive - virtual
Lung Cancer,SKYRILKLFKKRLL,inactive - virtual
Breast Cancer,PIEAIAINVAL,inactive - virtual
Breast Cancer,SVRVVGQSLEVQQWVAKQAAR,inactive - virtual
Lung Cancer,SPAIRSQRVVIRVQW,inactive - virtual
Lung Cancer,KWKLFKKIPKFKKFAKKF,inactive - virtual
Lung Cancer,DLKLAKKLAKLAKLAKKAL,inactive - virtual
Breast Cancer,VAKKLAKKLAKKLAKLAKLALALAL,mod. active
Lung Cancer,DVALAEKLKSLI,inactive - virtual
Lung Cancer,VAKLLAKLAKKLAKKAL,very active
Lung Cancer,FAKKLAKLAKKLAKLAKLAKL,inactive - virtual
Lung Cancer,QIHADLKAVF,mod. active
Breast Cancer,TPEIHIVKVGRNIRNIVKVVED,inactive - virtual
Breast Cancer,FAKKLAKKLAKLAKLAL,inactive - virtual
Lung Cancer,FALLKLLKKLAKLAL,inactive - virtual
Lung Cancer,DYLEAVQRQMVEAELEEQ,inactive - virtual
Lung Cancer,FAKLLAKLAKKAL,inactive - virtual
Breast Cancer,FALALKLKKLKKL,inactive - virtual
Breast Cancer,DPVQVLEALG,inactive - virtual
Breast Cancer,TFPWWWWWGSDFLF,inactive - virtual
Lung Cancer,FALALKALKKLAKKAL,inactive - virtual
Lung Cancer,AEKVQSELNAIVQSQ,inactive - exp
Breast Cancer,AFFRIELTKQQM,inactive - virtual
Lung Cancer,YYVGLLAKAIGKAGL,inactive - virtual
Lung Cancer,TKDQALQEQYVLD,inactive - virtual
Lung Cancer,TPETLLEKLGHQTQT,inactive - exp
Lung Cancer,SVEAMVRVGRQAQRRI,inactive - virtual
Lung Cancer,GLVLLKKLKKLAAKLKRL,inactive - virtual
Lung Cancer,FAKKLLAKLKKLKKL,inactive - virtual
Lung Cancer,NSDIFKAFKAFKSD,inactive - virtual
Lung Cancer,TPEERLQVQADFVKKL,inactive - virtual
Breast Cancer,FAKKLAKKLAKKL,inactive - virtual
Breast Cancer,VMKLAKALALS,inactive - exp
Lung Cancer,YKDEVVQALIQAQA,inactive - virtual
Lung Cancer,FAKLLAKLAKLKKLAKLAKALALAL,inactive - virtual
Breast Cancer,DPETLENKLAWQKL,inactive - virtual
Breast Cancer,NLEQAVRKQM,inactive - virtual
Lung Cancer,NLFKKWSKTLLA,inactive - virtual
Lung Cancer,AFFNAAKLWIKEQ,inactive - virtual
Breast Cancer,NTPQYVLQA,inactive - virtual
Lung Cancer,FAKLLAKLAKLKKKL,inactive - virtual
Lung Cancer,KWKSKKTVKFKKSAKKTV,inactive - virtual
Breast Cancer,FAKKLAKKLLAKL,inactive - virtual
Lung Cancer,GFPKIFKVAAKFL,inactive - virtual
Lung Cancer,TQQAQVLEADMELLQARRL,inactive - virtual
Lung Cancer,KQQQIVKKFLHGTAHLQAIT,inactive - virtual
Breast Cancer,KWKLFKKIPLAKKF,inactive - virtual
Lung Cancer,PFSQTQSRREELIVK,mod. active
Breast Cancer,FALALKKLKKLKKL,inactive - virtual
Lung Cancer,PIEAALSAAAL,inactive - virtual
Lung Cancer,YFPLLRKLQYFSLVL,inactive - virtual
Breast Cancer,FGTISFKIQKIFK,inactive - virtual
Lung Cancer,VADEMLLRKQHLLR,inactive - virtual
Breast Cancer,KWKLFKKIPAAKLMKKT,inactive - virtual
Breast Cancer,VFWVKALA,inactive - virtual
Lung Cancer,KWKLFKKIGIGIGAIKAIAKKFAKKF,very active
Lung Cancer,GKIWHKIAAIEA,inactive - virtual
Breast Cancer,WALKLQWALKAL,inactive - virtual
Breast Cancer,KWKLFKKIPKILAKKL,inactive - virtual
Lung Cancer,KWKLFKKIGIGKF,inactive - exp
Breast Cancer,TAAYKVKEMVSD,inactive - virtual
Lung Cancer,TQLLQHLLRQAIAAR,inactive - virtual
Breast Cancer,FAKKLAKKLAKALAL,inactive - exp
Breast Cancer,LKYESLQEKKL,inactive - virtual
Breast Cancer,NVSDLFVLDLRVATARV,inactive - virtual
Breast Cancer,SVPQAEDFQRVLD,inactive - virtual
Lung Cancer,FLLRKYVATNAELG,mod. active
Breast Cancer,FAKLLAKLAKKAL,inactive - virtual
Breast Cancer,KWKLFKKIGIGIGKFAKFKKKF,inactive - virtual
Lung Cancer,FALLKLLAKLAKKL,inactive - virtual
Lung Cancer,EVKDVTKQRRVNIVAYV,inactive - virtual
Breast Cancer,TKQVLDEQWADDL,inactive - virtual
Lung Cancer,SLPQRIVAVVGRFGH,inactive - virtual
Lung Cancer,TEKLKVYKVMRQH,inactive - virtual
Lung Cancer,EVKDYLVVATIQKQH,inactive - virtual
Lung Cancer,YKDEKEEFETLN,inactive - virtual
Lung Cancer,LADRKLADRKLG,inactive - virtual
Breast Cancer,KQLDSIQQEQYTVKQLT,inactive - virtual
Breast Cancer,FAKKLAKKLAKKLAKL,inactive - virtual
Lung Cancer,VAKKLAKLAKKLAKKLAFKAL,inactive - virtual
Lung Cancer,KKLFKKIPKILTVAAL,inactive - virtual
Breast Cancer,FAKKLAKLAKLAKKL,inactive - virtual
Breast Cancer,FAKLLAKLAKLAL,inactive - virtual
Lung Cancer,EDDFLIQAELRKIQKG,inactive - virtual
Lung Cancer,TPEDVYQWILN,inactive - virtual
Breast Cancer,DATLLEEENFDSLGI,inactive - virtual
Lung Cancer,TQQQQQFKKLEHVQGQVLD,inactive - virtual
Lung Cancer,KWKLFKKAVLAKKLAKKF,inactive - virtual
Lung Cancer,GQMLEAIIQQ,inactive - exp
Lung Cancer,FDEVGRKSLKFKAISS,inactive - exp
Lung Cancer,NVKAFKVVLEFKRTR,inactive - virtual
Lung Cancer,GLFDKVAKLLKVF,inactive - virtual
Breast Cancer,FADALGLEALVKKLG,inactive - virtual
Breast Cancer,SKEEAKKSAEGLFETKG,very active
Lung Cancer,EEVVAATALAWAK,inactive - virtual
Lung Cancer,KWKLFKKIPLAKKF,very active
Lung Cancer,SVEQLLFYVQRAD,inactive - virtual
Lung Cancer,YQQTKADGQADLQIRAQQG,inactive - virtual
Breast Cancer,VAKLLAKAL,inactive - virtual
Breast Cancer,DQNAMRSYTVAQKQIKLLA,inactive - virtual
Breast Cancer,DGEKILFKRKL,inactive - exp
Breast Cancer,FAKKLAKKALKKLAKLL,mod. active
Breast Cancer,SIPKTAEIRVNEMQV,inactive - virtual
Lung Cancer,GLFKVIKKVASVIGGL,inactive - virtual
Lung Cancer,VAKKAKALKKLAKKAKAL,inactive - virtual
Lung Cancer,FAKKLAKLKKLAKLALAL,inactive - virtual
Lung Cancer,FAKLLAKLLAKLAKL,inactive - virtual
Lung Cancer,KWKLFKKLFKKIPKFLHLAKKF,inactive - virtual
Breast Cancer,PQQAQFETRLVQNELT,inactive - virtual
Lung Cancer,KWKLFKKIPKFLHSAKKF,inactive - virtual
Breast Cancer,FAKKLAKKLALALALAL,inactive - virtual
Lung Cancer,FKLLKKLAKALKKAL,inactive - virtual
Lung Cancer,FLGALGLHFIA,inactive - virtual
Breast Cancer,TPDKFLAGALAQ,inactive - virtual
Breast Cancer,PQEMVQDQLYQ,inactive - virtual
Breast Cancer,FKVKVSKVATVSKLHTLIVK,inactive - virtual
Lung Cancer,HFSRVQELKVRH,inactive - virtual
Breast Cancer,ERKAWKAFVSKAAKAVG,inactive - virtual
Lung Cancer,NKTKLAAARVATLLAQ,inactive - virtual
Lung Cancer,RVRTEQASVIAWLLR,inactive - virtual
Lung Cancer,FAKLLAKLAKALKKL,inactive - virtual
Lung Cancer,KWKLFKKIPKFLHSAKKF,inactive - virtual
Breast Cancer,QVAAIHWKIQWYQVAEIN,inactive - virtual
Breast Cancer,LQTKIEEAAIAAAAR,inactive - virtual
Lung Cancer,TIPQAIAEKVQVIRLS,inactive - virtual
Lung Cancer,KWKLFKKIGIGIGKFLHLAKKF,inactive - virtual
Lung Cancer,FAKLLAKALKKLAKAL,inactive - virtual
Breast Cancer,SDGALYNTVVRRVAAG,very active
Breast Cancer,QFNKAGALKKLKKD,inactive - virtual
Lung Cancer,DNVKVAAYFAAK,inactive - virtual
Breast Cancer,FALALKALKKLAKKLAKL,inactive - virtual
Breast Cancer,SPAIGQMVSDVAA,inactive - virtual
Lung Cancer,DPQEALWGFLQAQLYKG,inactive - virtual
Breast Cancer,QEMFSDVGRVVN,inactive - virtual
Lung Cancer,KWKLFKKLKKIPKFLHIEKF,inactive - virtual
Breast Cancer,YFSVQKHVGRILGE,inactive - virtual
Breast Cancer,DDKLKLLAKKL,inactive - virtual
Lung Cancer,EKVAAHVAAKKVAAK,inactive - virtual
Breast Cancer,KQLRAAGKLNIRKQG,inactive - virtual
Breast Cancer,DILEENAELTQAL,inactive - virtual
Lung Cancer,FALALKALKALFEKAISS,inactive - virtual
Breast Cancer,FAKLLAKLAKKLAKL,inactive - virtual
Breast Cancer,FAKLLAKLAKL,inactive - virtual
Lung Cancer,DDVKKVLTKHLLVVKKQ,inactive - virtual
Lung Cancer,DQVQAVQMQAVQ,inactive - virtual
Lung Cancer,FAKKLKKLAKKLAKLAKKL,inactive - virtual
Breast Cancer,NLFSVKLKLISAF,inactive - virtual
Lung Cancer,FALALKALKKLKKAL,inactive - virtual
Lung Cancer,KVVVVAAALKA,inactive - exp
Lung Cancer,FAKLLAKLAKFL,inactive - virtual
Breast Cancer,SLLLLAKKVAK,inactive - virtual
Lung Cancer,GIPKRAEFLKLQAAG,inactive - virtual
Breast Cancer,KVVATQYFLLKAYKL,mod. active
Lung Cancer,DPLKLKLKRLIIK,inactive - exp
Breast Cancer,FKVLDSLIIAA,inactive - virtual
Lung Cancer,KWKSFLKKKSFLKSAVK,inactive - virtual
Breast Cancer,VMQQGQSLETGYF,inactive - virtual
Breast Cancer,WATVANVQVQIAK,inactive - virtual
Breast Cancer,KVMEQKVGAAG,inactive - virtual
Breast Cancer,DFSDFLRQRDVLD,mod. active
Breast Cancer,EELVQAEKG,inactive - virtual
Breast Cancer,TAAYQKLLF,inactive - virtual
Lung Cancer,GKDVVQWALKVVIRRELN,inactive - virtual
Lung Cancer,KWKLFKKIPLILKFL,inactive - virtual
Breast Cancer,DQWAKLAKKQIWAIT,inactive - virtual
Lung Cancer,FAKKLAKKLAKKL,inactive - exp
Lung Cancer,FAVLLAKKLAKLAKKL,inactive - virtual
Lung Cancer,QAKRILIGKRAEQYYY,inactive - virtual
Lung Cancer,DATLLALAQVQ,inactive - virtual
Breast Cancer,VADHVLLADIAV,inactive - virtual
Lung Cancer,DLVRQVAALAYTQD,inactive - virtual
Breast Cancer,TPETLILKLEQYM,mod. active
Breast Cancer,FALAKKALKKAL,inactive - virtual
Lung Cancer,GISRYLLKNQQQLLR,inactive - virtual
Lung Cancer,DQVFDVVIAHLTLDV,inactive - virtual
Lung Cancer,VAAKKLQWAAG,inactive - virtual
Lung Cancer,FAKLLAKLAKKLL,inactive - virtual
Lung Cancer,VAKLLAKLL,inactive - virtual
Lung Cancer,TFPVVLLQTQVL,inactive - virtual
Lung Cancer,FAKLLAKLAKKAL,inactive - virtual
Lung Cancer,SDLPKWALKLWAK,inactive - virtual
Lung Cancer,KWKSFLKTFKSAKKTVAQ,inactive - virtual
Breast Cancer,NLTKIDLEQVARQLAQLQ,inactive - virtual
Lung Cancer,NDEAEDKLQHILDQA,inactive - virtual
Lung Cancer,PEDFDKRLKGIFSF,inactive - virtual
Breast Cancer,KWKLFKKLAKKF,mod. active
Breast Cancer,TKLLAIAQYTLDSLR,inactive - virtual
Lung Cancer,SGTQQQVLLLRQFVFKQQDELDAILY,mod. active
Lung Cancer,KWKLFKKKFLAKKFL,inactive - virtual
Lung Cancer,NVKLFKKFAKKTVKF,inactive - virtual
Breast Cancer,DLWGTESLLAE,inactive - virtual
Breast Cancer,GLFKSIINLYRRRKL,inactive - virtual
Breast Cancer,TKGKVREKKIHN,inactive - exp
Lung Cancer,KWKLFKKIGIGKFL,inactive - virtual
Lung Cancer,VAKKLLAKL,inactive - virtual
Lung Cancer,FAKLLAKKLAKL,inactive - virtual
Breast Cancer,EFPDDIFGIVLHTGIA,mod. active
Breast Cancer,RVPQRVFWVQKGRL,inactive - virtual
Lung Cancer,PQIDILTAQFYRLL,inactive - virtual
Breast Cancer,KWKSFLKTFKTVKKTFKTVLHTLLKLHTLL,mod. active
Lung Cancer,FAKLKKLAKLAKALAF,inactive - virtual
Breast Cancer,DSFLTKFLKVLEMG,inactive - virtual
Lung Cancer,KWKSFLKTFKTFKTFKVVVTL,inactive - virtual
Breast Cancer,TKLKKADALALAIK,inactive - virtual
Lung Cancer,KWKLFKKIGKFLHLAKKF,inactive - virtual
Lung Cancer,FAKKLAKKLAKLAKKLAKLALALAL,mod. active
Lung Cancer,KKDIAKDIAKDAAAAL,inactive - virtual
Lung Cancer,NQKRAKAVQ,inactive - virtual
Lung Cancer,SKEDQFNVTVLQGHL,inactive - virtual
Breast Cancer,KWKLFKKILKLF,inactive - virtual
Lung Cancer,EDKLKLKLQKLQAPL,inactive - virtual
Breast Cancer,DPNIVQIHVVIRKSLK,inactive - virtual
Breast Cancer,TETLKKLLAKKG,inactive - virtual
Lung Cancer,DPVALEVATLLQRIELR,inactive - virtual
Lung Cancer,KWKLFKKIPLKKFLHSAKKF,inactive - virtual
Breast Cancer,SLTKELVQVARQQAS,inactive - virtual
Breast Cancer,EKVQYQVAWELAIN,inactive - virtual
Breast Cancer,FAKLLAKLLKLL,inactive - virtual
Lung Cancer,DWVKKLLKKLKKH,inactive - virtual
Lung Cancer,GLLDLEFKMTLQVIVKK,inactive - virtual
Lung Cancer,FAKLLAKLKKLAKKAL,inactive - virtual
Lung Cancer,EKDQQAIGILRN,inactive - virtual
Lung Cancer,SASSQAHSVVNNQT,inactive - virtual
Lung Cancer,GHAATVVVVVVATV,inactive - virtual
Breast Cancer,TPSKLLQVATQ,mod. active
Breast Cancer,GEDALKKRKLKKLKKDAL,inactive - virtual
Breast Cancer,KVQYENGKQVIAYT,inactive - virtual
Lung Cancer,YDSVKVAEIER,inactive - virtual
Lung Cancer,QSARAVLQVRAML,inactive - virtual
Lung Cancer,AGDVLKLRGEILR,inactive - virtual
Lung Cancer,DQADVSRTKIFGLLH,inactive - virtual
Breast Cancer,EKSIYSIEMLDLEE,inactive - exp
Breast Cancer,VKDVTADVVLLA,inactive - exp
Lung Cancer,KWKLFKKIPKFLHLAKKF,inactive - virtual
Lung Cancer,KWKLFKKIPKFLHSAKKLKFHLSAKKKFHL,inactive - virtual
Breast Cancer,PLEQQLQALGVKQLVSDK,inactive - virtual
Breast Cancer,KFLTKLKLFKKIAKKTVKTVLF,inactive - virtual
Lung Cancer,SDQKYKVVDVVIRSLQQ,inactive - virtual
Breast Cancer,SKYRALIQDNEMLK,inactive - virtual
Breast Cancer,TKGKDLLKNLNAMNGKG,inactive - virtual
Breast Cancer,PEDAFLYKVN,inactive - virtual
Lung Cancer,DPLRQQLGQKGQG,inactive - virtual
Lung Cancer,QQAYLQIQG,inactive - virtual
Lung Cancer,KKGDFKKDIAKDIAKVG,inactive - virtual
Lung Cancer,KAAQIVQWFGKAVA,inactive - virtual
Breast Cancer,NLEALALKA,inactive - virtual
Lung Cancer,DQHLIGYKVAKR,inactive - virtual
Lung Cancer,GKDVLHLQA,inactive - exp
Lung Cancer,KWKLFKKIPKFLF,very active
Lung Cancer,NLFGNYKRLTKQ,inactive - virtual
Lung Cancer,DILEEKELEIERKL,inactive - virtual
Lung Cancer,KKDVKKDVKLGNLVG,inactive - virtual
Lung Cancer,DLLASQKVVETL,very active
Breast Cancer,YFPQRQRISLLQ,inactive - exp
Lung Cancer,TPQQTQAEEVQKD,inactive - virtual
Breast Cancer,FKLAKKLAKLAKALALAL,inactive - virtual
Lung Cancer,DEKLYVQALMEQAT,inactive - virtual
Lung Cancer,FAKKLAKKLL,inactive - virtual
Breast Cancer,EAPLKLTARAF,mod. active
Breast Cancer,KKFPTKFLKKVKIKNISL,inactive - virtual
Breast Cancer,SPEEEFNAIV,inactive - virtual
Breast Cancer,QASRLLFLLFQI,inactive - virtual
Lung Cancer,RAGLILRILRAAG,inactive - virtual
Breast Cancer,DLETLQQKALKD,inactive - virtual
Lung Cancer,KAAYKLNYKL,inactive - virtual
Lung Cancer,LQRKLARGILQAAQ,inactive - virtual
Lung Cancer,VLLDALWLFDA,inactive - virtual
Lung Cancer,SPAVLQRQTLIVQ,very active
Lung Cancer,AEGLQAQVLKRSLIRM,inactive - virtual
Breast Cancer,NDEESAQGQLTQQYM,inactive - virtual
Breast Cancer,TQIGVVVQAVTQIHSVY,inactive - virtual
Breast Cancer,VAKLLAKLLAKLAKLL,inactive - virtual
Lung Cancer,KWKLFKKIGKFLHILKFAKFL,inactive - virtual
Breast Cancer,FALALKKLKKLKKLKKLKKKLKKLKKLKKLKKKLKKLKKLKKLKKLKKKLKKLKKLKKLKLKLKLKKLKKKLKLKKLKKLKLKLKLKKLKLKLKLKKKLLKLKLLLKLKLLKLLKLKKLKLKLLKLKLKLKLKLKLKLKLKLKLKLKLKLKLLKLKLKLKLKLKLKLKLKLLKLKLKLKLKLLKLKLKLKLKLKLKLKLKLKLK,inactive - virtual
Lung Cancer,EEMYEMRKQRIDIARGYLLR,inactive - virtual
Breast Cancer,FKVNYVLHVLHVL,inactive - virtual
Breast Cancer,KWKSFLKTFKTFKVILKVILK,inactive - virtual
Lung Cancer,PSVQYWVFNKHL,inactive - virtual
Lung Cancer,NPSKRLQRLLKLASR,inactive - virtual
Breast Cancer,KGKDIAKKDDAKKL,inactive - virtual
Breast Cancer,KWKSFLKTFKLKKTVLHTLIVKVAK,inactive - virtual
Lung Cancer,SKDMLAEAIEAQ,inactive - virtual
Breast Cancer,PSALVKLQRLQAQL,inactive - virtual
Lung Cancer,DLTSDGVITEYEVEQ,inactive - virtual
Breast Cancer,KWKLFKKIPLAKF,inactive - virtual
Breast Cancer,FLLAKKLAKAL,inactive - virtual
Lung Cancer,DPLEDLLEVQEM,inactive - virtual
Breast Cancer,KWKLFKKIGIGKFLHL,inactive - virtual
Breast Cancer,VAKLLAKKLAKKAL,inactive - virtual
Breast Cancer,DEAEAQNRELKQAQVYN,inactive - virtual
Lung Cancer,FAKKLAKKLAKKLALAL,very active
Lung Cancer,EAEIEAHLFDAIHFLS,inactive - virtual
Lung Cancer,KWKLHVFKKIshIVshIVK,inactive - virtual
Lung Cancer,TPEEIHLKQRLLHVYDSVRE,inactive - virtual
Lung Cancer,HDPEQYGLKQFNVGLKLK,inactive - virtual
Lung Cancer,DLGKQRILKVLQGDR,inactive - exp
Lung Cancer,KWKLFKKIPKFLHAAKAAKFL,inactive - virtual
Lung Cancer,DLKLAKLAKKAL,inactive - virtual
Lung Cancer,KWKSFLKTFKTFKSLF,inactive - virtual
Breast Cancer,TPEQSRLNKEIAD,inactive - virtual
Lung Cancer,KWKLFKKIGKFLHLAKKF,inactive - virtual
Lung Cancer,GLFDVAKVKKVAAVIKK,inactive - virtual
Breast Cancer,FKLLKKLAKKAL,inactive - exp
Lung Cancer,YQQQEEMVHFVGGLQLADLIVHLT,inactive - virtual
Lung Cancer,GLFDVIKKVASVIKAGGL,inactive - virtual
Breast Cancer,PQYAEVQGRLRLSQQALRRR,mod. active
Lung Cancer,DQRVVLDLQAVL,inactive - virtual
Lung Cancer,FAKLLAKLAKLAKL,inactive - virtual
Lung Cancer,FKVGRKVKKGKKGLL,inactive - virtual
Breast Cancer,FAKLLAKALKKLAKKAL,inactive - virtual
Breast Cancer,FAKLLAKLAKKLL,inactive - virtual
Lung Cancer,FAKLLAKALKKL,inactive - virtual
Breast Cancer,DLLAKLAKLAKK,inactive - virtual
Breast Cancer,VAKKAWKAWKAKKAWA,inactive - virtual
Breast Cancer,GLFAVIKKVASVAAV,inactive - exp
Lung Cancer,FAKLLAKALKKLKKAL,inactive - virtual
Lung Cancer,FALALKLKKLKKLKKLKKKLKKLKKLKKLKKLKKKLKKLKKLKKLKKLKKLKKLKKLKLKKL,inactive - virtual
Lung Cancer,FKFKKIPFKFKIGKFL,inactive - virtual
Lung Cancer,SVEGVQQGLVADYFK,inactive - exp
Lung Cancer,DQRKDLEETAGQVL,inactive - virtual
Breast Cancer,DEKLQRLLQEKQKL,inactive - virtual
Lung Cancer,FTRPIEAAALAHLT,mod. active
Lung Cancer,EISLLVQYKLLR,inactive - virtual
Lung Cancer,SKDQRKYFHSQMLSIVQVAYS,very active
Lung Cancer,NKQAKRTVQAFLDSVF,inactive - virtual
Breast Cancer,GALFKVRRLQAHTLQQ,inactive - virtual
Breast Cancer,FLKLLAKLAKKLAKA,inactive - virtual
Lung Cancer,LILKGVKKTVLD,inactive - virtual
Breast Cancer,DQKFVLQMKGWILW,inactive - virtual
Lung Cancer,GKDAAAEEVQQRYDQE,inactive - virtual
Lung Cancer,FALALAAALAAKK,inactive - virtual
Lung Cancer,KWKLFKKIPLAKKL,inactive - exp
Breast Cancer,FAKKLAKKLAKLAKKL,inactive - virtual
Lung Cancer,DQRSRDIFKQLA,inactive - virtual
Breast Cancer,FAKKLAKKLKKALKKL,inactive - virtual
Lung Cancer,RIEAIEILKKL,inactive - virtual
Lung Cancer,QEDIAVNAVLQYQK,inactive - virtual
Lung Cancer,KWKLFKKIGKFLHLAKKF,inactive - virtual
Lung Cancer,DLKLQGRAIFLHLLR,inactive - virtual
Lung Cancer,LADLQEEMLQVH,inactive - virtual
Lung Cancer,GKHLSALKKLKKTGKLL,inactive - virtual
Breast Cancer,SLEDFVVKKWLFVDLI,mod. active
Lung Cancer,EKDQWKQLLGQLER,inactive - virtual
Breast Cancer,RPSHRSVSRAMILF,inactive - virtual
Lung Cancer,KKVAAQIHLLQIH,inactive - virtual
Breast Cancer,VAKKLAKKVLAKAL,inactive - virtual
Lung Cancer,QAAGKVWRAAVF,mod. active
Lung Cancer,DFAEALAEAL,inactive - virtual
Breast Cancer,FAKLLAKLKKLAKKL,inactive - virtual
Breast Cancer,TKQEEIYQAVR,inactive - virtual
Breast Cancer,GKIQAAGLLQA,inactive - virtual
Lung Cancer,EKRAVYVRTQSIL,mod. active
Lung Cancer,YKRAQYLVVSSRLLNRLQ,inactive - virtual
Lung Cancer,KWKLFKKIGIGIGKFLHSAKKF,inactive - virtual
Breast Cancer,EDDALLLVRQAM,inactive - virtual
Lung Cancer,FAKKIPIPKFLHLAKK,inactive - virtual
Lung Cancer,PSFRLVAAGFSI,inactive - exp
Breast Cancer,RTAHVLQMKLQLQKQSDIHIVKLLI,mod. active
Lung Cancer,FAKVKKWVAKVFKKSL,inactive - virtual
Lung Cancer,NLVALVARQLQVLD,inactive - virtual
Lung Cancer,PSYQQAELTKQILKK,inactive - exp
Breast Cancer,FKDIAKVFFMISS,inactive - virtual
Breast Cancer,KKTAEEKTFKKTVAKKAIKL,inactive - virtual
Breast Cancer,EKGFLKFGKFLKFKKIKFAKFAKKFAKKFAFAKFA,mod. active
Lung Cancer,KKDEATRQA,inactive - exp
Lung Cancer,FKRLKKAKKRL,inactive - virtual
Breast Cancer,GLFAVKKLAKKL,inactive - virtual
Breast Cancer,SVDKAFEELTVLQI,inactive - exp
Breast Cancer,KWKLFKKIGKFLKFAKKLIGKFL,inactive - virtual
Lung Cancer,SVPLLSKLNIVSDK,inactive - virtual
Breast Cancer,KWKRFLKTFKSAKKTVLISS,inactive - virtual
Breast Cancer,VAKLLAKLL,inactive - virtual
Breast Cancer,QKRAVENYLVNKE,inactive - virtual
Lung Cancer,KWKLFKKFAKFKKAKKF,inactive - virtual
Breast Cancer,KKDVKLILAK,inactive - virtual
Lung Cancer,KWKLFKKIPKFLH,inactive - virtual
Lung Cancer,FAKLAKKLAKKAL,inactive - virtual
Lung Cancer,GFFKKLGKLRRKAGAAKKL,inactive - virtual
Breast Cancer,VAKKLAKLAKLAL,inactive - virtual
Breast Cancer,QNQELRAAGKG,inactive - exp
Lung Cancer,SVEQEQYLLTK,inactive - virtual
Lung Cancer,LEEVIAFLKL,mod. active
Lung Cancer,EYVVKKVADGWLHTIAMRL,inactive - virtual
Breast Cancer,DNVKRLKLRSVKKL,inactive - virtual
Lung Cancer,TKLLAKLLAKAL,inactive - virtual
Breast Cancer,NEQQALGQYMLEIHEKQL,inactive - virtual
Breast Cancer,LADLQRLHVQYAR,inactive - virtual
Breast Cancer,TAFKGQYFKKGKKAYIN,inactive - virtual
Breast Cancer,HSDQYRVVFLLIHVFFE,inactive - virtual
Lung Cancer,GLFDVIKKVASVIKKV,very active
Lung Cancer,NLEAESFQQQVLQW,inactive - exp
Breast Cancer,EKVKKVLKLAKKAFG,inactive - virtual
Lung Cancer,NAAKAFKAVLK,inactive - virtual
Lung Cancer,NDEQYTIEIYQEEL,inactive - virtual
Lung Cancer,NVKRAKKRILKFVAYR,inactive - virtual
Breast Cancer,PSLVDRVKKVRRSSGRLKTVS,inactive - virtual
Breast Cancer,KWKLFKKIPKFLHSAKKFLKSAKKAFKSAK,inactive - virtual
Breast Cancer,DIETLGLKQLSLLKG,inactive - virtual
Breast Cancer,TEVVYNQYWYAVKL,inactive - virtual
Lung Cancer,FAKKLAKKLKKLAKLAKKLAKL,inactive - virtual
Lung Cancer,FKLLFKKVLQS,inactive - virtual
Lung Cancer,SPEEAEKVLDLEIHL,inactive - exp
Lung Cancer,KWKLFKKIGIGKFLHLAKAK,inactive - virtual
Lung Cancer,TAAEILNQKAVQ,inactive - virtual
Lung Cancer,FALLKLKKAAKKL,inactive - virtual
Breast Cancer,DPATLQA,inactive - virtual
Breast Cancer,KWHRVVFWGIAKRSVF,inactive - virtual
Breast Cancer,KWKLFKKIPKFLHL,inactive - virtual
Lung Cancer,GLFAVIKKVAAKKV,inactive - virtual
Breast Cancer,KWKLFKKIPKF,inactive - virtual
Lung Cancer,PLEQVQAFYQ,inactive - virtual
Breast Cancer,YTQQTQHLLYLQH,inactive - exp
Lung Cancer,KWKLFKKAKKFL,inactive - virtual
Breast Cancer,FALAKKLAKKAL,inactive - virtual
Lung Cancer,SESVQKQILQLQALQ,inactive - virtual
Lung Cancer,FAKLLAKLAKAAL,inactive - virtual
Breast Cancer,TQENLYLLRADLYLQAAYF,inactive - virtual
Lung Cancer,FAKLLAKLAKKLAK,inactive - exp
Lung Cancer,DLATLNQVQYLLR,mod. active
Lung Cancer,KWKLFKKIPKFLHSAKKLA,inactive - virtual
Lung Cancer,DIPSVLRLQQVQFLWYLQ,inactive - virtual
Lung Cancer,FALALKALKKALALKALKKAL,inactive - virtual
Lung Cancer,TKDDFLQTAAQVLFE,inactive - virtual
Breast Cancer,VAKLLAKLAKKAL,inactive - virtual
Lung Cancer,HSDKLQSFQK,inactive - virtual
Lung Cancer,FALALKALKKAL,inactive - exp
Lung Cancer,KWKLFKKIPHLAKKF,inactive - virtual
Lung Cancer,KWKLFKKIGIGKFLHLAKKF,inactive - virtual
Lung Cancer,DATALRLRRRVASAL,mod. active
Breast Cancer,GLGAVKKVSKAVLKVVAAKKKV,mod. active
Lung Cancer,SESEFVADGASVFDEIRNG,inactive - virtual
Lung Cancer,QVAYVAAAGAL,inactive - virtual
Lung Cancer,FAKLLAKLAKKAL,inactive - virtual
Lung Cancer,LQKLLQGQYVR,mod. active
Breast Cancer,TAYLKASVKLLAKL,inactive - virtual
Breast Cancer,FAKKLAKKLAKL,inactive - virtual
Lung Cancer,PIEAAKAYINEMQE,inactive - virtual
Lung Cancer,KWKLFKKIGIGKFLHLAKKTFKF,inactive - virtual
Lung Cancer,SKEDIAKIAKSAKKTVVY,inactive - virtual
Breast Cancer,VADLQVFKLQQLQQ,inactive - virtual
Breast Cancer,VKDVTALILLEGLL,inactive - virtual
Breast Cancer,FAKKLAKKLAKLAKKL,inactive - exp
Breast Cancer,FKLLAKALKKIL,inactive - virtual
Breast Cancer,KWLFKKIPKFLHSAKF,inactive - virtual
Lung Cancer,LQRTRQTKAYVLMSLQAR,inactive - virtual
Breast Cancer,FAKKIPILKILKF,mod. active
Breast Cancer,GKFAVAAVAAVIH,inactive - virtual
Lung Cancer,NKQYTVLKEEMG,inactive - virtual
Lung Cancer,EDEKKALAYEEYWLS,inactive - virtual
Lung Cancer,VMQYQENLQQYFSLS,inactive - virtual
Breast Cancer,SPSKFLRIVQWSLR,inactive - virtual
Breast Cancer,SVPYHLLIQK,inactive - virtual
Breast Cancer,DLFKKLAKKLL,inactive - virtual
Lung Cancer,KPEEESRVLTFNYIHVNAATNLEAHTET,inactive - virtual
Lung Cancer,DEETLINDLTAAEIR,inactive - virtual
Lung Cancer,AEQEKVLEHLLLLQQKKG,inactive - virtual
Lung Cancer,LDPVATLQIHLLQKG,inactive - virtual
Breast Cancer,KWKSFLKVATVIKKLAT,inactive - virtual
Breast Cancer,DSVEDLQFHLVYG,inactive - virtual
Breast Cancer,GKFDKIFKIGAAAGGLA,inactive - virtual
Lung Cancer,KWKLFKKIPKFL,inactive - virtual
Lung Cancer,GLFDVIKKVASVIKGL,inactive - virtual
Breast Cancer,NIEAELGEKQFQS,inactive - virtual
Lung Cancer,KWKLFKKIPHLAKLAKKF,inactive - virtual
Lung Cancer,GEKLQDELVRQMEMILRRR,inactive - virtual
Breast Cancer,KWKLFKKIPKFHLAKKF,mod. active
Breast Cancer,FAKLLAKLAKKLL,inactive - virtual
Breast Cancer,KKWKSFLKKWKSFLA,inactive - virtual
Breast Cancer,KWKSFLKTFKSLKSLKAISS,inactive - virtual
Lung Cancer,KKLWKLFKKIGKFLHLAKKF,mod. active
Breast Cancer,GLFDKLLFDKL,inactive - virtual
Lung Cancer,RIFLKKLAAGLL,inactive - virtual
Breast Cancer,KWVGRLLFKKWIGFL,inactive - virtual
Breast Cancer,NPPVQRILIVKG,inactive - exp
Lung Cancer,GIGKFLKKAKKLAKAL,inactive - virtual
Lung Cancer,KPEAIAGLLQVQM,inactive - virtual
Breast Cancer,EDLIVKVKYVL,inactive - virtual
Breast Cancer,KPEEVVSKNIRSSIIT,inactive - virtual
Lung Cancer,NAAKKLQAAK,mod. active
Breast Cancer,NVKRAITVVRLLKQ,inactive - virtual
Lung Cancer,FALALKLKKLKKLAKKLAKLAKKL,inactive - virtual
Lung Cancer,VAKLLAKLL,inactive - virtual
Lung Cancer,VAKQAKKAFLL,inactive - virtual
Lung Cancer,TEQGQAYILVAEQYSLR,inactive - virtual
Lung Cancer,FLSLSLWKSLIWKLFPHS,very active
Lung Cancer,EEEFLRRVFFRLLKM,inactive - virtual
Lung Cancer,SDVDKDLLAITLH,very active
Lung Cancer,DFSVLLQMVEEQQG,inactive - virtual
Breast Cancer,SLLAWAWAWAWAWAWAWA,inactive - virtual
Lung Cancer,SPAVNQRKDELWISN,inactive - exp
Breast Cancer,SKEDIHLYKVKKLIVWWK,inactive - virtual
Lung Cancer,FAKLLAKLAKKL,inactive - virtual
Lung Cancer,EKLFLLAQQLKRS,mod. active
Breast Cancer,TQYVVVRSLSVLWELIQ,inactive - virtual
Lung Cancer,PSYKNEEKSALRKLEFKY,inactive - virtual
Lung Cancer,EKLLAAVLAKLKKLQSQI,inactive - virtual
Breast Cancer,SVAQVKKVVNIVNDLVQA,inactive - virtual
Breast Cancer,GKDVKAKVVRKLKKVILES,very active
Lung Cancer,KEEQKLQAIKKGRL,inactive - virtual
Lung Cancer,TFSKAVGQEALK,inactive - virtual
Breast Cancer,EKVYVKKTVIHNIVKLVARGVKLITL,inactive - virtual
Lung Cancer,GEENYEMALVARLR,inactive - virtual
Breast Cancer,KDFKAYLNQHVF,inactive - virtual
Lung Cancer,TAKKHLLKLFKKIEKDHAEKLK,inactive - virtual
Lung Cancer,GAYSLLIQLLH,inactive - virtual
Breast Cancer,TPEEAALSKDQR,mod. active
Lung Cancer,NVWYFTVANLIQKKR,inactive - virtual
Breast Cancer,GKLFKKIGIGKLAKKLAKALAKLAKAKALALKAL,inactive - virtual
Lung Cancer,QPIGRILTRVADMEQN,mod. active
Breast Cancer,NAKRAKKVGRVVKKLARVKKLQA,inactive - virtual
Breast Cancer,YKWHDAAAANQVARQLT,inactive - virtual
Lung Cancer,VAKLLAKALKKAL,inactive - virtual
Lung Cancer,AEKVQAEKSVFMT,inactive - exp
Breast Cancer,YTELAFLAETKVLQA,inactive - virtual
Lung Cancer,QFQADALGKLRK,inactive - virtual
Lung Cancer,KVRVNAAVAAVIWITH,inactive - virtual
Lung Cancer,SVRKLRQVVEYMISNEDFISN,inactive - exp
Lung Cancer,TIQTQLLADWQAVW,mod. active
Lung Cancer,FLGMALKAISSAE,inactive - virtual
Lung Cancer,DQKLRRVLDEMF,inactive - virtual
Lung Cancer,WKDVTKVILTKVAKAL,inactive - virtual
Lung Cancer,GIVRQRVVAKQ,inactive - virtual
Lung Cancer,KQKDVVFFKQIHILKKKV,inactive - virtual
Breast Cancer,GKLLAKLLAKKLL,inactive - virtual
Breast Cancer,SAVASRTVIWQIWVATGV,inactive - virtual
Lung Cancer,SVEQGVVAAQEQAAD,inactive - exp
Breast Cancer,NKDALKLWSHLDELIQK,mod. active
Lung Cancer,KVRFYLQAIV,inactive - virtual
Breast Cancer,DDETLENIEQH,inactive - virtual
Lung Cancer,KKVFAKVFKKLKKFKKIGLIKKVT,inactive - virtual
Breast Cancer,KWKLFKKIPLILKFL,mod. active
Lung Cancer,FKVGALLKARVKKL,inactive - virtual
Lung Cancer,FALALALKALKKLKKAL,inactive - virtual
Lung Cancer,KWKLFKKIPKFLHLAKKF,inactive - virtual
Breast Cancer,TKRAEALQYLLIQG,inactive - virtual
Lung Cancer,SPAWKVASVASV,inactive - virtual
Lung Cancer,KWKLFKKIPLAWKFHLAKKF,inactive - virtual
Lung Cancer,DQQAIDLIVFRIQVINL,inactive - virtual
Breast Cancer,VADVQRVATALEQAQ,inactive - virtual
Breast Cancer,DYTELVQIADRLKG,inactive - virtual
Lung Cancer,FAKLLAKLLAKL,inactive - virtual
Lung Cancer,PEDEVQAQYIVFLT,mod. active
Breast Cancer,KKLEEQAEKGQAR,very active
Breast Cancer,GLFAVIKVLDAMVLH,inactive - exp
Breast Cancer,KVAAKVAAKKAAKKLHTLK,inactive - virtual
Breast Cancer,FALALKALKKAL,very active
Breast Cancer,KWKLFKKFLKKAVLAKKL,mod. active
Breast Cancer,KEWKIRLWASL,inactive - exp
Lung Cancer,FALAKKALKKAKKAL,inactive - exp
Lung Cancer,NRELQVLTYRLQA,inactive - virtual
Lung Cancer,KWKSILKTFKSAKKTVAKAL,inactive - virtual
Breast Cancer,KWKLFKKIPKFLHLAKKF,inactive - virtual
Lung Cancer,GEISTLEQTLAAID,very active
Lung Cancer,KKDVRKVKKAD,inactive - virtual
Lung Cancer,KWKLFKKIPKFLHFAKF,inactive - virtual
Lung Cancer,FALALKALKKKKLL,inactive - virtual
Breast Cancer,HVWAQRYLLM,inactive - virtual
Breast Cancer,WGLKVIPVHGLKG,inactive - virtual
Breast Cancer,FALALKALKAISS,inactive - virtual
Lung Cancer,LEEVVNQIHHVFR,inactive - virtual
Lung Cancer,FALLKALKKLKKAL,very active
Lung Cancer,FADFLNLDFLKALKKLKKAL,mod. active
Lung Cancer,GLFDIVKKVKLAGKVGRF,inactive - virtual
Breast Cancer,AFFQLLHLLN,inactive - virtual
Breast Cancer,PVAQHASRN,inactive - virtual
Lung Cancer,VMQSVLKHVLLEH,inactive - virtual
Breast Cancer,VADVADVSRAMVSRAMIL,inactive - virtual
Lung Cancer,KWKLFKKIPKFLHLAKKF,mod. active
Lung Cancer,TPKLLAKQVAAR,inactive - virtual
Breast Cancer,TIQKVRKWAKLQQYQ,inactive - virtual
Breast Cancer,DLTAEALAGKLHIEAEDK,inactive - virtual
Lung Cancer,FAKKLAKLAKKLAKLALAL,inactive - virtual
Breast Cancer,KWKLFKKIGKFLAKEKF,inactive - virtual
Breast Cancer,PSVQEELVRLFVAR,inactive - virtual
Lung Cancer,NVKDQLAIEKLQNQHELIQ,inactive - virtual
Lung Cancer,HAKKLLAKLL,inactive - virtual
Lung Cancer,TEEKVQVLEATLSR,inactive - virtual
Breast Cancer,FKRLQALQKLNARRVVKNIVYWLIVLEA,inactive - virtual
Lung Cancer,FHSVLKLLKLL,inactive - virtual
Lung Cancer,KWKLFKKIGILKF,inactive - virtual
Lung Cancer,KWKLFKKIGKFLHSAKKF,inactive - virtual
Breast Cancer,GLFDIVKKMILKG,mod. active
Lung Cancer,KWKSFLKTFKTFKSLKAISS,inactive - virtual
Breast Cancer,FAKKLAKKLAKKAL,inactive - virtual
Breast Cancer,SASSDIAKDIAKG,inactive - virtual
Lung Cancer,SLESLQAQLRQQQVQG,inactive - virtual
Breast Cancer,NLEKAFKLLKTF,inactive - virtual
Lung Cancer,KIAKKLKKLAKKLAKLAKKLKKLALAL,inactive - virtual
Lung Cancer,DLTQRVRTTFGIRES,inactive - exp
Breast Cancer,NAAQYLQAEQE,inactive - virtual
Breast Cancer,DPQQVATQLLQVAQAQQA,mod. active
Lung Cancer,LADLHLLAVKAD,inactive - virtual
Lung Cancer,KWKSFLKTFKSLKKTVLHTL,mod. active
Breast Cancer,RPEQVQHSAVARTVAQW,inactive - virtual
Lung Cancer,PVDQWILVLQAFY,inactive - virtual
Breast Cancer,DFLKLLAKLAKKLAL,inactive - exp
Lung Cancer,FALALKLALKALKKAL,inactive - virtual
Breast Cancer,FAKLLAKLLAKL,mod. active
Lung Cancer,TMVVQRLFDAFLWALVKFLW,inactive - virtual
Breast Cancer,PEDAAPLILKQ,inactive - virtual
Lung Cancer,QKLLQATLATLQH,inactive - virtual
Lung Cancer,GLFAVIKVASVGRK,inactive - virtual
Lung Cancer,SLKVLKKLAKKVLAKL,inactive - virtual
Breast Cancer,KWKLFKKIGIGIGKFLHSAKKF,mod. active
Breast Cancer,SPEALKLYPKWALKLAKKLLKKFKAISS,inactive - exp
Breast Cancer,EEEVQAEDL,inactive - virtual
Lung Cancer,DGVANLFSVVIRLLIQ,mod. active
Lung Cancer,FAKLLAKAL,inactive - virtual
Lung Cancer,NLEAGALKKDAL,inactive - virtual
Lung Cancer,LQQIVALVQQA,inactive - virtual
Lung Cancer,GLFDVIKKVIKKLHTVIKKH,inactive - virtual
Lung Cancer,KWKSFLKTFKSAKKTVAIKAAK,inactive - virtual
Breast Cancer,GFKELVKKLKAGAL,inactive - virtual
Lung Cancer,WAKKLAKLAKKL,inactive - exp
Lung Cancer,EDKLLEEEMQY,inactive - virtual
Lung Cancer,KWKSFLKTFKSAKKF,inactive - virtual
Lung Cancer,KVVVFMTGLAFKVATV,inactive - virtual
Lung Cancer,GLFDVQSILNIVKAY,inactive - virtual
Lung Cancer,EIPLKAFEISL,inactive - virtual
Lung Cancer,FAKLAKKLAKKLAKL,inactive - exp
Lung Cancer,KWKLFKKIPLAKKFLAKAL,inactive - virtual
Lung Cancer,FALAGALGIAL,inactive - virtual
Breast Cancer,FALALKALKKLAKAL,inactive - exp
Lung Cancer,KWKLKLKLFKKFKKKLAKKLF,inactive - virtual
Breast Cancer,QQIVRKVMMVQATKQAR,inactive - virtual
Lung Cancer,TQELKVQKLQYEMIETK,inactive - virtual
Lung Cancer,FAKLLAKLLAL,inactive - virtual
Breast Cancer,KWKLFKKIPKFLHL,inactive - virtual
Lung Cancer,FAKLLAKLAKKLL,inactive - virtual
Lung Cancer,SVRKLIVYVATIAKG,inactive - virtual
Breast Cancer,FKVKKVATGLAITAITAFKV,mod. active
Breast Cancer,QAVLIVQN,inactive - virtual
Breast Cancer,FAKKLAKKLAKL,inactive - virtual
Lung Cancer,PDEATLAKQE,inactive - virtual
Breast Cancer,FALLKALKALKALKALKKAL,inactive - virtual
Breast Cancer,FFSKAFVKNAAF,inactive - virtual
Lung Cancer,FALALKALKKLKKLAKKLL,inactive - virtual
Breast Cancer,FALLKALKLKKALKAL,inactive - virtual
Breast Cancer,SLEDVVGRLLSLVSLQ,mod. active
Lung Cancer,TQFLTQKQSRVQWVN,inactive - virtual
Lung Cancer,GLFDVIKKVASVATVIHG,inactive - virtual
Breast Cancer,NTTKSLQQLEIYATV,inactive - exp
Lung Cancer,TQWALAWSKIWALG,inactive - virtual
Lung Cancer,KPAQEALRKHAL,inactive - exp
Lung Cancer,IHVVVDAMVQAKAFG,inactive - virtual
Breast Cancer,SPEKIAEKVVKKHLAEN,inactive - virtual
Breast Cancer,VADRIETLAAETLH,inactive - virtual
Breast Cancer,KWKLFKKIPKFLHL,inactive - virtual
Lung Cancer,GLFAVIKKVASVIKKL,inactive - exp
Lung Cancer,KTFKKVKAGLL,inactive - exp
Breast Cancer,TQRDQFDDFLEA,inactive - virtual
Breast Cancer,SPAVQWSLQNIRL,inactive - virtual
Lung Cancer,FKLKLAKLAKKAL,inactive - virtual
Breast Cancer,FAKLLAKALKKLKKL,inactive - virtual
Breast Cancer,FALALKALKKLKKAHAKKLKKKLKKLKKLKKKL,inactive - virtual
Lung Cancer,NLEAQEMQAVQAQ,inactive - virtual
Breast Cancer,EQEELRVEILR,inactive - virtual
Breast Cancer,KWKLFKKIPKFLHLAKKF,inactive - virtual
Lung Cancer,NLFPVVADATVFFAARTHG,inactive - virtual
Lung Cancer,KWKLFKKIPLAKKFL,inactive - virtual
Lung Cancer,SDKNLQAMREWQM,inactive - virtual
Lung Cancer,DLGQHITALQKGS,inactive - virtual
Lung Cancer,KWKLFKKIPKFLHLAKKF,inactive - virtual
Breast Cancer,APDQAVQGFLHNVMLSQG,inactive - virtual
Lung Cancer,DPLQYVKKRKSARVRKAL,inactive - virtual
Breast Cancer,FLGMIPKTFKSAKKFINAL,inactive - exp
Lung Cancer,GFSETLQLLRR,inactive - virtual
Breast Cancer,SPEEAVVGGIFK,inactive - virtual
Lung Cancer,VAKLLAKAAL,inactive - virtual
Lung Cancer,PQAAITGRLQYW,inactive - exp
Breast Cancer,SREKYHILKLLKG,inactive - virtual
Breast Cancer,FAKKLAKLAKKLAKKL,inactive - virtual
Lung Cancer,PEGKYVAAVLQA,inactive - virtual
Breast Cancer,GFSLLAHSLQI,inactive - virtual
Breast Cancer,FAKLLAKALAKKLKKL,inactive - virtual
Breast Cancer,RTAELELLIQK,inactive - virtual
Breast Cancer,KWKLFKKFAKKLAKKFL,inactive - virtual
Lung Cancer,DQQQGLLRKDVADLRQA,inactive - exp
Breast Cancer,NLPQQIHLLQVVVR,mod. active
Breast Cancer,KWKSFLKTFKSAKKTVAQARSAARTVL,inactive - virtual
Lung Cancer,KWGIGIGIGIFKGIGIGKGIGI,inactive - virtual
Lung Cancer,FLKLLAKALKKL,inactive - virtual
Lung Cancer,SVRQQAELLEEAL,inactive - virtual
Lung Cancer,DLAAETLQ,inactive - virtual
Breast Cancer,NKEKAFVATRLQI,inactive - virtual
Lung Cancer,FKVKILKKVKLAKKLAKKL,inactive - virtual
Breast Cancer,DQEILRIAKVILR,inactive - exp
Lung Cancer,VADLQMVLDQSLIH,inactive - virtual
Lung Cancer,NQAYHLDEMTEMF,inactive - virtual
Lung Cancer,SVEQVYVNDVYTLLQVLEA,inactive - virtual
Lung Cancer,SIPKLLAE,inactive - exp
Lung Cancer,LLEQVQELR,inactive - virtual
Lung Cancer,KWKLFKKIPKFLHLAKKF,inactive - virtual
Breast Cancer,QSDIFRTVA,mod. active
Breast Cancer,DGKLLKLAKLL,inactive - virtual
Lung Cancer,GPTELAKRVIKKAQK,inactive - virtual
Breast Cancer,KWKLFKKIGKEILKFLHLAKKF,inactive - exp
Lung Cancer,GKRYLLTVAALIQA,inactive - virtual
Breast Cancer,FALKALKKLKKLKK,mod. active
Lung Cancer,GIGKFLKFLKKIGKFLKKKKKFL,inactive - virtual
Breast Cancer,DQQRQDQLRVNLEARLG,inactive - virtual
Breast Cancer,KWKLFKKIGKFLHLAKKAFK,inactive - virtual
Lung Cancer,VAKLLAKLAKKAL,inactive - virtual
Lung Cancer,DQGRAVVVRLADQWYVEV,inactive - virtual
Lung Cancer,KWKSFLKKWKSFLWWLWKWKSFLWKWKWK,inactive - virtual
Lung Cancer,GKVKVKFKVLYAKLKKW,inactive - virtual
Lung Cancer,GLFDVIKKVASVIKKVIKLG,inactive - virtual
Breast Cancer,SPAQQAADVRDALEK,inactive - virtual
Breast Cancer,RAVLRRVRQR,inactive - exp
Breast Cancer,KWKLFKKIGIGAKLAKKF,inactive - virtual
Lung Cancer,PSLVLTQRLQSRGIVQW,very active
Lung Cancer,TPEEKVVRQQVLR,inactive - virtual
Lung Cancer,SASSYAMDLL,inactive - virtual
Lung Cancer,DEETLQKSLFVH,inactive - virtual
Breast Cancer,GLFAVIKKVIGGL,inactive - exp
Lung Cancer,TPVDKWIRFALKIVKKVETIKKG,mod. active
Lung Cancer,TPEQALIAKVQEL,inactive - virtual
Breast Cancer,FALALKLALKAL,inactive - virtual
Lung Cancer,FAKLLAKAL,inactive - virtual
Breast Cancer,PVDKLAKGIGAMRL,inactive - virtual
Lung Cancer,GAFKLKAL,inactive - virtual
Lung Cancer,DLVFKQKVVIAKVVIAKVL,inactive - virtual
Lung Cancer,KWKLFKKIPKAGKF,inactive - virtual
Lung Cancer,EKLWKLFKVKLFKKVKAGRA,inactive - virtual
Lung Cancer,VMEQQVAQN,inactive - virtual
Lung Cancer,SVTKLLVLAGLHTVKKL,inactive - virtual
Breast Cancer,FAKLLAKLAKLKL,inactive - exp
Lung Cancer,DEVKKLAKLAKLL,inactive - virtual
Breast Cancer,KWKLFKKIPKLAKKLAK,inactive - virtual
Lung Cancer,GFKLLAKVFAKKLAK,inactive - virtual
Lung Cancer,DELLLQQYAMG,inactive - virtual
Breast Cancer,KLEEFDAVKKHVVQAK,inactive - virtual
Breast Cancer,QEASLQKQQLLFVAAVKG,inactive - virtual
Lung Cancer,KKDQAKQAEA,inactive - virtual
Breast Cancer,KWKLKLFKKIPLKF,inactive - virtual
Lung Cancer,FAKKLAKLKKLAKKL,inactive - virtual
Breast Cancer,EKVVLEAIEN,inactive - virtual
Lung Cancer,DQNQDVATFVGRVKKMEE,inactive - virtual
Lung Cancer,TMESQYLQIVKQWLD,inactive - virtual
Breast Cancer,FLKLLAKKLLAKL,inactive - virtual
Breast Cancer,KKEEVYLISS,inactive - virtual
Lung Cancer,DEVKWVQVRKVILK,inactive - virtual
Breast Cancer,NLRKFLRKGSLIKQAQLEEKG,inactive - virtual
Breast Cancer,SVEQTKLARVVQARGVH,inactive - virtual
Breast Cancer,SVPQDLLKAV,inactive - virtual
Breast Cancer,SDIHLLKLISN,inactive - virtual
Lung Cancer,GLFKVLKLRRGLLIKLL,inactive - virtual
Breast Cancer,KWKSFLKTFKSAKKTVA,inactive - virtual
Breast Cancer,GLFAVIKKLAAIKL,inactive - virtual
Breast Cancer,KWKLFKKIGKFKKLKFHLAKKLAKKF,inactive - virtual
Breast Cancer,SRAESVFRKALAIKY,inactive - virtual
Breast Cancer,AEGKAFGKAVALAKKAL,inactive - virtual
Lung Cancer,DFAKLAKAL,inactive - virtual
Breast Cancer,SSSVFRQRLQGSLQKLGQLKK,inactive - virtual
Breast Cancer,DQAPLQAFDMVLEE,inactive - virtual
Lung Cancer,FAKLLAKALKKLL,inactive - virtual
Breast Cancer,KWKLFKKIPKFLHADLITL,inactive - virtual
Lung Cancer,KPEEQQLDYEMIAMK,inactive - virtual
Lung Cancer,THKLLKKLAKLAKKLL,inactive - virtual
Lung Cancer,DPETALSALRLN,mod. active
Breast Cancer,SPEEQAIFKLEI,inactive - virtual
Breast Cancer,QEEIIAIANLAES,inactive - virtual
Lung Cancer,DLTDEVAQKLF,inactive - virtual
Lung Cancer,FKVMEQYILGWLHV,inactive - virtual
Lung Cancer,KWKLFKKIPKFLHSAKKTVLQVL,inactive - virtual
Lung Cancer,SPAVQQWALVLQQW,inactive - virtual
Breast Cancer,KWKLFKKIPKFLHADVAK,inactive - virtual
Lung Cancer,QLLRKLAQVKKL,inactive - virtual
Breast Cancer,KWKLFKKIPLAKKFL,inactive - virtual
Breast Cancer,KWKLFKKIGILAKLAKKF,inactive - virtual
Breast Cancer,SVEYKKVGLKLA,inactive - virtual
Lung Cancer,KWKLFKKIPKFKKIGKFLHLAKKF,inactive - virtual
Breast Cancer,FKRAKKRAKKLAKAL,inactive - virtual
Breast Cancer,KWKLFKKIAKFLHLAKKF,inactive - virtual
Breast Cancer,SPAVQRVAKEAP,mod. active
Lung Cancer,KWKLFKKIPKFLHSAKKF,inactive - virtual
Lung Cancer,KWKLFKKIGIGIGAKKF,very active
Lung Cancer,KWKLFKKIGKFLHLAKKF,inactive - virtual
Lung Cancer,GKWHRLLRKLAGF,inactive - virtual
Breast Cancer,TEKQKRYLLDELVVQ,inactive - virtual
Lung Cancer,TQQQYLQTLENLLQVAAVDVQ,inactive - virtual
Lung Cancer,KWKLFKKIGKTFKVAKLAKLKKL,inactive - virtual
Breast Cancer,YETLQAVGSLAESVKK,mod. active
Breast Cancer,QADFLRKAVAAVEQG,inactive - virtual
Lung Cancer,TKDYVVFKKSDKL,mod. active
Lung Cancer,FAKALKALKALKKALKAL,inactive - virtual
Breast Cancer,GLFDVIKKVASVIKKLH,inactive - virtual
Lung Cancer,DFAKLLKIFK,inactive - virtual
Lung Cancer,FKFKKIGKFLHLAKKF,inactive - virtual
Lung Cancer,DQHVVLDQAMQ,mod. active
Breast Cancer,GLFAVIKKVASVIGGL,inactive - virtual
Lung Cancer,EERVQYTVYTVVLLDLS,inactive - virtual
Lung Cancer,LEEALALVQIYEIS,mod. active
Lung Cancer,AVDQYALQRVAV,inactive - virtual
Breast Cancer,LADTKELVLSTKLL,inactive - virtual
Lung Cancer,FVPVSRDQLAQYF,inactive - virtual
Lung Cancer,KWKLFKKFAKKLAKKLF,inactive - virtual
Breast Cancer,FALAKKAL,inactive - virtual
Breast Cancer,DQIKVVAAGAFKLQH,inactive - virtual
Breast Cancer,GLFDVASVSLIHELSI,inactive - exp
Lung Cancer,NAKLNAKKAL,inactive - virtual
Breast Cancer,AAYALWLFVQK,inactive - virtual
Lung Cancer,GLFDIVKKIFKLGI,inactive - virtual
Lung Cancer,QTEAIDFNVLTQRVAR,inactive - virtual
Lung Cancer,PIEAFLKLKKFAKAKAL,inactive - virtual
Lung Cancer,EDKQELLRKQQH,inactive - virtual
Breast Cancer,FPGQARGVFLHLR,inactive - virtual
Lung Cancer,KWKLFKKIGIGKLAKKF,inactive - virtual
Lung Cancer,GKDALGALAEKAED,inactive - virtual
Breast Cancer,DQVRKGQAVFVDYG,inactive - virtual
Breast Cancer,EIEKVQYVRGQELV,inactive - virtual
Lung Cancer,QTLEVQVKNLQAID,inactive - virtual
Breast Cancer,DQNITEQAVAAR,inactive - virtual
Lung Cancer,LQAEALVATQGLAFL,inactive - virtual
Lung Cancer,DGWHKLRVFFQY,inactive - virtual
Lung Cancer,FAKLLAKALKKAL,inactive - virtual
Lung Cancer,GKVGRVRFVIGRRVIGR,inactive - virtual
