class,cap-diameter,cap-shape,cap-surface,cap-color,does-bruise-or-bleed,gill-attachment,gill-spacing,gill-color,stem-height,stem-width,stem-root,stem-surface,stem-color,veil-type,veil-color,has-ring,ring-type,spore-print-color,habitat,season
e,4.21,x,s,e,f,a,c,w,4.47,6.68,,,e,,,f,f,,g,u
e,5.44,f,w,y,f,f,f,f,5.78,15.09,,,y,,,f,f,,d,a
p,2.57,x,g,e,f,a,,w,6.15,2.31,,,n,,,f,f,,d,a
p,2.85,b,,n,f,a,,n,9.46,2.48,,,g,,w,f,f,k,g,a
p,4.0,f,k,n,f,a,d,n,3.94,4.59,,k,n,,,t,f,,d,u
p,0.94,x,g,n,f,a,,n,3.68,1.28,,,k,,,f,f,,d,u
e,3.82,x,h,n,f,x,c,w,6.04,4.49,,s,n,,,t,r,,d,u
e,6.3,x,s,n,f,e,c,n,4.24,8.32,,i,w,,,f,f,p,d,w
p,11.13,f,t,n,f,d,c,n,4.95,14.93,,,n,,,f,f,,d,u
p,4.45,x,t,n,f,s,c,n,5.63,7.43,,y,w,,,t,z,,d,a
p,5.1,x,h,y,f,a,c,y,5.77,7.5,,g,o,,,f,f,,g,w
e,7.88,x,s,n,f,s,,w,5.91,9.57,,i,w,,,f,f,,d,a
e,10.37,p,d,o,f,p,,n,10.19,36.16,s,y,w,,,f,f,,d,a
p,10.6,x,e,y,t,p,,e,7.1,25.9,c,,y,,,f,f,,d,w
p,3.63,p,y,w,f,,c,k,7.76,12.75,,,w,,,f,f,,d,u
e,2.97,x,d,o,f,d,,o,4.42,5.84,,,e,,,f,f,,g,w
p,3.05,b,g,w,f,x,d,w,4.05,3.44,,,y,,,f,f,,g,a
e,6.19,f,s,b,f,x,c,w,7.52,10.43,,s,n,,,f,f,,d,a
e,7.86,x,t,n,f,p,,n,4.73,13.57,,,n,,,f,f,,d,a
e,3.46,x,,y,f,p,,n,5.9,10.59,,,n,,,f,f,,d,a
p,3.41,x,y,y,f,a,,w,5.16,3.69,,y,n,,,t,r,,h,a
e,10.5,x,t,n,f,p,d,y,11.04,13.34,,s,n,,,f,f,,d,a
e,4.03,s,,r,f,d,,o,3.94,8.39,,,w,,,f,f,,d,u
p,2.94,x,,w,f,x,c,p,5.19,3.37,,,w,,,f,f,,g,a
p,1.07,b,t,n,f,,c,g,3.87,2.47,,,n,,,t,f,,m,a
p,6.39,x,s,n,f,s,,y,5.48,12.99,,i,n,,,f,f,,d,u
e,11.54,x,h,n,t,p,,y,6.37,23.52,,,n,,,f,f,,d,u
e,7.42,x,d,y,t,p,,y,8.41,16.19,,,y,,,f,f,,d,u
e,3.75,s,d,g,f,d,c,n,4.09,7.03,,,n,,,f,f,,d,w
e,5.96,s,,y,f,f,f,f,4.67,14.4,,,y,,,f,f,,d,a
e,6.27,x,,y,f,a,c,g,7.14,13.34,,,w,,,f,f,,d,a
e,3.47,s,,y,f,f,f,f,5.18,6.67,,,y,,,f,f,,d,a
e,19.44,o,t,n,f,p,,y,7.56,32.16,,,n,,,f,f,,d,u
e,4.31,s,,y,f,a,c,y,6.1,10.39,,,g,,,f,f,,d,u
e,10.59,x,e,y,f,x,c,w,6.8,20.2,,,w,,,f,f,,d,u
p,6.15,s,,n,t,d,c,w,5.87,5.63,,,e,,,f,f,,d,a
p,5.66,c,k,n,f,p,,y,4.64,10.02,,,y,,,f,f,,d,a
p,4.12,x,,p,f,,c,y,4.39,12.82,,,y,,,f,f,,d,u
e,4.67,f,y,g,f,s,,y,5.72,6.8,,,w,,,f,f,,d,u
p,3.25,o,,g,f,f,f,f,4.99,13.3,,g,g,,,f,f,,d,a
p,11.44,x,,n,f,e,,w,10.31,15.65,,,w,u,w,t,e,,d,u
p,2.82,x,,w,f,a,,k,8.47,2.59,,,w,,w,f,f,k,g,a
p,5.14,s,d,y,f,d,c,o,3.96,5.95,,k,n,,,t,f,,d,u
e,1.83,c,g,n,f,a,,g,6.08,1.89,,,w,,,f,f,,l,s
e,11.22,f,s,w,f,d,d,w,5.72,17.32,,,w,,,f,f,,d,w
p,3.38,b,t,n,f,a,c,p,6.1,4.34,,i,n,,,f,f,,m,a
p,9.07,o,,e,f,f,f,f,4.57,24.48,,g,n,,,f,f,,d,a
p,3.12,x,g,e,f,x,d,w,4.4,3.0,,,w,,,f,f,,g,w
p,2.8,b,y,n,f,a,c,g,4.84,4.41,s,s,n,,,f,f,,d,u
p,1.26,x,k,n,f,a,,n,3.14,1.31,,,n,,,f,f,,d,a
p,2.99,b,,n,f,a,c,n,7.01,3.62,,,n,,,f,f,,g,a
e,5.99,s,l,n,f,d,,g,3.99,5.85,,,n,,,f,f,,l,u
p,8.74,p,,n,f,,,p,13.23,17.26,,,w,,,f,f,,d,u
p,2.61,x,y,n,f,a,,w,5.09,3.5,,y,n,,,t,r,,d,a
p,6.24,x,w,p,f,s,c,p,3.94,7.88,,,p,,,f,f,,d,u
e,3.41,x,,n,f,x,c,p,5.38,3.53,,,n,,,f,f,,d,a
e,5.34,x,s,n,f,e,c,w,6.08,9.99,,i,n,,,f,f,p,d,a
p,0.89,x,g,e,f,a,,p,4.43,1.1,,h,k,,,f,f,,d,s
p,2.49,s,s,w,f,d,d,w,2.77,2.67,,,n,,,f,f,,g,a
e,6.38,x,y,n,f,e,,w,5.92,10.98,,y,n,,,f,f,,d,a
p,6.6,s,d,e,t,d,,w,6.63,6.8,,,e,,,f,f,,d,a
p,6.74,x,,n,f,d,c,y,6.16,10.57,b,,n,,,f,f,,l,w
e,4.95,x,h,n,f,p,d,w,5.3,5.89,,s,n,,,f,f,,d,a
p,6.6,f,,y,f,x,c,n,6.33,8.03,,,w,,,f,f,,d,u
p,8.24,f,h,r,f,,c,w,11.02,15.96,,,w,u,w,t,g,,d,u
e,4.72,x,,n,f,f,f,f,6.04,4.47,,,y,,,f,f,,d,w
p,7.33,f,t,y,f,s,c,y,7.37,16.31,,,y,,,f,f,,d,a
e,2.98,f,s,w,f,d,d,w,3.4,6.43,,,w,,,f,f,,g,w
e,1.56,b,h,n,f,a,,w,4.64,1.79,,t,n,,,f,f,,h,s
p,1.49,o,k,n,f,,,n,4.09,1.36,,,n,,,f,f,,d,u
e,3.42,b,y,n,f,,,k,4.8,5.84,,,w,,,f,f,,d,u
p,3.16,x,,e,f,x,c,w,4.89,6.68,,,w,,,f,f,,d,u
e,10.26,f,d,w,f,s,c,w,7.33,30.23,,,w,,,f,f,,d,u
p,7.41,x,s,n,f,s,,g,7.04,8.02,,,n,,,f,f,,d,u
e,10.21,x,t,n,f,p,,y,7.94,22.78,,,n,,,f,f,,d,u
p,1.44,b,t,n,f,,c,n,3.22,2.27,,,n,,,t,f,,g,a
p,4.27,s,,n,f,d,c,w,4.91,7.59,,,n,,,f,f,,d,a
e,4.99,b,y,n,f,,c,w,5.93,4.77,s,s,w,,,f,f,,d,u
e,3.49,x,g,w,f,x,d,w,5.28,4.5,,,y,,,f,f,,g,u
e,3.76,b,g,n,f,a,d,n,4.75,3.37,,s,n,,,f,f,,g,a
p,7.38,x,g,n,f,e,,w,7.71,14.47,,y,n,u,w,f,f,,d,u
p,2.98,b,t,n,f,,c,n,4.87,2.71,,,n,,,t,f,,m,a
p,9.58,b,t,n,f,a,c,n,9.36,13.57,,i,w,,,t,,,d,u
p,1.62,p,t,y,f,a,c,g,5.72,2.53,,t,y,,,t,f,,g,a
p,8.33,x,,r,f,x,c,y,6.07,12.1,,i,w,,,f,f,,h,a
p,5.17,b,i,k,f,e,c,k,6.24,7.63,,,y,,k,t,e,,m,s
e,7.52,x,t,y,f,a,c,y,5.37,15.29,,,y,,,f,f,,d,a
p,18.2,b,e,g,f,,c,p,7.89,25.66,s,,w,,,f,f,,d,s
p,1.44,x,g,n,f,a,,w,6.59,2.5,,,n,,,f,f,,d,u
p,1.55,x,,n,f,a,,g,4.91,1.59,,s,n,,,f,f,,d,a
e,3.11,b,y,n,f,,c,k,5.27,3.13,,s,w,,,f,f,,d,s
p,1.51,x,g,o,f,,,n,4.96,2.48,,,n,,,f,f,,d,a
p,4.02,f,y,g,f,,,g,6.06,4.82,s,s,w,,,f,f,,d,w
e,3.24,x,d,w,f,a,d,p,4.78,2.72,,,n,,,f,f,,g,u
p,5.16,x,s,e,t,s,d,w,5.07,5.59,,,n,,,f,f,,d,u
e,3.6,x,,p,f,x,c,w,6.87,4.78,,,w,,,f,f,,d,a
p,4.55,f,l,y,f,x,d,n,5.95,4.38,,,w,,,f,f,,l,a
e,7.93,f,d,w,f,s,c,w,5.46,26.3,,,w,,,f,f,,d,a
p,2.56,x,,n,f,a,,g,4.66,2.58,,s,n,,,f,f,,d,u
e,6.1,x,h,n,f,x,c,w,5.88,11.69,,s,w,,,t,r,,d,a
p,3.43,x,d,n,f,d,,y,3.65,5.87,,,y,,,t,,,d,a
p,7.06,f,,y,f,s,c,y,3.81,9.7,,i,y,,,f,f,,d,u
p,1.62,x,k,n,f,,,n,3.73,1.51,,,n,,,f,f,,d,u
p,1.52,f,t,n,f,,,y,5.0,2.57,,,y,,,f,f,,d,a
e,10.28,f,e,b,f,,c,b,4.86,18.98,,,w,,,t,f,,d,u
e,11.36,x,h,n,f,a,d,w,10.18,14.29,,i,n,,,t,,,d,s
e,12.55,s,,w,t,d,c,w,5.25,24.5,,,w,,,f,f,,d,u
e,14.88,x,t,n,f,a,d,k,7.79,21.34,,,w,,,f,f,,d,w
e,7.17,f,s,n,f,s,c,w,5.8,10.77,b,i,w,,,f,f,,m,a
p,2.84,f,g,e,f,a,,w,5.96,2.38,,,n,,,f,f,,d,a
e,3.57,s,t,n,t,d,c,o,4.68,6.8,,,w,,,f,f,,d,u
p,4.0,x,,w,f,,c,r,3.75,13.43,,,y,,,f,f,,d,u
p,2.86,o,l,g,f,f,f,f,0.0,0.0,f,f,f,,,f,f,,d,u
e,7.43,p,,g,f,a,,w,5.39,13.08,,,w,,,f,f,,g,w
p,2.18,p,t,n,f,a,c,n,4.65,2.76,,t,n,,,t,e,,m,a
e,6.73,f,t,n,f,s,,n,5.65,9.32,,,w,,,f,f,,d,a
p,6.38,x,d,n,t,d,c,n,6.3,10.72,,,e,,,t,,,d,u
e,6.67,x,h,y,f,p,,y,6.54,15.23,,,y,,y,t,,,d,a
p,4.17,f,t,o,f,,c,n,5.09,6.09,,,w,,,f,f,,d,a
p,3.28,x,s,n,f,a,c,g,3.6,6.06,,y,o,,,t,e,,m,w
e,5.8,x,d,y,t,p,,y,6.24,12.9,,,y,,,f,f,,d,u
e,8.1,x,,n,f,p,,w,8.13,22.44,,,n,,,f,f,,d,a
e,13.59,s,,w,t,d,c,y,5.21,22.47,,,w,,,f,f,,d,w
e,8.07,x,,g,f,a,c,g,9.4,23.68,,,u,,,f,f,,g,u
p,3.45,o,,n,f,f,f,f,3.07,21.36,,g,n,,,f,f,,d,a
e,3.14,s,s,y,f,f,f,f,6.41,6.0,,,y,,,f,f,,d,a
e,6.2,o,l,n,f,f,f,f,5.51,49.37,,,n,,,f,f,g,l,a
e,16.63,f,e,y,f,x,c,w,7.25,25.48,,,w,,,f,f,,d,u
p,4.17,f,,f,f,x,c,p,5.55,4.71,,,n,,,f,f,,d,a
e,9.18,x,,n,f,x,c,w,8.13,10.23,b,,n,,w,t,,,d,w
p,4.6,o,s,r,f,f,f,f,0.0,0.0,f,f,f,,,t,f,,d,w
p,4.16,x,t,o,f,a,,y,5.32,6.03,,g,o,,,f,f,,d,a
e,6.92,x,,n,f,x,c,w,7.19,12.07,b,,w,,w,t,,,d,u
e,4.32,x,,w,f,x,c,n,4.57,3.59,,,w,,,f,f,,d,a
p,7.25,x,t,g,t,d,c,n,5.42,14.15,,,r,,,f,f,,d,u
p,2.51,b,,g,f,a,,w,5.35,2.55,,,g,,,f,f,,d,a
p,0.88,x,g,p,f,a,,w,3.21,0.94,,h,k,,,f,f,,d,a
e,9.26,x,t,n,f,p,d,y,6.05,13.46,,s,y,,,f,f,,d,u
p,6.92,x,t,n,f,d,c,n,6.11,11.43,,,n,,,f,f,,d,u
p,4.67,x,,y,f,x,c,u,7.36,4.48,,,w,,,f,f,,d,u
e,2.59,f,,w,f,d,c,w,2.85,3.28,,,w,,,f,f,,d,a
p,1.47,c,t,n,f,,,n,6.04,2.4,,,y,,,f,f,,d,a
p,15.21,p,h,n,t,p,,y,10.03,32.97,c,,n,,,f,f,,d,u
e,3.67,b,g,n,f,x,d,w,6.06,3.03,,,y,,,f,f,,g,s
p,4.51,x,,y,f,a,c,w,3.78,11.51,,,w,,,f,f,,d,u
e,4.17,f,w,g,f,f,f,f,4.49,13.49,,,y,,,f,f,,d,u
p,7.28,f,,y,f,x,c,y,5.07,13.22,,,y,,,f,f,,d,a
p,4.32,x,e,e,f,a,,w,4.93,7.85,,,o,,,f,f,,d,u
e,11.43,o,,e,f,f,f,f,4.91,26.34,,,n,,,f,f,,d,w
p,0.76,f,,o,f,d,,o,4.92,1.03,,,y,,,f,f,w,g,a
e,6.46,x,y,w,f,e,,w,6.51,12.72,b,,w,u,w,t,e,,d,w
p,2.74,x,g,w,f,a,,n,7.24,2.5,,,n,,,f,f,,g,a
e,6.61,x,g,n,f,e,,w,12.14,12.48,,y,w,u,w,t,p,,d,a
p,6.12,s,d,w,f,d,c,w,3.31,8.42,,,w,,,f,f,,d,w
e,5.29,f,s,n,f,a,d,y,6.21,7.42,,g,o,,,f,f,,g,a
p,5.19,c,i,y,f,,c,r,6.21,3.47,,,w,,,f,f,,d,a
e,3.16,s,d,n,f,d,c,p,4.72,7.01,,,g,,,f,f,,d,a
p,5.05,x,s,n,t,d,d,n,6.54,11.86,,i,n,,,f,f,,d,a
e,3.73,x,,y,f,x,c,u,6.4,3.74,,,w,,,f,f,,d,a
e,1.63,o,,g,f,,,g,4.97,1.45,,,n,,,f,f,,d,u
p,12.15,s,t,n,f,x,c,y,5.43,26.21,,,n,,,f,f,,d,a
e,4.08,x,t,n,f,d,,o,6.02,7.05,,t,w,,,f,f,,d,s
e,6.92,x,h,y,t,x,c,y,7.17,14.82,,,w,,,f,f,,d,u
p,7.02,f,,y,f,x,c,y,6.45,10.39,b,,w,,,f,f,,d,u
e,7.99,f,,y,f,s,c,y,8.15,16.5,,,y,,,f,f,,d,a
p,1.99,c,h,y,f,,,n,6.31,3.24,,,y,,,f,f,,g,a
p,5.93,f,y,y,f,a,c,y,5.9,12.8,,y,y,,,f,f,,d,u
p,1.7,x,d,n,f,a,d,n,5.03,2.42,,s,n,,,f,f,,d,a
p,5.84,x,,w,f,s,c,w,3.56,9.03,,,n,,,f,f,,d,a
p,7.98,f,t,r,f,x,c,y,5.54,15.57,,,w,,,f,f,,d,a
p,6.67,x,,y,f,e,,w,5.62,12.9,b,,y,u,w,t,g,,d,w
e,3.43,x,,y,f,a,c,o,5.9,7.09,,,e,,,f,f,,m,u
p,12.6,x,t,n,f,a,d,w,10.11,28.51,,,w,,,f,f,,d,w
e,7.08,f,,n,f,x,c,w,7.1,13.0,,s,w,,,f,f,,d,a
p,9.21,x,s,n,f,a,,n,9.41,12.2,s,,n,,n,f,f,,d,u
e,3.9,x,s,n,f,,c,w,7.37,8.91,,s,w,,,f,f,,d,w
e,5.65,x,y,n,f,e,c,p,4.73,9.76,,y,n,,,f,f,,d,a
e,6.08,x,t,n,t,p,,n,5.62,14.12,,,n,,,f,f,,d,u
e,6.41,x,t,y,t,x,c,y,7.08,15.58,,,w,,,f,f,,d,a
p,6.83,x,t,r,t,d,c,y,6.02,12.25,,,n,,,f,f,,d,a
e,5.47,s,,n,f,d,c,w,5.09,7.0,,s,w,,,f,f,,l,w
p,6.18,s,,w,t,d,c,p,5.93,11.79,,,w,,,f,f,,d,a
p,4.42,f,,u,f,x,,w,4.86,6.94,,,w,,,f,f,,d,a
p,19.12,s,k,w,t,d,d,w,6.43,34.33,,,w,,,f,f,,d,a
p,4.04,x,h,n,f,a,c,y,5.63,7.87,,y,y,,,t,,,g,a
e,4.16,x,t,n,f,d,,w,6.5,7.13,,t,o,,,f,f,,d,a
p,3.97,b,g,w,f,x,d,w,3.98,3.46,,,w,,,f,f,,d,u
e,4.14,b,g,n,f,a,d,g,5.6,4.81,,s,g,,,f,f,,d,a
p,5.53,c,e,y,t,x,c,y,5.77,12.15,,,w,,,f,f,,d,a
p,7.2,f,h,n,f,s,,g,9.12,13.26,,s,n,,,f,f,,d,w
p,0.73,x,g,w,f,a,d,w,3.28,1.44,,,w,,,f,f,,d,a
e,4.67,f,y,n,f,d,,p,3.52,11.27,,,w,,,f,f,,d,u
p,4.46,c,k,y,t,x,c,p,5.0,3.57,,,w,,,f,f,,g,u
e,6.57,x,d,y,f,p,,r,5.66,11.43,,,y,,,f,f,,d,u
p,3.47,c,t,y,f,,,n,7.07,3.46,,,w,,,f,f,,g,u
p,4.05,f,t,n,f,x,c,p,6.7,3.62,,i,n,,,f,f,,g,a
p,2.01,b,,n,f,a,,k,8.11,2.34,,,n,,w,f,f,k,g,u
e,3.86,f,y,n,f,e,c,n,4.52,3.59,,k,w,,,t,e,,d,a
p,5.16,s,k,w,f,d,,w,4.96,10.78,,,w,,,f,f,,g,s
e,4.12,x,h,p,f,a,c,e,5.54,6.22,,,o,,,f,f,,g,w
e,7.0,x,e,l,f,x,c,w,7.23,17.47,,,w,,,f,f,,d,a
p,1.23,b,h,n,f,a,,n,4.59,1.3,,t,n,,,f,f,,d,a
e,10.0,s,,u,f,s,c,b,7.87,18.16,,,u,,,f,f,,d,s
e,5.33,x,s,b,f,d,d,w,5.19,10.0,,,w,,,f,f,,g,a
e,8.38,x,s,n,f,a,c,w,10.18,11.02,,i,n,,,f,f,p,d,a
p,4.19,f,,b,f,x,,w,5.94,7.35,,,w,,,f,f,,d,a
e,8.54,x,s,n,f,s,c,y,8.5,9.85,,i,w,,,f,f,,d,u
e,2.97,s,s,w,f,d,c,w,3.63,6.43,,,w,,,f,f,,d,u
p,5.24,f,k,n,f,a,c,n,5.93,7.31,,i,n,,,t,,,d,a
e,0.74,f,g,w,t,d,,w,5.88,1.08,,,n,,,f,f,,d,u
e,8.07,x,e,y,f,x,c,w,7.23,16.78,,,w,,,f,f,,d,u
p,3.65,x,,n,f,f,f,f,5.01,13.45,,g,o,,,f,f,,g,u
e,1.01,x,g,g,f,,,g,4.83,1.53,,,w,,,f,f,,d,a
e,1.36,b,g,g,f,,,g,3.28,2.36,,,w,,,f,f,,d,w
e,7.42,f,s,b,f,e,c,g,5.82,20.44,,,w,,,t,f,,m,u
e,3.66,x,s,p,f,d,c,o,5.19,6.29,,,o,,,f,f,,m,s
p,6.53,s,t,n,f,x,c,p,4.65,14.22,,,y,,,t,f,,d,a
e,6.88,f,s,k,f,a,c,w,4.73,15.77,,,w,,,f,f,,d,w
e,3.38,f,s,o,f,a,c,o,3.95,6.77,,,o,,,f,f,,m,s
p,7.05,f,t,n,f,x,c,y,5.62,14.57,,,y,,,f,f,,d,u
p,6.06,x,d,n,f,a,c,n,5.88,5.24,,i,y,,,t,,,d,a
e,5.64,s,d,n,f,p,,y,5.77,11.71,,,n,,,f,f,,d,a
p,8.35,x,,n,f,e,,w,8.41,13.42,,,w,u,w,t,g,,d,a
p,6.2,s,,n,f,d,c,n,4.54,6.22,,,n,,,f,f,,d,u
p,6.87,x,g,n,f,e,,w,8.25,16.07,,,w,u,w,t,p,,d,u
e,6.68,f,,y,f,a,c,w,6.1,16.43,,,g,,,f,f,,d,w
p,6.84,x,w,n,t,d,c,n,6.22,8.36,,,n,,,f,f,,d,u
e,8.91,b,y,e,f,e,c,w,13.08,18.19,,,w,,,f,f,,d,a
p,4.08,x,,w,f,x,c,p,8.07,4.68,,,n,,,f,f,,d,u
e,6.55,x,,w,f,d,,r,5.09,10.17,,,l,,,f,f,,l,u
p,6.78,x,t,n,t,d,c,n,6.07,13.34,,,r,,,f,f,,d,u
e,6.68,s,d,n,t,d,c,w,7.51,9.64,,,w,,,f,f,,d,u
e,8.59,x,t,n,f,p,,n,4.51,12.66,,,n,,,f,f,,d,a
p,3.57,x,,e,f,x,c,w,3.51,5.92,,,w,,,f,f,,d,u
e,9.28,x,y,n,f,e,c,p,9.27,10.76,,i,n,,,f,f,,d,a
p,3.87,c,i,y,f,,c,n,4.55,6.93,,,w,,,f,f,,d,a
p,3.09,b,y,n,f,e,,n,4.67,3.53,,,w,,,f,f,,d,a
p,4.27,x,k,n,f,p,,n,4.84,10.31,,,n,,,f,f,,d,a
p,4.21,x,i,y,f,,c,n,5.72,6.92,,,w,,,f,f,,d,u
e,3.68,x,,y,f,x,c,n,6.6,4.71,,,w,,,f,f,,d,u
p,2.78,p,,n,f,a,,k,7.32,2.76,,,w,,,f,f,,d,a
p,7.31,x,t,n,f,s,,y,6.59,12.13,,t,n,,,f,f,,d,a
e,11.37,x,,g,f,d,,w,5.54,14.5,,,w,,,f,f,,d,w
p,0.78,x,g,y,f,,,y,4.98,0.75,,,y,,,f,f,,d,u
p,3.31,b,g,w,f,x,,w,4.27,3.14,,,y,,,f,f,,g,u
e,5.96,x,y,n,f,e,,w,7.42,9.56,,y,n,,,f,f,,d,u
p,7.3,f,,y,f,x,c,n,6.17,14.2,,,w,,,f,f,,d,a
p,0.71,x,,o,f,d,,o,4.63,0.81,,,e,,,f,f,,g,w
e,5.2,x,h,n,f,s,d,w,6.05,10.91,,s,n,,,f,f,,d,a
p,7.27,s,l,w,t,d,,p,3.69,11.52,,,w,,,f,f,,d,a
e,3.68,f,,w,f,x,c,w,3.55,3.02,,,w,,,f,f,,d,u
p,2.98,f,s,y,f,f,,y,5.38,5.66,,t,y,,,f,f,,d,u
p,2.86,x,s,o,f,a,,y,4.78,5.9,,,y,,,f,f,,d,a
p,5.07,s,t,n,f,d,c,w,4.73,7.12,,,n,,,f,f,,d,u
p,4.25,o,,g,f,f,f,f,2.85,19.58,,g,n,,,f,f,,d,u
e,9.47,f,,u,f,s,c,u,8.33,20.47,,,b,,,f,f,,l,a
p,4.06,x,e,e,f,a,c,y,6.11,6.36,,,o,,,f,f,,d,u
p,3.59,x,w,u,f,a,c,u,2.98,5.0,,,u,,,f,f,,d,s
p,4.3,x,,w,f,x,c,p,8.29,4.28,,,p,,,f,f,,l,u
p,3.94,c,,n,f,x,c,p,5.62,3.78,,,p,,,f,f,,d,u
p,6.15,x,,n,f,x,c,n,7.63,11.93,,,w,,,f,f,,d,u
e,3.95,x,s,e,f,x,,n,6.18,5.93,,,w,,,f,f,,d,u
e,5.87,o,l,n,f,f,f,f,5.94,43.44,,,n,,,f,f,,l,s
p,2.17,s,d,n,f,a,c,p,3.3,2.69,,i,n,,,f,f,,d,u
p,8.31,b,s,w,f,e,c,k,16.79,12.89,,s,w,,,t,e,,d,a
e,1.48,c,g,n,f,a,,g,5.03,1.56,,,n,,,f,f,,d,a
p,3.05,f,k,n,f,s,,p,3.75,3.18,,,n,,,f,f,p,g,u
p,3.31,b,i,n,f,,c,n,6.33,5.31,,,w,,,f,f,,d,w
e,4.33,x,,y,f,a,c,y,5.28,10.28,,,w,,,f,f,,d,u
e,9.14,x,t,n,t,p,,y,7.36,16.85,,,n,,w,t,p,,d,a
e,6.0,b,h,g,f,s,d,g,5.97,10.93,,s,g,,,f,f,,d,a
p,1.27,b,t,y,f,,c,n,6.2,2.58,,,n,,,t,f,,m,a
p,1.26,b,g,n,f,,c,n,4.21,2.37,,,n,,,f,f,,g,a
e,7.15,f,,n,f,d,c,w,5.95,8.36,,s,w,,,f,f,,d,u
e,8.23,x,e,n,f,x,c,w,5.61,16.46,,,w,,,f,f,,d,w
p,7.81,x,,n,f,x,,w,7.78,13.48,b,,n,,,f,f,,d,a
p,4.07,x,g,y,f,a,,w,8.4,3.49,,,w,,,f,f,,d,a
p,9.55,s,d,n,t,d,c,y,5.85,8.89,,,n,,,f,f,,d,a
e,6.85,f,y,w,f,e,c,k,12.15,12.1,,s,w,,,t,e,,g,a
e,9.14,p,s,n,t,e,,p,8.26,16.3,s,,w,,,t,r,,m,a
p,3.58,s,s,w,f,d,c,w,2.83,7.27,,,w,,,f,f,,d,a
p,8.33,f,d,n,f,x,c,w,4.79,6.38,r,i,n,,,f,f,,h,u
e,11.74,f,t,n,t,p,,w,9.03,22.84,,,n,,,f,f,,d,a
e,3.05,s,,u,f,,d,u,5.06,5.77,,,w,,,f,f,,d,a
e,1.03,c,g,n,t,a,,w,4.97,1.41,,,n,,,f,f,,d,a
p,8.33,x,g,n,f,e,,w,7.06,16.75,,y,w,u,w,t,p,,d,u
e,6.62,f,,n,f,,,w,5.79,19.02,b,,n,,,f,f,,d,a
p,8.26,f,,n,f,x,c,w,10.24,13.94,r,i,w,,,f,f,,h,a
p,3.57,x,,w,f,x,,w,4.61,6.38,,,y,,,f,f,,d,a
e,5.53,f,,y,f,a,c,y,4.99,8.94,,,w,,,f,f,,d,u
p,10.34,x,t,w,f,a,d,w,9.46,20.08,,,w,,,f,f,,d,a
p,0.63,x,g,o,f,d,,y,3.03,0.74,,,y,,,f,f,,g,u
p,2.87,o,,k,f,f,f,f,3.28,14.45,,g,g,,,f,f,,d,a
p,0.7,x,,o,f,d,,o,4.73,0.91,,,y,,,f,f,,g,u
e,3.47,f,i,n,f,e,c,n,4.8,4.87,,,w,,,t,r,,w,u
p,3.5,f,k,n,f,s,,p,4.76,3.5,,,n,,,f,f,p,g,a
e,3.94,x,h,o,f,a,d,e,4.53,6.92,,,e,,,f,f,,g,u
p,8.52,p,y,w,f,,,w,7.02,15.29,s,,w,,,t,l,,d,s
p,3.2,f,,u,f,a,,w,3.65,6.24,,,y,,,f,f,,d,a
e,3.83,f,t,n,f,d,,o,5.33,6.99,,t,n,,,f,f,,d,a
p,3.76,c,,w,f,a,c,n,3.76,3.44,,i,u,,,f,f,,p,a
p,10.29,s,t,p,f,d,c,p,5.96,9.73,,,p,,,t,f,,d,a
e,8.34,x,t,y,t,x,c,y,8.9,16.34,,,w,,,f,f,,d,a
e,9.43,x,t,n,t,p,,y,5.57,13.1,,,y,,,f,f,,d,a
e,6.05,f,,n,f,a,c,w,6.0,10.33,,,w,,,f,f,,d,a
e,1.39,c,g,n,f,,,g,5.35,2.48,,,w,,,f,f,,d,u
p,18.28,f,d,n,f,d,c,y,5.08,37.05,,k,n,,,f,f,,d,s
e,3.03,x,k,n,f,p,,n,3.46,5.68,,,y,,,f,f,,d,a
e,3.6,x,d,e,f,a,c,e,5.56,5.69,,,e,,,f,f,,d,a
p,8.06,f,s,n,f,x,c,n,5.75,11.49,,,w,,,f,f,,d,u
p,7.85,x,y,y,f,a,,y,7.23,16.78,,y,y,,,t,,,d,u
e,4.03,x,g,g,f,a,d,g,5.3,3.18,,s,n,,,f,f,,d,w
p,3.03,b,w,u,f,a,c,u,4.74,5.43,,s,u,,,f,f,,d,u
e,1.52,b,y,n,f,,c,g,5.0,2.67,,,w,,,f,f,,d,u
p,4.37,x,s,n,f,a,,w,13.1,8.16,r,g,n,,,f,f,,d,s
p,4.23,b,h,n,f,,,k,7.04,5.76,,,w,,,t,,k,d,u
p,9.39,x,t,b,f,x,c,w,4.94,25.57,b,,n,,,f,f,,d,u
p,22.08,f,s,y,f,p,,y,7.06,41.17,,k,w,,,f,f,,d,a
p,8.13,x,t,n,f,s,c,p,5.96,12.55,,,w,,n,f,f,,d,u
p,3.57,b,t,n,f,x,c,p,5.76,4.66,,i,n,,,f,f,,d,u
p,9.57,s,,n,f,p,,w,5.93,29.67,c,,w,,,f,f,p,d,a
e,4.12,f,,w,f,a,,r,4.97,7.18,,,r,,,f,f,,l,w
p,3.36,x,,w,f,a,c,w,3.48,3.43,,,w,,,f,f,,d,a
e,1.26,b,g,g,f,,,g,2.78,2.43,,,w,,,f,f,,d,u
p,9.29,x,y,y,f,s,,y,8.05,24.98,,y,n,,,f,f,,d,a
p,6.82,s,t,n,f,d,,g,4.97,12.79,,t,n,,,f,f,,d,a
e,5.1,x,d,n,f,p,,y,4.37,11.21,,,e,,,f,f,,d,u
e,4.09,x,y,n,f,e,c,n,3.61,10.49,,,w,,,f,f,,d,w
p,5.5,f,,n,t,d,c,b,5.22,5.28,,,e,,,f,f,,d,u
p,1.62,b,h,n,f,a,,w,5.77,1.66,,t,n,,,f,f,,d,a
p,4.27,o,s,o,f,,c,w,0.0,0.0,f,f,f,,,f,f,n,d,a
p,5.65,f,h,y,f,x,c,n,6.22,6.1,,,n,,,f,f,,d,u
p,1.35,x,k,n,f,,,n,3.11,1.49,,,n,,,f,f,,g,a
p,3.83,s,s,w,f,d,c,w,3.65,8.32,,,w,,,f,f,,g,a
e,8.65,f,y,e,f,,,w,6.55,19.51,b,,n,,w,t,e,,d,a
e,9.7,f,,y,f,a,c,w,5.73,15.43,,,w,,,f,f,,d,a
p,5.89,c,i,y,f,a,c,n,4.66,12.43,,,n,,,f,f,,d,a
e,5.9,s,w,y,f,f,f,f,5.38,14.06,,,n,,,f,f,,d,u
p,5.21,c,,w,t,x,c,n,5.68,6.96,,,e,,,f,f,,g,a
e,2.99,s,,n,f,f,f,f,3.3,5.87,,,y,,,f,f,,d,a
p,1.1,x,,w,f,,c,y,3.84,2.23,,,y,,,f,f,,d,a
p,1.4,o,k,n,f,,,n,4.97,1.59,,,n,,,f,f,,d,a
e,7.57,x,t,y,f,p,,y,7.62,15.59,,,y,,y,t,,,d,u
p,3.25,b,g,o,f,,c,y,5.3,3.26,,,n,,,f,f,,m,a
p,3.46,f,w,o,f,d,c,y,3.81,6.47,,,o,,,f,f,,g,a
e,6.78,x,s,y,f,x,c,w,6.78,9.08,,,w,,,f,f,,d,a
p,7.59,x,t,e,f,x,c,w,7.59,16.79,b,,w,,,f,f,,d,u
p,17.0,x,s,n,f,p,,y,10.39,28.28,c,,y,,,f,f,,d,u
p,3.07,o,l,g,f,f,f,f,0.0,0.0,f,f,f,,,f,f,,d,s
p,4.6,f,t,n,f,x,c,y,5.64,11.57,,,y,,,f,f,,d,a
e,6.5,x,y,n,f,a,c,n,9.55,12.12,,i,n,,,t,,w,d,a
p,1.57,b,h,n,f,a,,n,4.87,2.42,,t,n,,,f,f,,h,w
p,2.87,f,i,l,f,a,,w,4.41,3.35,,,w,,,f,f,p,g,a
e,4.58,x,d,n,t,p,,r,5.47,12.42,,,y,,,f,f,,d,a
e,9.01,x,s,n,f,e,c,p,7.91,11.92,,i,w,,,t,f,p,d,u
e,4.84,f,,y,f,a,c,y,6.16,8.8,,,w,,,f,f,,d,a
p,3.11,s,d,w,f,d,d,w,3.25,2.87,,h,w,,,f,f,,g,u
p,4.21,b,s,y,f,e,,n,6.02,7.01,,,w,,,f,f,,d,w
p,9.69,p,y,e,f,,,w,17.61,16.71,s,,w,,,f,f,,d,a
p,2.45,x,g,e,f,a,,w,7.47,2.67,,,w,,,f,f,,d,a
p,3.42,f,t,n,f,,c,n,4.5,5.93,,,n,,,t,f,,d,w
p,1.32,b,g,g,f,a,,g,3.13,1.59,,s,g,,,f,f,,d,a
p,4.24,f,l,n,f,x,d,w,6.08,5.67,,,n,,,f,f,,d,a
p,3.23,o,s,o,f,f,f,f,0.0,0.0,f,f,f,,,t,f,,d,a
p,4.13,s,s,g,f,d,c,w,6.23,7.56,,,n,,,f,f,,d,u
e,1.5,x,w,n,f,,d,k,6.37,2.36,,,w,,,f,f,,g,a
e,5.13,f,h,o,f,a,d,w,7.17,6.4,,s,o,,,f,f,,d,a
e,3.58,x,t,n,f,a,d,w,5.6,5.81,,s,o,,,f,f,,d,a
e,3.99,c,t,y,f,x,,w,7.01,3.46,,,y,,,f,f,,g,u
p,2.68,b,,g,f,a,,k,9.09,2.21,,,g,,,f,f,,g,a
p,8.2,f,y,e,f,,,w,6.94,19.04,b,,w,,,f,f,,d,a
e,8.51,s,,w,f,d,c,o,5.78,12.21,,,w,,,t,f,,d,a
p,3.01,b,,n,f,a,,k,9.39,2.56,,,g,,w,f,f,k,g,a
p,14.09,s,k,w,t,d,d,n,6.06,28.26,,,w,,,f,f,,d,a
p,7.15,s,,e,t,d,c,w,5.47,10.06,,,n,,,f,f,,d,a
e,9.04,x,h,n,f,p,c,y,6.03,16.21,,s,n,,,f,f,,d,u
p,8.34,x,e,n,f,a,,n,9.33,15.5,s,,n,,e,f,f,,d,a
e,2.89,p,y,n,f,,c,k,7.01,23.09,,,w,,,f,f,,d,a
e,6.35,x,h,n,f,p,d,y,8.42,12.17,,s,n,,,f,f,,h,u
p,6.39,s,d,n,t,d,c,w,6.2,8.34,,,e,,,f,f,,d,u
p,0.83,b,g,y,f,,c,w,2.65,2.56,,,n,,,t,f,,d,w
e,7.31,f,,y,f,a,c,w,4.6,16.31,,,w,,,f,f,,d,a
p,7.83,x,s,n,f,s,,y,6.31,7.08,,y,n,,,f,f,,d,u
p,3.77,f,d,w,f,a,d,p,5.24,2.62,,h,w,,,f,f,,g,a
p,4.59,b,y,n,f,,c,g,6.25,11.37,s,s,w,,,f,f,,d,u
p,5.44,c,i,y,f,,c,n,6.32,7.41,,,w,,,f,f,,d,u
e,4.35,x,s,y,f,,c,w,6.26,6.73,b,,y,,w,t,e,,d,u
e,6.86,f,s,y,f,d,d,y,5.67,13.65,,i,y,,,t,,,d,u
e,6.05,s,s,w,f,s,,w,4.87,8.17,,,w,,,f,f,,m,a
p,0.81,x,g,o,f,,,y,3.75,0.77,,,w,,,f,f,,d,a
p,6.8,x,y,y,f,a,c,n,7.91,9.46,,y,n,,,t,,,d,a
e,10.18,x,s,k,f,x,c,w,6.07,18.04,,,w,,,f,f,,d,a
e,4.38,x,t,n,f,p,,n,6.18,11.03,,,w,,,f,f,,d,u
e,12.32,f,s,e,f,a,d,w,11.04,14.29,,i,n,,,t,,w,d,a
p,3.21,b,t,n,f,,,n,10.15,5.89,,,w,,,t,,k,g,u
e,10.52,x,s,n,f,p,,n,8.38,24.25,,,n,,,f,f,,d,u
p,4.28,x,,n,f,d,c,w,5.12,9.0,b,,n,,,f,f,,d,a
e,8.23,x,,r,f,d,,y,5.47,12.73,,,w,,,f,f,,d,a
p,2.52,x,g,n,f,a,,g,5.33,2.6,,,n,,,f,f,,d,a
e,5.33,f,h,n,f,s,d,w,5.27,10.26,,s,w,,,f,f,,d,u
e,3.04,f,d,n,t,p,,y,4.68,8.21,,,n,,,f,f,,d,s
e,20.0,p,t,n,f,p,,w,9.06,70.61,,,n,,,f,f,,d,u
p,2.48,x,g,n,f,a,,p,5.87,3.56,,,n,,,f,f,,d,u
p,7.65,s,t,r,t,d,c,n,5.69,12.09,,,n,,,f,f,,d,a
p,5.11,f,d,n,f,p,,y,3.47,5.97,,k,k,,,f,f,,d,a
p,1.01,x,g,e,f,a,,w,5.19,1.53,,,n,,,f,f,,l,u
e,4.44,s,,n,f,s,c,u,6.56,7.35,,,u,,,f,f,,l,s
p,4.31,f,y,w,f,e,c,w,3.79,12.75,,k,w,,,t,e,,m,a
p,4.71,x,t,n,f,x,c,p,6.33,4.77,,i,n,,,f,f,,d,a
p,7.17,x,,y,f,,c,g,4.63,11.57,,,w,,,f,f,,d,w
p,2.69,f,,u,f,a,c,n,3.3,3.45,,i,w,,,f,f,,p,u
e,0.81,p,g,g,f,,,g,2.97,1.23,,,w,,,f,f,,d,u
p,3.05,x,,n,f,a,,k,8.11,2.68,,,n,,w,f,f,k,g,u
p,7.87,x,y,n,f,a,c,w,10.17,10.29,,y,n,,,t,,,d,a
p,7.08,f,,n,f,d,c,w,5.82,10.69,b,,w,,,f,f,,d,w
e,12.35,s,,w,f,d,c,w,2.88,14.04,,,w,,,f,f,,d,u
e,5.41,x,,n,t,p,,r,5.91,12.08,,,w,,,f,f,,d,a
p,7.35,s,d,e,t,d,c,w,6.36,9.33,,,n,,,f,f,,d,a
e,3.51,x,,y,f,a,,r,4.92,7.43,,,y,,,f,f,,d,a
e,4.1,x,,n,f,a,,g,4.95,8.13,,,w,,,f,f,,d,a
e,4.43,s,w,y,f,f,f,f,3.79,15.57,,,y,,,f,f,,d,u
e,5.04,f,y,w,f,s,c,y,6.06,8.18,,,w,,,f,f,,d,a
e,7.23,f,s,w,f,e,c,n,4.82,12.12,,,w,,w,t,e,,d,a
p,1.29,x,,o,f,a,,o,5.06,2.44,,,y,,,f,f,,g,u
e,11.13,x,t,w,f,e,,w,19.39,13.81,,s,w,u,w,t,e,,d,u
p,4.16,o,,w,f,f,f,f,6.15,31.34,,g,w,,,t,f,,p,a
e,9.91,f,s,n,f,e,c,w,5.98,17.23,,,w,,,t,e,,m,s
p,6.68,x,,y,f,s,d,y,7.62,16.49,,i,y,,,f,f,,d,a
p,7.95,b,y,w,f,,,p,15.34,17.87,,,w,,,f,f,,d,a
e,0.71,c,g,n,t,a,,p,5.6,0.93,,,n,,,f,f,,h,u
p,4.41,f,,n,f,x,c,b,5.18,5.83,,,n,,,f,f,,d,u
p,11.27,o,,n,f,f,f,f,3.57,25.12,,g,n,,,f,f,,d,u
p,5.07,s,d,n,t,d,,y,5.24,6.07,,,e,,,f,f,,d,a
e,3.41,f,y,n,f,d,d,p,6.04,5.52,,,n,,,f,f,,d,a
p,15.94,x,d,e,f,d,c,w,5.17,28.3,,,n,,,f,f,,d,u
p,4.17,s,d,n,f,d,c,n,4.77,6.37,,,n,,,f,f,,d,a
p,8.53,f,,n,f,x,c,w,8.41,10.86,r,i,w,,,f,f,,d,u
p,2.79,b,y,y,f,,c,k,8.41,3.5,,,w,,,t,f,,g,u
p,4.02,x,h,y,f,a,c,y,5.89,7.04,,g,o,,,f,f,,g,a
p,2.85,x,,k,f,a,,w,3.3,6.34,,,w,,,f,f,,d,a
e,7.37,x,,p,f,x,c,w,7.32,17.49,,s,w,,,f,f,,d,a
p,2.73,b,,n,f,a,,g,5.6,2.71,,s,g,,,f,f,,d,a
e,7.73,s,,g,f,f,f,f,7.37,20.71,,,n,,,f,f,,l,w
e,3.96,f,h,n,f,,c,n,5.61,7.68,,s,w,,,f,f,k,d,u
p,8.33,s,,n,t,d,c,y,5.75,7.48,,,n,,,f,f,,d,a
p,3.27,x,,y,f,a,c,o,3.58,8.35,,,w,,,f,f,,d,u
e,8.22,x,s,n,f,x,c,w,7.27,15.98,,s,n,,,f,f,,d,a
p,2.72,x,d,w,f,d,d,w,3.94,2.49,,h,w,,,f,f,,g,a
e,9.4,s,,n,f,s,c,b,6.41,21.96,,,u,,,f,f,,l,u
e,5.64,x,y,n,f,s,,y,3.68,7.6,,,w,,,f,f,,d,u
e,3.68,x,d,e,f,a,c,o,3.95,6.5,,,y,,,f,f,,d,a
e,12.55,s,t,p,t,d,c,w,4.84,23.19,,,w,,,f,f,,d,a
e,1.75,c,g,n,f,a,,g,4.62,1.6,,,g,,,f,f,,d,a
p,1.46,x,g,w,f,a,,w,4.65,2.3,,,y,,,f,f,,g,a
e,7.31,x,t,n,f,p,,y,12.15,32.64,,,n,,,f,f,,d,u
p,5.26,f,y,g,f,s,,g,4.68,7.5,,,w,,,f,f,,d,u
e,5.52,x,t,n,f,x,,w,6.18,6.0,,,w,,,f,f,,d,u
p,3.33,f,w,u,f,a,c,u,6.34,5.71,,s,u,,,f,f,,d,w
p,3.34,x,k,o,f,,,y,3.41,4.07,,,n,,,f,f,,d,a
p,6.21,s,t,o,f,d,,o,5.87,17.23,,,y,,,f,f,,d,a
p,5.12,x,t,n,f,s,,n,4.48,6.45,,y,n,,,f,f,,d,u
p,5.23,x,h,y,f,s,,y,4.77,12.74,,i,n,,,f,f,,d,a
e,1.8,b,y,n,f,,c,k,5.9,2.32,,,w,,,f,f,,d,w
e,6.89,x,s,n,f,e,c,p,5.81,9.79,,y,n,,,f,f,,d,u
e,1.36,b,g,g,f,a,,g,4.88,1.32,,,g,,,f,f,,d,s
p,6.98,b,y,n,f,,,n,12.1,10.77,,s,w,,,t,z,,g,a
e,3.62,x,g,w,f,,d,g,4.55,2.44,,,w,,,f,f,,d,w
e,7.02,s,t,n,f,d,d,b,6.11,12.84,,,w,,,f,f,,d,u
e,2.47,x,t,n,f,a,d,n,3.65,2.41,,t,g,,,t,l,,d,a
e,5.63,s,,n,f,d,c,w,5.63,8.47,,s,w,,,f,f,,l,a
e,3.2,f,s,w,f,a,d,w,3.65,5.67,,,w,,,f,f,,d,u
p,0.99,f,i,k,f,a,,p,5.13,1.1,,,g,,,f,f,,d,a
p,5.3,x,w,p,f,s,c,p,4.43,9.99,,,g,,,f,f,,d,a
e,4.05,f,s,w,f,e,c,n,4.69,11.95,,,w,,,t,e,,g,a
e,1.58,c,g,n,f,a,,n,5.04,1.42,,,g,,,f,f,,l,s
e,5.34,x,,y,f,a,c,w,5.56,12.83,,,w,,,f,f,,d,a
p,7.15,b,t,w,f,e,c,w,12.13,12.54,,y,w,u,w,t,l,,d,a
p,5.4,f,,n,f,x,c,w,5.57,9.7,b,,n,,,f,f,,l,s
p,7.6,f,,r,f,x,c,y,7.02,12.43,,,w,,,f,f,,d,u
p,2.87,x,d,y,f,a,,r,4.77,5.58,,t,y,,,f,f,,g,u
e,7.48,f,,g,f,s,c,g,5.64,19.19,,,w,,,f,f,,d,w
p,10.34,x,e,g,t,p,,o,6.36,26.69,,,u,,,f,f,,d,a
p,4.58,s,,n,t,d,c,p,5.27,5.65,,,n,,,f,f,,d,u
e,49.92,o,y,y,f,p,,y,6.3,44.29,,k,k,,,f,f,,d,u
p,5.27,c,e,w,f,x,c,r,5.93,11.34,,,w,,,f,f,,d,a
e,7.26,x,,w,f,e,,w,7.28,13.0,b,,w,u,w,t,e,,d,a
e,1.57,x,g,y,f,a,,w,5.57,1.73,,,n,,,f,f,,d,u
e,6.99,x,,w,f,e,,w,5.94,13.92,b,,w,u,y,t,g,,d,u
e,11.43,f,s,n,f,x,,n,5.28,23.21,,,w,,,f,f,,d,u
e,4.39,f,y,g,f,s,,w,4.59,6.23,,,w,,,f,f,,d,u
p,8.28,x,t,n,f,a,,w,10.47,16.58,,,w,,,f,f,,d,a
e,1.42,x,h,n,f,a,,n,5.92,1.46,,t,w,,,f,f,,d,w
p,5.59,c,k,y,t,x,c,y,6.1,13.03,,,w,,,f,f,,d,a
p,3.53,f,y,n,f,s,c,w,5.28,9.89,b,s,n,,,f,f,,d,u
e,4.88,x,d,n,f,p,,n,5.83,10.01,,,n,,,f,f,,d,u
e,4.36,s,,y,f,f,f,f,6.04,8.7,,,o,,,f,f,,d,u
e,3.14,b,g,n,f,a,d,g,5.33,4.83,,s,n,,,f,f,,d,u
p,7.83,x,y,y,f,a,,n,11.4,12.69,,y,y,,,t,,,d,a
p,9.05,x,d,n,f,a,d,w,10.73,29.57,,,w,,,f,f,,d,u
p,6.03,b,i,k,f,e,,y,8.22,8.18,,,o,,,f,f,,g,a
e,0.89,s,g,w,t,a,,w,5.15,1.04,,,n,,,f,f,,d,u
e,7.04,x,d,y,t,p,,y,5.01,14.2,,,y,,,f,f,,d,a
e,6.03,x,y,g,f,s,,w,4.74,11.21,,,w,,,f,f,,d,s
e,6.62,f,,w,f,d,c,w,2.58,11.68,,,w,,,f,f,,d,a
e,0.78,p,g,g,f,,,g,2.54,1.44,,,w,,,f,f,,d,a
p,2.6,b,g,n,f,a,c,n,4.8,2.63,,,n,,,f,f,,d,a
e,7.59,s,,n,f,d,c,w,6.57,19.31,,,w,,,f,f,,d,w
p,5.89,x,d,n,t,d,c,y,5.46,10.3,,,n,,,f,f,,d,w
p,2.54,f,s,w,f,d,c,w,3.45,8.1,,,w,,,f,f,,g,u
e,10.07,s,s,y,f,a,d,w,8.93,21.08,,,w,,,f,f,w,d,a
p,0.78,x,h,n,f,a,,n,3.28,1.46,,h,n,,,f,f,,d,a
p,2.5,x,s,g,f,,c,w,1.43,5.65,,,n,,,f,f,,d,u
p,6.28,f,,n,f,x,c,n,6.34,7.4,,,w,,,f,f,,d,a
e,7.99,x,d,y,t,p,,y,7.37,13.08,,,y,,,f,f,,d,u
p,2.38,x,y,n,f,,,n,5.16,3.51,,,w,,,t,r,,g,s
p,4.58,x,l,y,f,x,d,n,6.33,5.89,,,y,,,f,f,,l,u
p,6.1,f,,r,f,x,c,n,6.22,12.81,,,w,,,f,f,,d,a
p,1.87,b,g,g,f,,c,n,6.24,3.25,,,n,,,f,f,,d,u
p,9.36,x,e,n,f,a,,n,3.98,16.37,s,,n,,,f,f,,d,u
e,10.86,x,y,n,t,e,,p,11.13,15.79,,,w,,,t,l,,w,u
e,3.57,f,h,n,f,,c,k,6.31,7.54,,s,w,,w,f,f,k,d,a
e,4.05,x,,y,f,x,c,u,6.04,3.58,,,w,,,f,f,,d,u
e,3.05,x,s,o,f,d,,o,4.78,5.48,,,o,,,f,f,,m,a
e,7.25,f,h,g,f,s,d,w,5.98,9.02,,s,g,,,f,f,,d,u
p,4.03,c,,u,f,a,c,n,4.67,3.83,,i,w,,,f,f,,p,u
e,7.42,f,,n,f,x,c,n,6.28,15.25,,,w,,,f,f,,d,a
p,2.58,f,,w,f,x,c,p,4.89,2.75,,,n,,,f,f,,g,u
p,6.27,s,,o,t,d,c,o,4.94,11.69,,,w,,,f,f,,d,a
e,6.4,f,s,n,f,s,c,g,6.15,9.19,b,i,n,,,f,f,,m,a
p,11.41,f,h,n,f,,,g,14.84,16.26,,,w,,,f,f,,d,w
e,6.96,x,s,n,f,e,c,n,6.41,14.46,,,w,,,f,f,,d,u
p,1.25,s,s,y,f,f,f,f,4.55,5.53,,,y,,,f,f,,d,a
e,4.66,f,t,n,f,d,,o,6.04,7.28,,t,o,,,f,f,,d,a
e,5.23,o,k,n,f,p,,y,4.88,13.82,,,y,,,f,f,,d,a
e,9.29,x,s,n,f,e,c,w,8.15,10.9,,i,w,,,f,f,p,d,a
p,4.28,f,,n,f,a,,w,4.54,8.25,,i,g,,,f,f,,d,a
p,3.19,f,t,o,f,d,,y,5.43,6.04,,,y,,,f,f,,m,a
p,4.16,x,t,n,f,a,c,n,5.38,7.04,,y,n,,,t,z,,d,u
e,8.74,f,s,w,f,a,c,w,6.67,18.43,,,w,,,f,f,,d,u
e,7.73,x,,n,f,a,,w,6.89,20.57,,,w,,,f,f,,d,a
e,8.27,x,,n,f,a,,w,7.5,14.38,,,g,,,f,f,,d,a
e,8.1,o,,n,f,,,w,4.7,23.47,,,n,,,f,f,,d,a
p,20.52,f,s,k,f,p,,y,6.36,22.04,,,n,,,f,f,,d,a
p,0.84,x,g,y,f,,,y,4.41,0.85,,,w,,,f,f,,d,u
p,8.01,c,t,n,f,,c,w,4.57,15.9,,,w,,,f,f,,d,a
e,3.95,x,t,n,f,p,,n,4.62,10.1,,,n,,,f,f,,d,u
p,2.36,x,g,n,f,a,,p,7.46,2.41,,,n,,,f,f,,d,u
p,4.32,o,s,n,f,,c,w,0.0,0.0,f,f,f,,,f,f,,d,w
e,6.88,x,d,y,t,p,,y,7.28,13.21,,,e,,,f,f,,d,a
e,9.34,s,,g,f,s,c,u,6.56,20.33,,,b,,,f,f,,l,w
p,4.26,x,,w,f,x,c,p,6.07,4.56,,,n,,,f,f,,d,a
p,8.19,x,w,p,f,s,c,p,4.76,10.1,,,p,,,f,f,,d,a
e,9.48,o,,n,f,,,w,5.93,27.57,,,n,,,f,f,,d,a
e,6.37,s,d,p,f,d,c,p,3.47,8.18,,,w,,,f,f,,d,w
p,6.59,x,e,y,t,x,,y,7.31,13.62,,,w,,,f,f,,d,u
p,3.4,f,d,n,f,x,c,p,5.09,3.37,b,i,n,,,f,f,,d,s
p,4.1,x,i,y,f,,c,r,5.94,7.76,,,w,,,f,f,,d,u
e,3.28,x,g,n,f,a,d,w,5.73,3.28,,t,y,,,f,f,,g,u
e,9.22,p,,n,f,a,,w,7.06,14.49,,,w,,,f,f,,d,u
p,1.8,b,g,y,f,,c,n,5.4,2.67,,,n,,,f,f,,g,a
p,3.31,f,w,n,t,d,c,y,3.76,5.52,,,n,,,f,f,,d,a
e,8.36,x,t,n,t,p,,o,9.01,19.34,,,y,,,f,f,,d,a
p,1.36,x,g,n,f,d,d,n,5.82,2.66,,s,n,,,f,f,,d,u
e,10.97,x,h,n,t,p,,y,8.34,17.64,,,n,,,t,p,,d,a
p,5.17,f,s,y,f,f,c,f,6.16,6.67,,,y,,,t,e,,d,a
p,2.49,x,g,n,f,a,,w,5.4,2.45,,,y,,,f,f,,g,u
p,3.65,x,i,e,f,,,e,4.94,5.4,,,e,,,f,f,n,d,a
p,8.3,s,t,g,t,d,c,w,4.79,14.97,,,n,,,f,f,,d,u
e,4.64,x,,y,f,e,,n,8.55,8.95,b,,y,u,w,t,g,,d,a
p,0.78,x,g,w,f,,,y,3.27,0.98,,,w,,,f,f,,d,u
p,9.21,x,t,n,f,a,d,w,6.76,15.8,,i,w,,,f,f,,d,a
e,1.01,c,g,n,f,a,,w,5.03,1.26,,,n,,,f,f,,g,a
e,11.62,s,,w,t,d,c,y,6.38,22.54,,,w,,,f,f,,d,u
p,11.32,x,,n,f,e,,w,10.25,13.07,,,w,u,w,t,e,,d,a
e,7.09,x,s,n,f,e,,k,7.33,11.68,,s,w,,,t,z,,d,u
p,8.01,p,y,n,t,e,,g,14.09,16.64,,y,w,,,t,l,,d,a
e,5.66,x,y,w,f,e,c,w,3.89,11.89,,,w,,w,t,,,g,a
p,3.29,b,,n,f,a,,g,5.21,6.05,,,g,,,f,f,,d,a
e,1.16,x,g,n,f,a,,w,4.27,1.68,,,g,,,f,f,,d,u
p,10.82,x,i,n,f,a,,n,11.12,13.63,s,,n,,n,f,f,,d,a
p,3.4,x,,u,f,a,,w,4.4,5.7,,,w,,,f,f,,d,u
p,2.82,x,d,o,f,d,c,o,2.88,5.88,,,y,,,f,f,,d,a
p,7.39,x,,n,f,x,c,w,8.06,9.22,r,i,n,,,f,f,,d,w
e,10.54,s,,n,f,,,w,5.82,24.96,,,n,,,f,f,,d,a
e,4.65,o,,g,f,f,f,f,5.14,18.39,,,n,,,f,f,,l,w
e,8.7,x,s,n,f,a,c,w,8.79,15.98,,i,w,,,f,f,,d,a
p,1.47,b,,n,f,a,,n,4.5,2.68,,s,g,,,f,f,,d,u
e,7.4,f,,o,f,d,c,o,2.59,13.77,,,w,,,f,f,,d,a
p,5.29,s,,n,t,d,c,b,6.7,5.76,,,e,,,f,f,,d,a
e,10.07,f,h,n,f,e,,w,7.36,17.08,,y,w,u,w,t,p,,d,a
p,1.42,b,,n,f,,,n,5.39,2.5,,s,n,,,f,f,,g,a
e,6.18,b,h,n,f,,c,n,5.7,6.05,,,n,,,t,,,g,a
p,5.47,x,,n,f,e,,w,11.47,11.91,,,w,u,w,t,e,,d,u
e,16.4,s,k,w,t,d,c,w,7.24,27.24,,,w,,,f,f,,d,w
p,1.6,b,,n,f,,,g,5.51,1.8,,s,g,,,f,f,,d,a
e,3.44,f,d,n,f,x,c,w,4.76,3.6,b,i,n,,,f,f,,l,a
e,5.87,s,,n,f,d,c,w,5.57,8.09,,,w,,,f,f,,l,u
e,6.74,x,e,y,f,x,c,w,6.88,11.71,,,w,,,f,f,,d,a
p,10.16,p,,n,f,p,,w,11.82,30.29,c,,n,,,f,f,p,d,a
e,4.15,x,h,n,f,d,,r,6.52,6.08,,,w,,,f,f,,d,w
p,3.25,o,l,g,f,f,f,f,0.0,0.0,f,f,f,,,f,f,,d,a
e,7.64,f,t,n,f,x,c,y,5.84,15.45,,,w,,,f,f,,d,u
p,2.85,x,k,n,f,s,,p,3.58,2.82,,,n,,,f,f,p,d,u
e,6.5,x,,w,f,e,,w,5.98,11.89,b,,y,u,w,t,g,,d,u
e,6.83,x,s,n,f,s,d,y,5.24,13.57,,,y,,,f,f,,d,a
p,0.72,x,,o,f,d,,o,4.76,0.76,,,o,,,f,f,w,g,a
e,12.66,s,,w,t,d,c,p,6.03,26.23,,,w,,,f,f,,d,u
e,4.29,x,t,n,f,a,d,n,5.96,4.48,,t,w,,,t,l,,d,a
p,8.09,x,y,n,f,,,y,8.47,13.28,,,y,,,t,,,d,a
p,4.36,f,,y,f,x,,w,5.72,6.82,,,w,,,f,f,,d,u
e,14.31,x,s,w,t,e,,n,9.07,17.06,s,,w,,,t,l,,g,a
e,2.65,b,,n,f,,c,k,6.37,2.54,,,w,,,f,f,,d,u
p,2.94,x,,g,f,d,c,w,4.89,5.35,,,w,,,f,f,,d,w
e,7.34,p,y,w,f,e,c,p,7.49,12.98,,y,w,,w,t,e,,g,a
e,2.8,f,y,n,f,,c,u,6.24,3.41,,,w,,,f,f,,d,a
p,6.64,x,e,e,f,a,,w,8.0,9.82,,,e,,w,t,z,,d,u
p,5.92,x,t,o,f,s,c,n,4.98,7.11,,y,n,,,f,f,,d,u
e,7.59,x,s,n,f,e,c,k,5.93,10.89,,i,w,,,f,f,,g,u
e,5.57,s,,y,f,a,c,w,5.72,8.49,,,w,,,f,f,,d,u
p,3.83,f,,u,f,a,,w,4.72,7.41,,,w,,,f,f,,d,a
e,9.02,x,t,p,t,d,c,p,5.92,18.09,,,p,,,f,f,,d,a
p,11.36,s,t,n,t,d,c,n,5.55,25.67,,,g,,,f,f,,l,a
e,12.05,x,e,y,t,e,,w,9.47,19.49,,,w,,,t,,,d,a
p,3.87,x,w,p,f,s,c,p,4.4,8.15,,,p,,,f,f,,d,a
p,4.05,x,s,o,f,a,c,y,6.09,6.35,,g,o,,,f,f,,g,u
e,1.39,b,y,n,f,,c,n,5.73,2.43,,,w,,,f,f,,g,u
e,5.22,x,s,n,f,x,c,n,6.23,9.09,b,,n,,w,t,,,d,a
p,0.9,x,,o,f,d,,o,4.73,1.05,,,y,,,f,f,w,g,u
e,3.71,x,,u,f,,d,w,5.15,6.03,,,w,,,f,f,,d,a
e,6.58,x,t,n,f,p,d,y,6.08,11.82,,s,n,,,f,f,,g,a
p,2.73,c,t,y,f,,c,n,5.9,4.88,,,w,,,f,f,,d,a
e,3.91,s,s,w,f,d,c,w,4.33,7.5,,,w,,,f,f,,m,w
p,5.03,f,t,y,f,x,c,y,6.34,15.8,,,y,,,f,f,,d,a
p,6.04,f,t,y,f,x,c,y,4.6,13.06,,,y,,,f,f,,d,a
p,3.27,x,h,e,f,a,c,k,4.94,7.03,,,w,,,t,z,,g,a
p,7.35,f,,y,f,s,d,y,5.32,14.09,,,y,,,f,f,,d,a
e,4.18,f,,w,f,x,c,n,6.28,3.9,,,w,,,f,f,,d,a
e,4.32,b,g,g,f,a,d,g,5.25,4.08,,s,g,,,f,f,,d,s
e,2.59,f,,g,f,a,,w,8.43,4.97,,,g,,,f,f,,d,a
p,1.48,x,,n,f,,,n,5.12,2.92,,s,n,,,f,f,k,g,a
p,3.46,s,,y,f,d,,o,3.81,7.12,,,y,,,f,f,,d,a
e,5.34,f,s,e,f,x,,w,4.75,9.81,,s,n,,,f,f,,d,a
p,6.5,b,t,w,f,e,c,w,11.5,11.56,,y,w,,,t,,,g,a
p,8.41,x,,n,f,p,,w,7.9,27.36,c,,n,,,f,f,,d,u
p,5.05,f,t,n,f,s,c,p,4.6,4.96,,i,n,,,f,f,,g,a
p,3.07,s,w,u,f,a,c,u,4.88,5.03,,,u,,,f,f,,d,u
e,3.58,x,,u,f,,d,w,5.89,6.15,,,w,,,f,f,,d,u
p,6.54,s,,w,t,d,,p,5.25,12.26,,,w,,,t,f,,d,u
e,4.24,s,,n,f,f,f,f,6.31,22.19,,,n,,,f,f,,l,s
p,1.42,b,,n,f,a,,g,3.59,2.35,,s,n,,,f,f,,g,a
e,3.71,f,y,n,f,d,,o,4.94,7.41,,,w,,,f,f,,d,w
p,3.58,b,y,p,f,e,c,w,3.94,3.54,,k,w,,,f,f,,m,a
p,12.06,s,,y,t,d,,o,5.28,12.79,,,w,,,t,f,,d,u
p,3.66,s,l,w,f,d,c,w,3.75,8.01,,,w,,,f,f,,d,a
p,4.01,x,k,n,f,p,,p,3.87,2.62,,,w,,,f,f,p,d,u
p,0.82,x,g,o,f,,,y,2.75,0.83,,,y,,,f,f,,d,u
p,6.11,x,s,n,f,s,,n,5.52,8.03,,y,n,,,f,f,,d,u
e,6.28,x,d,y,f,a,c,y,4.72,9.97,,,y,,,f,f,,d,u
p,7.43,x,y,n,f,,,w,8.47,15.68,,,w,,,t,,,d,a
e,9.49,o,,n,f,,c,w,4.42,24.29,,,n,,,f,f,,d,a
p,7.92,s,,r,t,d,,o,6.74,11.66,,,w,,,t,f,,d,a
e,2.16,f,g,g,f,a,d,g,3.84,2.39,,s,w,,,f,f,,d,u
e,3.51,s,l,w,f,d,,p,4.31,7.38,,,w,,,f,f,,d,w
e,6.01,x,s,n,t,p,,y,8.11,14.11,,,y,,,f,f,,d,u
p,3.46,o,,n,f,f,f,f,4.81,23.03,,g,n,,,f,f,,d,u
p,3.49,x,,n,f,a,,w,5.62,11.6,,,y,,,f,f,,d,a
e,6.94,s,,y,f,x,c,n,7.9,13.1,,,w,,,f,f,,d,a
p,3.45,x,i,y,f,e,,w,4.71,6.35,,,w,,,f,f,,d,a
p,4.83,f,,y,f,a,,y,4.92,8.43,,,w,,,f,f,,d,a
e,3.98,f,s,w,f,d,c,w,6.09,6.94,,,w,,,f,f,,m,u
e,5.88,b,y,n,f,,c,w,6.05,17.55,,,w,,,f,f,,d,a
p,0.88,x,g,k,f,a,,p,4.59,1.02,,,n,,,f,f,,d,a
p,4.74,b,s,n,f,e,c,w,3.71,3.53,,k,w,,,t,e,,m,a
e,9.32,x,e,y,f,x,c,w,6.8,16.46,,,w,,,f,f,,d,a
e,12.13,x,e,n,t,p,,w,10.0,16.08,,,n,,,t,f,,d,a
e,1.17,c,g,n,f,a,,w,4.59,1.33,,,w,,,f,f,,d,a
e,2.59,x,,u,f,,d,w,4.99,4.45,,,y,,,f,f,,d,w
e,9.07,f,,g,f,d,c,p,6.13,22.34,b,,u,,,f,f,,l,u
p,3.76,f,w,p,f,s,c,p,3.81,8.0,,,p,,,f,f,,d,u
p,7.09,b,t,n,f,s,c,g,6.07,9.95,,y,w,,,t,e,,d,u
p,4.34,x,,n,f,x,c,p,7.36,4.76,,,n,,,f,f,,d,a
p,5.12,s,d,e,t,d,c,y,5.55,6.36,,,e,,,f,f,,d,a
e,6.33,x,s,b,f,x,c,w,5.77,10.17,,s,n,,,t,f,,d,a
p,2.58,x,g,n,f,,c,n,2.92,3.01,,,n,,,f,f,,d,u
p,5.43,x,d,y,f,a,,o,6.21,7.27,,,o,,,f,f,,h,a
e,7.89,x,,w,f,e,,w,5.9,12.62,b,,w,u,w,t,g,,d,a
p,5.36,f,,y,f,s,d,y,5.68,12.82,,i,y,,,f,f,,d,a
p,6.53,x,h,n,f,,c,n,6.02,7.7,,s,n,,w,f,f,k,d,a
p,4.05,o,s,w,f,,c,w,0.0,0.0,f,f,f,,,f,f,n,d,u
e,7.42,x,e,w,f,x,c,y,6.04,12.62,,,w,,,f,f,,d,a
e,7.98,x,t,y,f,x,c,w,7.91,14.3,,,w,,,f,f,,d,a
e,5.52,x,,b,f,d,d,w,5.3,6.63,,,w,,,f,f,,d,u
p,1.55,x,,n,f,,,n,4.74,6.92,,s,n,,,f,f,k,g,a
e,4.27,x,k,n,f,p,,y,4.94,10.22,,,y,,,f,f,,d,a
e,4.0,c,,g,f,f,f,f,5.27,17.27,,,w,,,f,f,,d,a
e,2.72,x,,g,f,a,,k,8.06,2.69,,,w,,w,f,f,k,d,a
e,5.34,f,,n,f,d,c,w,4.8,8.27,,s,w,,,f,f,,l,a
e,5.62,x,t,n,f,s,c,n,6.03,9.64,,,w,,n,t,z,,d,u
p,3.83,s,,u,f,a,c,w,3.49,7.88,,,w,,,f,f,,d,a
p,5.99,x,,y,f,s,,y,6.8,7.4,,,w,,,f,f,,d,u
e,7.95,p,g,n,f,e,,w,9.43,13.94,,y,w,u,w,t,p,,d,a
p,7.04,f,d,n,f,d,c,w,6.32,9.54,,i,n,,,f,f,,d,a
e,13.43,x,e,n,f,d,c,w,7.82,23.3,,,n,,,f,f,,d,w
e,7.98,f,,y,f,x,c,y,7.08,16.57,,,w,,,f,f,,d,w
e,6.89,f,y,n,f,e,c,w,21.25,11.98,,s,w,,,t,e,,d,w
p,6.24,x,,w,f,,c,g,3.28,13.54,,,y,,,f,f,,d,u
p,10.64,p,g,n,f,e,,w,10.51,16.56,,y,w,u,w,t,p,,d,a
e,5.57,x,,n,f,x,c,n,7.63,10.92,,,n,,w,t,,,d,a
e,4.22,b,g,n,f,a,d,g,6.28,3.57,,s,n,,,f,f,,d,a
p,8.18,s,,r,t,d,,o,5.91,12.32,,,w,,,t,f,,d,a
p,4.85,x,s,y,f,f,f,f,5.28,12.82,,,y,,,f,f,,d,u
e,4.12,x,w,y,f,f,f,f,5.56,13.18,,,w,,,f,f,,d,a
e,6.14,f,s,w,f,s,c,p,5.63,11.09,,,w,,,f,f,,m,a
e,7.01,x,,n,f,x,c,w,5.19,9.53,b,,n,,w,t,,,d,a
e,7.68,x,d,n,f,p,,n,6.62,12.94,,,e,,,f,f,,d,a
p,11.1,f,t,n,t,d,c,n,5.75,17.07,,,n,,,f,f,,d,a
p,2.92,o,l,n,f,f,f,f,0.0,0.0,f,f,f,,,f,f,,d,u
e,6.63,x,d,n,t,p,,y,7.22,14.05,,,y,,,f,f,,d,a
e,6.65,x,,n,f,x,c,w,6.07,15.53,,s,w,,,f,f,,d,a
e,6.86,f,,n,f,e,,w,8.28,12.52,b,,w,u,w,t,g,,d,a
p,7.27,x,,n,f,s,d,w,6.48,16.37,b,i,n,,,f,f,,d,a
p,2.95,b,y,n,f,,,k,6.19,3.49,,,n,,,f,f,,d,s
e,8.24,s,,w,f,d,c,w,2.64,14.82,,,w,,,f,f,,d,a
e,6.94,x,,y,f,a,c,w,6.22,15.03,,,w,,,f,f,,d,w
e,5.46,s,,y,f,f,f,f,6.26,7.19,,,y,,,f,f,,d,a
p,3.81,x,,n,f,x,c,w,4.65,3.47,b,,n,,,f,f,,d,u
e,3.4,b,g,w,f,x,d,w,4.99,3.24,,,y,,,f,f,,g,a
e,7.07,x,h,n,f,p,d,y,7.59,12.74,,s,n,,,f,f,,h,a
e,1.48,x,,w,f,,d,w,5.08,2.55,,,w,,,f,f,,g,u
p,8.29,f,,y,f,x,c,w,5.84,12.52,,,w,,,f,f,,d,u
p,4.63,b,h,n,f,x,c,w,8.59,4.73,,,n,,,f,f,,d,a
e,8.4,x,,y,f,a,c,w,6.54,16.23,,,w,,,f,f,,d,u
e,4.97,x,s,n,f,x,c,p,6.0,10.17,,s,n,,,f,f,,l,w
p,4.74,b,d,p,f,a,,r,5.37,6.77,,t,y,,,f,f,,d,a
e,5.85,x,t,e,f,a,,n,5.99,9.92,,,e,,,f,f,,d,a
e,4.72,b,y,n,f,,c,k,6.5,12.35,,,w,,,f,f,,d,w
p,1.41,c,g,g,f,a,,w,4.72,1.53,,,g,,,f,f,,d,a
e,2.69,x,,b,f,,d,w,7.4,4.65,,,w,,,f,f,,d,u
p,15.95,s,k,n,f,d,c,y,6.46,32.16,,k,n,,,f,f,,d,w
e,4.71,f,d,o,f,a,c,o,3.85,6.52,,,o,,,f,f,,d,w
p,1.39,x,g,n,f,,,n,5.06,2.72,,,n,,,f,f,k,d,u
e,6.41,x,,n,f,d,c,w,5.78,8.35,,,w,,,f,f,,d,w
p,3.51,s,d,o,f,d,c,y,3.32,6.89,,,o,,,f,f,,h,a
p,6.78,x,,y,f,s,d,y,6.4,13.37,,i,y,,,f,f,,d,a
p,1.41,x,g,y,f,,,n,3.24,1.59,,,n,,,f,f,,d,a
p,8.14,s,t,n,f,d,c,w,5.92,16.47,,,n,,,f,f,,d,u
p,1.13,s,k,n,f,d,,w,3.62,1.36,,,n,,,f,f,,d,a
p,12.46,f,k,w,t,d,c,n,6.17,16.65,,,w,,,f,f,,d,u
p,7.4,s,,r,f,d,c,w,5.56,8.46,,,w,,,f,f,,l,u
e,8.18,x,d,y,t,p,,r,6.31,12.89,,,e,,,f,f,,d,u
e,7.5,f,h,k,f,s,d,w,5.86,12.24,,s,w,,,f,f,,d,a
p,1.63,b,h,n,f,a,,g,4.09,1.53,,t,n,,,f,f,,d,s
e,9.71,o,d,n,f,p,,y,5.78,22.91,,,n,,,f,f,,d,a
p,3.02,x,k,n,f,s,,n,5.33,2.77,,,n,,,f,f,,d,u
p,3.4,f,y,n,f,e,c,w,4.89,3.53,,k,w,,,t,e,,d,a
p,0.68,x,g,y,f,,,y,4.68,0.84,,,y,,,f,f,,d,a
p,3.12,c,t,n,f,,,y,4.65,11.55,,,y,,,f,f,,d,a
e,1.48,c,g,n,f,a,,g,6.13,1.53,,,g,,,f,f,,l,a
e,13.99,p,s,w,t,e,,w,10.59,17.28,s,,w,,,t,m,,d,a
e,8.87,x,s,n,t,x,,y,9.69,18.25,,,n,,,f,f,,d,a
e,9.02,x,s,w,f,s,c,w,6.03,27.21,,,w,,,f,f,,m,u
p,9.59,x,,n,f,x,c,n,8.41,11.82,,,w,,,t,,,d,a
e,9.13,o,,n,f,,,w,5.74,28.29,,,n,,,f,f,,d,a
p,11.26,f,s,n,f,s,c,y,7.33,16.37,,i,n,,,f,f,,d,a
p,1.45,o,t,n,f,,c,n,1.89,2.42,,,n,,,f,f,,d,s
p,5.23,x,,e,f,,c,y,3.59,12.7,,,y,,,f,f,,d,a
e,9.38,f,s,e,f,d,d,w,9.47,14.68,,i,n,,,t,,w,d,a
p,5.25,x,g,o,f,d,d,n,6.05,7.32,,s,n,,,f,f,,d,s
e,7.29,x,t,n,f,p,,y,5.62,13.7,,,n,,,f,f,,d,a
p,1.64,x,w,n,f,a,,y,5.29,2.54,,t,y,,,f,f,,g,u
e,7.21,p,y,n,f,e,c,w,5.62,13.29,,,w,,w,t,e,,m,a
p,4.36,f,s,y,f,s,c,w,4.8,7.05,,i,w,,,f,f,,d,a
p,3.27,o,,g,f,f,f,f,4.63,15.3,,g,n,,,f,f,,d,a
p,6.67,x,y,y,f,a,c,n,9.19,9.23,,y,n,,,t,,,d,a
e,6.03,x,h,n,f,a,d,w,5.96,5.82,,t,n,,,t,l,,d,a
e,6.1,x,,y,f,,c,w,7.14,10.47,,,w,,,f,f,,d,a
e,4.67,s,,n,f,d,c,w,5.38,8.16,,s,w,,,f,f,,l,u
p,7.17,f,d,y,t,d,c,y,7.02,8.45,,,n,,,f,f,,d,u
p,4.38,b,t,y,f,a,c,y,8.04,7.86,,,w,,,t,,k,g,a
p,6.03,x,s,n,f,s,c,n,6.73,8.07,,y,n,,,f,f,,d,a
p,7.19,x,,u,f,a,,w,6.0,9.58,,,w,,,f,f,,d,a
e,5.4,b,h,k,f,s,d,g,5.74,9.52,,s,g,,,f,f,,d,a
e,4.35,x,,u,f,a,,w,4.56,7.86,,,w,,,f,f,,d,u
p,5.46,x,t,y,f,a,c,y,5.93,7.37,,g,o,,,f,f,,g,u
e,3.6,b,g,w,f,x,d,w,5.12,2.85,,,w,,,f,f,,g,a
e,8.63,x,y,n,f,e,,w,10.22,14.54,,,n,,,t,,,d,a
e,6.35,f,s,n,f,s,c,w,5.73,7.36,b,i,w,,,f,f,,d,w
p,1.97,f,h,n,f,,,y,7.2,3.45,,,y,,,f,f,,g,a
e,7.09,x,y,w,f,,,w,7.38,25.36,b,,w,,w,t,e,,g,u
p,8.13,f,y,y,f,s,c,y,6.54,15.07,,y,u,,,f,f,,d,u
p,4.8,x,,g,f,f,f,f,7.85,24.72,,,n,,,f,f,,l,a
p,1.49,x,,n,f,,,n,4.74,2.42,,s,n,,,f,f,k,g,a
e,6.81,x,t,y,t,p,,y,7.19,14.99,,,y,,,f,f,,d,a
e,11.07,x,s,u,f,a,c,w,7.41,19.39,,,w,,,f,f,,d,a
e,11.82,x,e,n,t,p,,o,10.19,33.07,,,e,,,f,f,,d,a
p,3.96,o,s,n,f,f,f,f,5.0,5.78,,,n,,,f,f,,d,a
e,18.55,x,t,n,f,p,,y,6.23,44.67,,,n,,,f,f,,d,a
p,6.03,x,y,n,f,,,w,6.9,24.72,s,,n,,,t,m,,m,a
p,6.03,x,s,n,f,s,,g,4.93,11.05,,y,n,,,f,f,,d,a
e,7.5,x,s,u,f,a,,w,4.96,14.48,,,w,,,f,f,,d,a
p,6.35,x,,e,t,d,c,y,6.65,9.62,,,n,,,f,f,,d,a
p,2.64,b,,g,f,a,,k,9.18,2.4,,,w,,w,f,f,k,g,w
p,2.16,x,g,n,f,a,,w,5.34,2.59,,,n,,,f,f,,d,a
e,11.1,f,,g,f,d,c,w,2.92,17.65,,,w,,,f,f,,l,u
p,2.98,s,d,o,f,d,c,y,6.03,5.87,,,y,,,f,f,,d,u
e,7.8,x,t,n,f,p,,y,8.39,15.78,,,y,,y,t,,,d,u
p,2.46,x,g,e,f,a,,p,6.11,2.58,,,w,,,f,f,,d,a
p,5.37,f,,e,t,d,c,w,6.07,6.7,,,e,,,f,f,,d,u
p,2.95,x,,p,f,a,,w,4.94,6.21,,,w,,,f,f,,d,a
e,6.73,f,y,n,f,x,c,w,6.23,9.03,,s,w,,,f,f,,l,a
p,5.47,o,,n,f,f,f,f,6.37,24.62,,g,n,,,f,f,,d,a
e,3.87,x,t,n,f,a,,o,5.03,6.02,,t,o,,,f,f,,d,w
p,12.23,f,h,n,f,e,,w,11.08,16.82,,,w,u,w,t,p,,d,w
e,6.76,x,s,n,f,e,c,w,9.08,12.68,,t,w,,,f,f,,d,s
e,5.92,x,,e,f,a,c,o,4.46,11.78,,,e,,,f,f,,d,u
e,4.05,x,h,n,f,,c,n,7.25,7.54,,,w,,w,f,f,k,d,a
e,5.47,s,,w,t,d,c,p,3.41,8.19,,,w,,,f,f,,d,u
e,6.2,f,s,n,f,s,c,y,5.76,8.69,b,i,w,,,f,f,,d,a
e,9.17,x,t,n,t,p,,y,11.11,23.96,,,n,,,f,f,,d,a
p,12.19,s,t,n,t,d,c,n,6.94,13.08,,,n,,,f,f,,h,a
p,5.32,s,,w,f,d,c,w,4.97,7.06,,,w,,,f,f,,d,a
e,7.72,x,,n,f,e,c,w,12.29,11.91,,y,w,,,f,f,,d,w
p,0.67,f,g,o,f,,,y,3.28,0.92,,,y,,,f,f,,d,w
e,9.0,x,,y,f,s,d,y,7.33,18.09,,,w,,,f,f,,d,u
p,3.3,x,t,n,f,a,c,p,4.85,6.14,,y,n,,,t,z,,d,u
p,8.86,f,k,n,f,d,,y,7.22,10.22,,i,y,,,t,,,d,a
p,6.71,c,k,w,f,x,c,r,7.05,12.94,,,w,,,f,f,,d,u
p,1.83,b,g,o,f,,c,n,6.08,2.44,,,n,,,f,f,,d,u
e,3.7,x,,y,f,f,f,f,7.4,8.09,,,y,,,f,f,,d,a
p,2.83,x,,w,f,a,c,p,6.38,3.3,,i,w,,,f,f,,p,u
p,3.91,x,k,n,f,s,,p,3.93,4.42,,,n,,,f,f,p,g,a
e,8.59,f,t,n,t,d,,n,4.73,11.78,,t,n,,,f,f,,d,u
p,7.41,x,s,n,f,s,,y,5.58,12.7,,i,n,,,f,f,,d,a
p,1.5,b,,n,f,a,,n,5.25,2.54,,,g,,w,f,f,,g,u
e,1.52,x,g,w,f,a,d,w,3.94,1.37,,,w,,,f,f,,d,s
p,6.13,s,d,y,f,d,c,y,3.88,6.21,,,o,,,f,f,,h,a
e,7.88,x,,y,f,e,,w,7.22,15.98,b,,y,u,w,t,g,,d,u
e,1.63,x,g,g,f,a,,g,4.94,1.74,,,w,,,f,f,,d,w
p,7.64,b,y,n,f,,,p,6.17,16.26,,,w,,,f,f,,d,a
p,5.79,f,,y,f,x,c,y,5.78,14.76,,,y,,,f,f,,d,a
e,4.09,x,t,o,f,d,c,o,7.22,7.11,,,w,,,f,f,,d,a
e,4.24,x,y,n,f,e,c,n,4.72,3.72,,k,n,,,f,f,,d,s
e,10.06,o,,n,f,,,w,8.21,24.43,,,n,,,f,f,,d,u
e,2.83,x,t,n,f,a,,o,6.1,6.1,,t,w,,,f,f,,d,a
p,4.09,x,,w,t,d,,w,6.0,12.28,,,w,,,t,f,,d,u
p,8.2,s,,y,t,d,,o,5.08,12.43,,,w,,,t,f,,d,u
e,1.07,x,g,w,f,a,d,w,4.32,1.69,,,w,,,f,f,,g,a
e,2.78,f,w,g,f,,d,g,4.76,2.67,,,w,,,f,f,,d,u
p,4.22,f,,e,f,x,,w,5.88,6.04,,,w,,,f,f,,d,a
p,7.0,x,k,n,f,d,c,n,7.0,10.39,,i,n,,,t,,,d,a
p,6.1,s,d,y,t,d,c,y,6.27,8.31,,,e,,,f,f,,d,u
e,9.11,x,t,n,f,a,c,w,6.07,34.33,,,w,,,f,f,,d,a
p,8.91,p,y,w,f,,,k,14.05,17.47,,,w,,,f,f,,d,u
e,8.68,s,t,n,t,d,c,o,6.6,19.37,,,w,,,f,f,,d,a
e,7.26,x,d,n,f,p,,y,7.09,12.03,,,w,,,f,f,,d,a
p,6.09,s,t,n,t,d,c,n,5.63,12.53,,,n,,,f,f,,h,u
p,4.08,f,,u,f,a,,w,5.96,8.09,,,w,,,f,f,,d,a
p,1.48,b,k,n,f,,,n,3.87,1.5,,,n,,,f,f,,d,a
p,4.09,s,d,o,f,d,c,y,3.77,5.65,,,o,,,f,f,,h,a
e,6.7,x,y,n,f,e,,p,4.84,7.82,,,n,,,f,f,,d,a
p,5.33,s,y,n,f,,,w,7.16,6.8,,,w,,,f,f,,d,a
e,14.09,x,,n,t,d,c,w,9.05,28.82,,,w,,,f,f,,d,u
p,5.72,x,h,y,f,x,c,y,5.7,13.0,,,y,,,f,f,,d,a
e,1.67,b,g,g,f,a,,g,5.05,2.68,,,w,,,f,f,,d,u
p,4.34,x,s,n,f,s,,y,5.24,6.12,,,y,,,f,f,,d,a
e,1.79,x,g,n,f,a,,w,5.24,2.47,,t,y,,,f,f,,d,a
e,7.66,x,d,y,t,p,,y,8.62,16.6,,,y,,,f,f,,d,a
e,12.01,x,e,n,f,e,c,w,9.31,17.95,,,w,,,t,,,d,u
e,11.17,x,e,y,f,x,c,w,8.16,23.64,,,w,,,f,f,,d,a
p,1.68,b,,k,f,a,,k,6.01,2.56,,,g,,,f,f,k,g,u
p,3.51,c,k,u,f,a,c,n,5.48,6.6,,i,w,,,f,f,,d,a
e,2.54,b,w,u,f,a,d,u,6.11,4.33,,,w,,,f,f,,d,a
p,2.47,p,y,w,f,,c,k,7.28,2.65,,,w,,,t,f,,m,w
e,8.56,f,,b,f,s,c,b,4.93,19.01,,,b,,,f,f,,d,u
e,7.34,x,t,n,f,p,,n,6.21,12.53,,,n,,,f,f,,d,u
p,2.34,s,d,y,f,a,d,w,4.47,2.56,,h,y,,,f,f,,d,a
p,7.87,s,t,p,f,s,c,p,7.22,18.01,,,p,,,f,f,,d,u
p,2.96,f,s,y,f,f,f,f,3.6,6.69,,,y,,,f,f,,d,u
e,10.51,x,y,n,f,,,w,7.48,23.44,b,,w,,,t,e,,g,u
p,5.25,b,h,g,f,,,w,8.35,12.15,,s,w,,,t,z,,d,s
p,2.69,f,d,n,f,x,c,w,5.05,3.43,,s,w,,,f,f,,d,u
p,2.55,c,k,n,f,,c,n,7.03,2.96,,,y,,,f,f,,g,a
e,2.81,x,s,o,f,a,c,e,7.11,6.13,,,o,,,f,f,,m,s
p,5.41,f,w,e,f,x,,w,16.26,6.25,,g,n,,,f,f,,d,a
p,3.88,s,s,n,f,d,c,w,4.92,7.46,,,w,,,f,f,,g,a
p,9.0,x,y,w,f,,,p,9.04,13.74,s,,w,,,t,l,,g,u
e,6.5,x,t,n,f,p,d,y,7.49,11.81,,,n,,,f,f,,d,a
p,1.54,x,,n,f,,,n,5.09,2.45,,s,n,,,f,f,k,g,a
p,6.45,x,,n,f,a,c,w,4.61,13.34,,,y,,,f,f,,d,a
p,7.04,x,d,y,t,p,,r,5.82,13.2,,,y,,,f,f,,d,u
p,3.18,f,,n,f,x,c,p,4.98,3.34,,,p,,,f,f,,l,a
e,6.15,f,,y,f,a,,w,5.78,14.62,,,w,,,f,f,,d,a
p,1.47,x,,n,f,,,k,5.13,2.53,,s,n,,,f,f,k,g,a
e,5.8,x,s,k,f,s,c,w,6.4,33.23,,,w,,,f,f,,d,w
e,8.26,x,y,w,f,,,w,21.06,18.76,s,,n,,,t,m,,m,a
p,0.65,x,g,y,f,,,y,3.66,0.63,,,y,,,f,f,,d,a
p,8.21,b,t,w,f,e,c,w,12.75,14.51,,y,w,u,w,t,l,,d,a
e,1.14,p,t,n,f,a,c,w,4.63,2.42,,t,w,,,f,f,,m,u
e,9.13,x,t,n,t,d,c,w,5.87,15.05,,,w,,,f,f,,d,u
p,3.0,o,,k,f,f,f,f,3.81,12.39,,g,g,,,f,f,,d,u
p,4.74,x,h,n,f,x,c,n,5.24,6.85,,,w,,,f,f,,d,a
e,8.33,x,,y,f,a,c,w,3.4,13.07,,,w,,,f,f,,d,a
p,0.96,b,t,y,f,,c,g,4.94,2.58,,,n,,,t,f,,d,a
p,9.01,x,s,r,t,s,d,w,5.74,14.37,r,i,w,,,f,f,,d,a
e,9.81,x,s,n,f,p,,n,9.54,12.82,,,n,,,f,f,,d,a
p,3.8,f,,w,f,x,c,p,5.65,3.25,,,p,,,f,f,,l,a
p,6.43,s,w,n,t,d,c,w,4.61,6.33,,,n,,,f,f,,d,a
p,0.83,x,g,p,f,a,,n,3.95,1.03,,h,k,,,f,f,,d,u
p,3.4,x,d,u,t,d,c,p,4.96,6.26,,,n,,,f,f,,d,u
p,6.7,x,,y,f,s,d,y,4.7,13.27,,i,y,,,f,f,,d,a
p,15.68,s,d,n,f,d,c,y,5.28,35.31,,k,k,,,f,f,,d,u
p,1.16,o,,n,f,,,w,3.86,1.4,,,n,,,f,f,,d,s
e,7.78,x,,y,f,a,c,y,6.22,14.29,,,w,,,f,f,,d,a
p,5.56,s,,w,t,,,o,4.91,12.52,,,w,,,f,f,,d,u
p,7.82,s,t,y,f,x,c,y,5.69,11.86,,,y,,,f,f,,d,a
e,3.6,x,d,o,f,p,,y,7.24,10.32,,,e,,,f,f,,d,a
p,0.93,x,k,n,f,,,n,2.95,1.49,,,n,,,f,f,,d,a
p,4.4,x,h,o,f,a,c,y,6.31,5.56,,g,o,,,f,f,,g,u
p,4.47,c,k,y,t,x,c,y,4.81,11.74,,,w,,,f,f,,d,u
e,3.48,x,y,n,f,e,c,p,6.21,3.47,,,n,,,f,f,p,d,a
p,9.29,x,t,n,f,x,d,w,9.36,24.7,,,p,,,f,f,,d,a
p,8.11,o,,y,f,,,o,5.73,13.13,,,y,,,f,f,,d,a
p,8.21,x,d,n,t,p,,y,7.0,12.63,,,y,,,f,f,,d,a
e,2.92,f,y,n,f,d,d,p,5.25,3.47,,i,n,,,f,f,,d,a
p,1.22,s,s,y,f,f,f,f,2.85,4.38,,,y,,,f,f,,d,u
e,4.06,x,d,y,f,p,,y,5.55,10.23,,,y,,,f,f,,d,a
p,1.23,f,s,y,f,f,f,f,4.73,5.48,,,y,,,f,f,,d,u
p,2.78,b,g,n,f,,c,n,6.09,3.47,,,n,,,f,f,,d,a
p,3.12,f,,u,f,a,c,w,6.32,4.51,,,w,,,f,f,,d,u
p,3.93,b,t,n,f,,,k,10.34,6.33,,,w,,,t,,k,g,u
p,5.53,s,,n,t,d,c,w,4.84,6.66,,,e,,,f,f,,d,u
e,6.92,x,h,y,f,p,,y,7.36,14.34,,,y,,,f,f,,d,a
p,5.46,s,d,n,t,d,c,n,6.2,6.0,,,n,,,f,f,,l,a
p,4.23,f,,n,f,d,c,y,5.63,3.43,b,s,n,,,f,f,,l,u
p,6.54,x,y,y,f,a,c,y,7.19,9.96,,y,y,,,f,f,,d,a
e,4.32,x,y,n,f,e,c,p,4.54,11.91,,,n,,,f,f,,d,u
e,9.25,x,e,n,f,a,,w,7.43,22.85,s,,w,,,f,f,,d,a
e,4.11,f,,n,f,f,f,f,5.73,20.17,,,n,,,f,f,,d,s
e,6.18,x,k,y,f,x,c,w,5.81,15.43,,,w,,,f,f,,d,u
e,7.63,p,y,p,f,e,,g,4.56,13.62,,,w,,,t,r,,m,u
e,3.48,x,g,w,f,a,d,w,6.09,3.74,,,n,,,f,f,,g,a
p,5.33,f,,n,f,d,c,y,5.63,9.29,b,,w,,,f,f,,l,a
p,3.56,f,g,n,f,a,c,n,5.24,3.29,,k,k,,,f,f,,d,a
e,48.75,o,y,y,f,p,,y,6.71,31.34,,k,k,,,f,f,,d,s
p,6.04,f,k,y,f,p,,n,3.81,5.84,,k,n,,,t,f,,d,u
p,3.33,b,y,n,f,,c,u,5.19,4.42,s,s,w,,,f,f,,d,w
p,7.51,f,,n,f,d,c,w,7.1,10.98,b,,w,,,f,f,,d,u
p,5.74,x,t,n,f,x,c,w,6.59,9.73,,s,n,,,f,f,,d,w
e,8.03,x,t,n,f,a,d,y,9.09,12.53,,s,n,,,f,f,,g,u
p,5.15,p,s,y,f,e,,w,8.46,8.5,,,y,u,w,t,z,,d,a
e,7.68,x,e,n,f,a,c,w,7.88,18.3,s,,w,,,f,f,,d,a
p,4.35,s,k,y,f,p,,n,3.77,5.92,,,n,,,f,f,,d,a
p,1.35,x,,n,f,,,n,4.93,1.43,,s,n,,,f,f,k,g,a
p,4.6,b,y,n,f,,c,w,4.43,4.3,s,s,w,,,f,f,,d,a
p,1.64,x,g,n,f,a,d,w,2.89,1.56,,,n,,,f,f,,l,u
e,5.04,c,,n,f,f,f,f,5.92,19.43,,,n,,,f,f,,l,u
p,5.9,x,t,y,f,x,c,r,5.5,12.44,,,y,,,f,f,,d,a
e,9.13,f,e,n,f,a,c,w,9.95,20.91,s,,w,,,f,f,,d,a
e,10.21,s,,n,f,,,y,2.79,20.25,,,n,,,f,f,,d,a
p,8.37,s,t,p,t,d,c,p,7.1,10.32,,,p,,,t,f,,d,u
p,12.2,x,t,n,f,p,,n,5.58,38.02,,,n,,,f,f,,d,a
p,3.4,s,w,o,f,,c,n,4.75,5.93,,,n,,,f,f,,d,u
e,5.22,x,h,n,f,a,c,w,6.19,6.83,,y,n,,,t,r,,d,u
p,4.45,f,d,n,f,d,c,y,6.27,6.93,,i,n,,,t,,,d,u
p,4.16,x,,n,f,,c,r,5.3,12.3,,,y,,,f,f,,d,u
p,3.65,x,y,o,f,d,,o,2.72,5.48,,,o,,,f,f,,m,a
e,2.99,b,y,n,f,,c,n,6.49,3.41,,,w,,,f,f,,d,w
e,8.01,x,s,w,f,s,c,w,5.99,28.25,,,w,,,f,f,,m,s
e,9.25,x,t,y,t,p,,y,7.33,13.25,,,w,,,f,f,,d,a
e,6.38,x,y,n,f,e,c,p,3.94,12.23,,y,n,,,t,l,,d,u
p,7.27,x,t,o,f,a,c,w,6.23,8.67,,g,w,,,f,f,,g,u
p,3.31,x,,e,f,x,,w,4.4,3.05,,,w,,,f,f,,d,a
p,8.27,x,t,e,f,x,d,w,5.85,17.01,,,w,,,f,f,,d,a
e,8.12,x,,y,f,a,c,w,7.19,13.69,,,w,,,f,f,,d,u
e,1.49,x,g,o,f,,,n,5.43,2.36,,,w,,,f,f,,d,w
p,8.37,x,h,n,f,s,,n,9.33,12.06,,t,n,,,f,f,,d,a
e,12.62,x,y,n,t,e,,w,10.73,12.23,,,w,,,t,,,g,a
p,9.59,x,e,e,f,a,,w,7.0,10.25,,,y,,w,t,z,,d,u
e,3.17,s,d,n,t,d,c,g,4.78,6.63,,,n,,,f,f,,d,u
p,7.61,x,,p,f,,c,w,6.46,10.48,,,y,,,f,f,,d,a
p,8.4,s,d,e,t,d,c,w,5.63,9.76,,,n,,,f,f,,d,u
e,2.86,b,y,n,f,,c,w,6.1,3.27,,,w,,,f,f,,d,w
p,5.88,b,t,w,f,s,c,w,13.21,12.48,,y,w,,,t,e,,d,a
e,5.93,s,,w,f,d,c,w,3.96,8.17,,,w,,,f,f,,d,u
p,2.07,b,g,n,f,a,,w,5.05,2.69,,,y,,,f,f,,d,a
p,9.29,x,y,n,f,p,,w,12.22,29.73,,y,w,,,f,f,,d,u
e,4.6,s,,n,f,d,c,w,4.82,6.57,,s,w,,,f,f,,d,u
p,1.43,x,d,w,f,d,d,p,4.58,2.59,,,w,,,f,f,,d,u
p,7.92,b,t,w,f,e,c,w,13.06,13.71,,y,w,u,w,t,l,,d,w
e,2.09,b,y,n,f,d,c,p,6.18,2.26,,,w,,,f,f,,d,u
e,4.28,f,l,n,f,x,d,e,5.56,4.82,,,n,,,f,f,,l,a
p,6.04,s,d,n,t,d,c,w,4.68,8.35,,,n,,,f,f,,d,u
p,3.17,s,d,n,t,d,c,b,4.95,5.19,,,e,,,f,f,,d,a
p,3.87,b,y,n,f,,c,u,6.31,6.38,,s,w,,,f,f,,d,u
p,4.21,x,i,e,f,,,e,4.73,5.55,,,e,,,f,f,n,d,a
e,5.53,x,t,n,f,d,d,o,5.84,13.16,,,w,,,f,f,,d,w
p,4.16,f,,n,f,x,,w,4.24,6.43,,,n,,,f,f,,d,u
e,10.59,o,,n,f,,,w,4.93,22.46,,,n,,,f,f,,d,w
e,4.12,x,t,n,f,d,,o,7.01,6.86,,t,o,,,f,f,,d,a
e,6.67,b,y,n,f,e,c,w,6.43,13.09,,,w,,,f,f,,d,u
